doc_id,feature,target_kind,window,position,mode,dose,method,status,admissible,edit_norm,norm_P_delta,norm_1_component,raw_target_change,canonical_target_change,raw_target_err_rel,canonical_target_err_rel,raw_drift_orig_active_rel,canonical_drift_orig_active_rel,raw_drift_newly_active_rel,canonical_drift_newly_active_rel,raw_drift_all_nontarget_rel,canonical_drift_all_nontarget_rel,raw_n_newly_active,canonical_n_newly_active,stored_row_found
test:1a72b2efdfa32abe,2360,active,3,76,equal_norm,0.025,decoder,OK,1,2.5376777045692283,2.5376777045692283,3.064132581806436e-17,1.9988006949911883,1.9988006949911838,0.21235047150448627,0.21235047150448802,0.5960380210894296,0.5960380210894296,0.14933663257357596,0.14933663257357505,0.6144613514393062,0.614461351439306,9.0,9.0,1
test:1a72b2efdfa32abe,2360,active,3,76,equal_norm,0.025,encoder_grad,OK,1,2.5376777045692283,2.5376777045692283,2.6923444854229665e-16,3.7912771537891246,3.7912771537891246,0.4939947089577042,0.4939947089577042,1.2725925447517523,1.2725925447517508,0.4703189963364331,0.4703189963364323,1.3567209526179842,1.3567209526179824,19.0,19.0,1
test:1a72b2efdfa32abe,2360,active,3,76,equal_norm,0.025,jacobian_ln,OK,1,2.5376777045692283,2.5376777045692283,2.624083963783238e-16,3.3320988269991645,3.332098826999161,0.31305040895931674,0.3130504089593153,2.835210582863334e-14,2.845051517468563e-14,0.07252112765287345,0.07252112765287283,0.07252112765287345,0.07252112765287283,5.0,5.0,1
test:1a72b2efdfa32abe,2360,active,3,76,equal_norm,0.025,random,OK,1,2.5376777045692283,2.5376777045692283,2.088320866521878e-18,0.0766784036641468,0.0766784036641468,0.9697840266699926,0.9697840266699926,0.46229195485814084,0.46229195485814034,0.18098289679077412,0.18098289679077365,0.4964561012389125,0.4964561012389119,6.0,6.0,1
test:1a72b2efdfa32abe,2360,active,3,76,equal_norm,0.025,mean_only,OK,0,2.537677704569228,0.0,2.537677704569228,5.054934808347788,1.7763568394002505e-15,0.9919529887837305,0.9999999999999993,16.64186514722401,1.8848100365185502e-14,19.199753833361008,0.0,25.40831011382004,1.8848100365185502e-14,543.0,0.0,1
test:1a72b2efdfa32abe,2360,active,3,76,equal_norm,0.05,decoder,OK,1,5.0753554091384565,5.0753554091384565,6.128265163612872e-17,3.9976013899823535,3.9976013899823517,0.21235047150449082,0.21235047150449118,0.5960380210894284,0.5960380210894287,0.23736464828499337,0.23736464828499337,0.6415631682380626,0.6415631682380628,14.0,14.0,1
test:1a72b2efdfa32abe,2360,active,3,76,equal_norm,0.05,encoder_grad,OK,1,5.0753554091384565,5.0753554091384565,5.384688970845933e-16,7.582554307578253,7.582554307578253,0.4939947089577049,0.4939947089577049,1.2725925447517499,1.2725925447517492,0.6449237660100724,0.6449237660100721,1.4266809205012692,1.4266809205012687,33.0,33.0,1
test:1a72b2efdfa32abe,2360,active,3,76,equal_norm,0.05,jacobian_ln,OK,1,5.0753554091384565,5.0753554091384565,5.248167927566476e-16,6.664197653998338,6.664197653998338,0.31305040895931846,0.31305040895931846,1.254234419907793e-14,1.2412072626475758e-14,0.11471698433011406,0.11471698433011386,0.11471698433011406,0.11471698433011386,9.0,9.0,1
test:1a72b2efdfa32abe,2360,active,3,76,equal_norm,0.05,random,OK,1,5.0753554091384565,5.0753554091384565,4.176641733043756e-18,0.15335680732826962,0.15335680732826873,0.9697840266699974,0.9697840266699975,0.44687608718660093,0.4468760871866004,0.20973313594084897,0.20973313594084694,0.49364585039356834,0.49364585039356695,8.0,8.0,1
test:1a72b2efdfa32abe,2360,active,3,76,equal_norm,0.05,mean_only,OK,0,5.075355409138456,0.0,5.075355409138456,10.10986961669557,0.0,0.9919529887837295,1.0,16.64186514722401,1.2143246476408004e-14,38.099602091149926,0.0,41.575610098738714,1.2143246476408004e-14,3526.0,0.0,1
test:1a72b2efdfa32abe,2360,active,3,76,equal_norm,0.1,decoder,OK,1,10.150710818276913,10.150710818276913,1.2256530327225745e-16,7.995202779964705,7.995202779964707,0.212350471504491,0.21235047150449082,0.5955720527755627,0.5955720527755626,0.3522704396983773,0.35227043969837724,0.6919541406282541,0.691954140628254,20.0,20.0,1
test:1a72b2efdfa32abe,2360,active,3,76,equal_norm,0.1,encoder_grad,OK,1,10.150710818276913,10.150710818276913,1.0769377941691866e-15,15.165108615156473,15.165108615156473,0.49399470895770176,0.49399470895770176,1.2725925447517505,1.2725925447517508,0.9197719956760261,0.9197719956760261,1.570182253430345,1.5701822534303451,83.0,83.0,1
test:1a72b2efdfa32abe,2360,active,3,76,equal_norm,0.1,jacobian_ln,OK,1,10.150710818276913,10.150710818276913,1.0496335855132952e-15,13.32839530799665,13.328395307996647,0.313050408959316,0.3130504089593157,6.919105852378689e-15,8.226868722650586e-15,0.16487329666561923,0.16487329666561829,0.16487329666561923,0.16487329666561829,18.0,18.0,1
test:1a72b2efdfa32abe,2360,active,3,76,equal_norm,0.1,random,OK,1,10.150710818276913,10.150710818276913,8.353283466087512e-18,0.30671361465656677,0.3067136146565641,0.9697840266699947,0.969784026669995,0.4284243953232422,0.4284243953232421,0.2361786287476026,0.2361786287476027,0.48921141358842357,0.4892114135884235,13.0,13.0,1
test:1a72b2efdfa32abe,2360,active,3,76,equal_norm,0.1,mean_only,OK,0,10.150710818276911,0.0,10.150710818276911,20.219739233391135,0.0,0.9919529887837288,1.0,16.64186514722401,5.7417909326123385e-15,97.81997671304248,0.0,99.22549833444306,5.7417909326123385e-15,20248.0,0.0,1
test:1a72b2efdfa32abe,2360,active,3,76,equal_norm,0.2,decoder,OK,1,20.301421636553826,20.301421636553826,2.451306065445149e-16,15.990405559929382,15.990405559929371,0.2123504715044924,0.21235047150449293,0.5935975893666733,0.5935975893666724,0.4750465205664573,0.47504652056645597,0.7602810630314445,0.7602810630314428,47.0,47.0,1
test:1a72b2efdfa32abe,2360,active,3,76,equal_norm,0.2,encoder_grad,OK,1,20.301421636553826,20.301421636553826,2.153875588338373e-15,30.33021723031293,30.33021723031293,0.49399470895770087,0.49399470895770087,1.2725925447517517,1.272592544751752,1.373709018269076,1.3737090182690763,1.872583309717228,1.8725833097172284,275.0,275.0,1
test:1a72b2efdfa32abe,2360,active,3,76,equal_norm,0.2,jacobian_ln,OK,1,20.301421636553826,20.301421636553826,2.0992671710265905e-15,26.656790615993305,26.656790615993305,0.3130504089593162,0.3130504089593162,4.536027558788467e-15,4.558208667983489e-15,0.25030205486699303,0.25030205486699314,0.25030205486699303,0.25030205486699314,33.0,33.0,1
test:1a72b2efdfa32abe,2360,active,3,76,equal_norm,0.2,random,OK,1,20.301421636553826,20.301421636553826,1.6706566932175024e-17,0.6134272293131087,0.6134272293131087,0.9697840266699957,0.9697840266699957,0.40751034994828644,0.40751034994828633,0.27265010185204325,0.27265010185204325,0.49030884486709436,0.4903088448670943,27.0,27.0,1
test:1a72b2efdfa32abe,2360,active,3,76,equal_norm,0.2,mean_only,OK,0,20.301421636553822,0.0,20.301421636553822,40.43947846678226,-3.552713678800501e-15,0.9919529887837284,1.0000000000000002,16.64186514722401,3.4229728391698237e-15,188.22205539173447,0.0,188.9563277889035,3.4229728391698237e-15,24494.0,0.0,1
test:1a72b2efdfa32abe,2360,active,3,76,target_matched,2xq99,decoder,OK,1,23.734302193195962,23.734302193195962,4.181792515991392e-17,18.694312376024783,18.69431237602478,3.601585260538875e-08,3.601585279543123e-08,0.7529875388467516,0.7529875388467505,0.6474843768943868,0.6474843768943853,0.9930892467350558,0.9930892467350539,54.0,54.0,1
test:1a72b2efdfa32abe,2360,active,3,76,target_matched,2xq99,encoder_grad,OK,1,12.512970641430824,12.512970641430824,1.0629305264769685e-15,18.69431237602477,18.694312376024765,3.601585336555868e-08,3.601585355560116e-08,0.851805224803026,0.8518052248030253,0.6889935868681953,0.6889935868681949,1.095574873638144,1.095574873638143,105.0,105.0,1
test:1a72b2efdfa32abe,2360,active,3,76,target_matched,2xq99,jacobian_ln,OK,,14.23731473223277,14.23731473223277,1.1034368630971192e-15,18.69431237602478,18.69431237602478,3.601585279543123e-08,3.601585279543123e-08,5.415143388227576e-15,4.9583936541959076e-15,0.1514950290172803,0.1514950290172805,0.1514950290172803,0.1514950290172805,25.0,25.0,1
test:1a72b2efdfa32abe,2360,active,3,76,target_matched,2xq99,mean_only,OK,0,9.384916228899208,1.538370149106851e-15,9.38491622889921,18.694312376024744,3.552713678800501e-15,3.6015854695856065e-08,0.9999999999999998,8.354546839990649,3.189392079017746e-15,44.11946457561731,0.0,44.90351442081954,3.189392079017746e-15,18222.0,0.0,1
test:1a72b2efdfa32abe,2360,active,3,76,target_matched,2xq99,decoder_calib_rescaled,OK_UNMATCHED,1,23.734302193195962,23.734302193195962,4.181792515991392e-17,18.694312376024783,18.69431237602478,3.601585260538875e-08,3.601585279543123e-08,0.7529875388467516,0.7529875388467505,0.6474843768943868,0.6474843768943853,0.9930892467350558,0.9930892467350539,54.0,54.0,1
test:1a72b2efdfa32abe,2360,active,3,76,target_matched,2xq99,decoder_plain,OK_UNMATCHED,1,18.649718236588416,18.649718236588416,4.779330550785047e-17,14.689442124806902,14.689442124806899,0.21422937092924899,0.21422937092924918,0.5923059895245938,0.5923059895245927,0.4567415306263638,0.4567415306263624,0.7479566906082342,0.7479566906082324,42.0,42.0,1
test:1a72b2efdfa32abe,2360,active,3,76,target_matched,q50,decoder,OK,1,2.481244260385416,2.481244260385416,6.843130480755597e-18,1.9543509182317997,1.9543509182317989,1.5402525591149105e-08,1.5402526045611196e-08,0.7567299799536923,0.7567299799536924,0.18599561215436908,0.18599561215436888,0.7792526100703121,0.7792526100703122,8.0,8.0,1
test:1a72b2efdfa32abe,2360,active,3,76,target_matched,q50,encoder_grad,OK,1,1.3081377464437136,1.3081377464437134,1.3655456077075626e-16,1.9543509182318175,1.9543509182318175,1.5402516501907272e-08,1.5402516501907272e-08,0.8518052423615723,0.8518052423615703,0.22084654308132895,0.22084654308132867,0.8799689576943213,0.8799689576943193,11.0,11.0,1
test:1a72b2efdfa32abe,2360,active,3,76,target_matched,q50,jacobian_ln,OK,,1.4884050592724167,1.4884050592724167,1.3064091816641073e-16,1.9543509182318122,1.9543509182318122,1.5402519228679822e-08,1.5402519228679822e-08,3.674591521615829e-14,3.694333701726875e-14,0.049678045276004515,0.049678045276004515,0.049678045276004515,0.049678045276004515,1.0,1.0,1
test:1a72b2efdfa32abe,2360,active,3,76,target_matched,q50,mean_only,OK,0,0.9811229897388647,1.9229626863835638e-16,0.9811229897388647,1.9543509182317989,-1.7763568394002505e-15,1.5402526045611196e-08,1.0000000000000009,8.354547012205657,3.441141066495455e-14,5.222934318084963,0.0,9.852791415136329,3.441141066495455e-14,95.0,0.0,1
test:1a72b2efdfa32abe,2360,active,3,76,target_matched,q50,decoder_calib_rescaled,OK_UNMATCHED,1,2.481244260385416,2.481244260385416,6.843130480755597e-18,1.9543509182317997,1.9543509182317989,1.5402525591149105e-08,1.5402526045611196e-08,0.7567299799536923,0.7567299799536924,0.18599561215436908,0.18599561215436888,0.7792526100703121,0.7792526100703122,8.0,8.0,1
test:1a72b2efdfa32abe,2360,active,3,76,target_matched,q50,decoder_plain,OK_UNMATCHED,1,1.94968893358095,1.94968893358095,8.038659519569821e-19,1.5356716057525341,1.5356716057525333,0.21422935473189594,0.21422935473189642,0.5946162138005147,0.5946162138005144,0.11778679065760377,0.11778679065760188,0.6061700832009755,0.6061700832009749,7.0,7.0,1
test:1a72b2efdfa32abe,2360,active,3,76,target_matched,q90,decoder,OK,1,6.968232188245506,6.968232188245506,7.359808400080195e-18,5.488524927987003,5.488524927986994,2.587063223938041e-09,2.5870616056919117e-09,0.75672999356695,0.7567299935669475,0.3633308914149745,0.3633308914149708,0.8394341068959709,0.8394341068959669,18.0,18.0,1
test:1a72b2efdfa32abe,2360,active,3,76,target_matched,q90,encoder_grad,OK,1,3.6737243877844215,3.6737243877844215,3.067469267248854e-16,5.488524927986992,5.488524927986994,2.5870612820426856e-09,2.5870616056919117e-09,0.8518052576851913,0.8518052576851903,0.36917988414026603,0.36917988414026554,0.9283673754898734,0.9283673754898722,29.0,29.0,1
test:1a72b2efdfa32abe,2360,active,3,76,target_matched,q90,jacobian_ln,OK,,4.179980265851974,4.179980265851974,2.8290737969806963e-16,5.488524927986994,5.488524927986994,2.5870616056919117e-09,2.5870616056919117e-09,1.0878139843547323e-14,1.1020030588576006e-14,0.07812456874952965,0.07812456874952983,0.07812456874952965,0.07812456874952983,7.0,7.0,1
test:1a72b2efdfa32abe,2360,active,3,76,target_matched,q90,mean_only,OK,0,2.755348559139458,7.691850745534255e-16,2.7553485591394566,5.488524927986987,1.7763568394002505e-15,2.5870603110950083e-09,0.9999999999999997,8.3545471625005,9.182502808897097e-15,10.322625157110945,0.0,13.279873810570074,9.182502808897097e-15,661.0,0.0,1
test:1a72b2efdfa32abe,2360,active,3,76,target_matched,q90,decoder_calib_rescaled,OK_UNMATCHED,1,6.968232188245508,6.968232188245508,7.162752671413741e-17,5.4885249279870045,5.488524927987003,2.5870635475872666e-09,2.587063223938041e-09,0.7567299935669503,0.7567299935669496,0.3633308914149744,0.3633308914149741,0.8394341068959709,0.8394341068959703,18.0,18.0,1
test:1a72b2efdfa32abe,2360,active,3,76,target_matched,q90,decoder_plain,OK_UNMATCHED,1,5.475432387271099,5.475432387271099,1.0912208394332996e-17,4.312721840661194,4.312721840661194,0.21422934059621151,0.21422934059621151,0.5946162244974182,0.5946162244974181,0.24669762382415414,0.2466976238241546,0.6437609587696725,0.6437609587696725,16.0,16.0,1
test:1a72b2efdfa32abe,2360,active,3,76,target_matched,q99,decoder,OK,1,11.867151096597981,11.867151096597981,2.090896257995696e-17,9.3471561880124,9.3471561880124,3.601585165517633e-08,3.601585165517633e-08,0.7552705482846841,0.7552705482846843,0.4816821253874649,0.48168212538746463,0.8957964450833865,0.8957964450833867,23.0,23.0,1
test:1a72b2efdfa32abe,2360,active,3,76,target_matched,q99,encoder_grad,OK,1,6.256485320715412,6.256485320715412,5.314652632384842e-16,9.347156188012393,9.347156188012397,3.601585241534627e-08,3.6015852035261296e-08,0.8518052248030253,0.8518052248030261,0.47775943325853987,0.4777594332585401,0.97664027004279,0.9766402700427907,44.0,44.0,1
test:1a72b2efdfa32abe,2360,active,3,76,target_matched,q99,jacobian_ln,OK,,7.118657366116385,7.118657366116385,5.517184315485596e-16,9.347156188012404,9.347156188012404,3.6015851275091365e-08,3.6015851275091365e-08,6.090512564971742e-15,5.983422788093648e-15,0.10544928270531306,0.10544928270531292,0.10544928270531306,0.10544928270531292,12.0,12.0,1
test:1a72b2efdfa32abe,2360,active,3,76,target_matched,q99,mean_only,OK,0,4.692458114449604,7.691850745534255e-16,4.692458114449605,9.347156188012384,-3.552713678800501e-15,3.601585336555868e-08,1.0000000000000004,8.354546839990649,8.560347355737189e-15,17.45043202408961,0.0,19.347248660441874,8.560347355737189e-15,2817.0,0.0,1
test:1a72b2efdfa32abe,2360,active,3,76,target_matched,q99,decoder_calib_rescaled,OK_UNMATCHED,1,11.867151096597981,11.867151096597981,2.090896257995696e-17,9.3471561880124,9.3471561880124,3.601585165517633e-08,3.601585165517633e-08,0.7552705482846841,0.7552705482846843,0.4816821253874649,0.48168212538746463,0.8957964450833865,0.8957964450833867,23.0,23.0,1
test:1a72b2efdfa32abe,2360,active,3,76,target_matched,q99,decoder_plain,OK_UNMATCHED,1,9.324859118294208,9.324859118294208,2.3896652753925234e-17,7.344721062403467,7.344721062403467,0.21422937092924726,0.21422937092924726,0.5946162015434979,0.5946162015434978,0.3363521851348754,0.3363521851348755,0.6831553407410523,0.6831553407410523,20.0,20.0,1
test:1a72b2efdfa32abe,2360,active,3,76,equal_norm,0.2,decoder_unprojected_diagnostic,DIAGNOSTIC,0,20.30142163655383,20.252232384987263,1.412375265150602,13.13827647062682,15.951661668204956,0.3528395994367426,0.21425890390381172,0.7836510327028807,0.5921626054300845,0.13029320890252893,0.47338710680256507,0.7944087495379248,0.7581239372006724,8.0,47.0,0
test:80ca63c824efbbb0,2360,inactive,0,89,equal_norm,0.025,decoder,OK,1,2.5376777045692283,2.5376777045692283,3.064132581806436e-17,0.0,0.0,1.0,1.0,0.3668874292500441,0.36688742925004625,0.029204019479964982,0.029204019479964944,0.3680479051638418,0.36804790516384395,2.0,2.0,1
test:80ca63c824efbbb0,2360,inactive,0,89,equal_norm,0.025,encoder_grad,OK,1,2.5376777045692283,2.5376777045692283,2.6923444854229665e-16,0.0,0.0,1.0,1.0,1.0090603875254893,1.009060387525493,0.26322118769883945,0.2632211876988402,1.0428270514935247,1.0428270514935285,24.0,24.0,1
test:80ca63c824efbbb0,2360,inactive,0,89,equal_norm,0.025,jacobian_ln,OK,1,2.537677704569228,2.537677704569228,1.3061447290142033e-16,0.0,0.0,1.0,1.0,1.8923412854770213e-14,1.858640306059725e-14,0.028081375154790342,0.02808137515479003,0.028081375154790342,0.02808137515479003,2.0,2.0,1
test:80ca63c824efbbb0,2360,inactive,0,89,equal_norm,0.025,random,OK,1,2.5376777045692283,2.5376777045692283,0.0,0.0,0.0,1.0,1.0,0.2545627468005147,0.2545627468005151,0.006643281742950657,0.0066432817429507825,0.25464941635695765,0.25464941635695815,2.0,2.0,1
test:80ca63c824efbbb0,2360,inactive,0,89,equal_norm,0.025,mean_only,OK,0,2.537677704569228,0.0,2.537677704569228,0.0,0.0,1.0,1.0,11.20426852177111,1.589438152854155e-14,14.705623191449826,0.0,18.487590068931592,1.589438152854155e-14,580.0,0.0,1
test:80ca63c824efbbb0,2360,inactive,0,89,equal_norm,0.05,decoder,OK,1,5.0753554091384565,5.0753554091384565,6.128265163612872e-17,0.0,0.0,1.0,1.0,0.35691399462067797,0.35691399462067896,0.03236583279191901,0.032365832791918736,0.35837849640903935,0.35837849640904024,4.0,4.0,1
test:80ca63c824efbbb0,2360,inactive,0,89,equal_norm,0.05,encoder_grad,OK,1,5.0753554091384565,5.0753554091384565,5.384688970845933e-16,0.0,0.0,1.0,1.0,1.009060387525491,1.0090603875254922,0.4030704820071621,0.40307048200716245,1.086585790049999,1.0865857900500002,37.0,37.0,1
test:80ca63c824efbbb0,2360,inactive,0,89,equal_norm,0.05,jacobian_ln,OK,1,5.075355409138456,5.075355409138456,2.6122894580284065e-16,0.0,0.0,1.0,1.0,1.1961297752465918e-14,1.1721655265478418e-14,0.04073421986011732,0.04073421986011762,0.04073421986011732,0.04073421986011762,4.0,4.0,1
test:80ca63c824efbbb0,2360,inactive,0,89,equal_norm,0.05,random,OK,1,5.0753554091384565,5.0753554091384565,0.0,0.0,0.0,1.0,1.0,0.25419215333766115,0.2541921533376607,0.022999769448755147,0.0229997694487548,0.25523056285079365,0.25523056285079315,5.0,5.0,1
test:80ca63c824efbbb0,2360,inactive,0,89,equal_norm,0.05,mean_only,OK,0,5.075355409138456,0.0,5.075355409138456,0.0,0.0,1.0,1.0,11.204268521771112,8.539409797011107e-15,34.42319482133559,0.0,36.200717877074986,8.539409797011107e-15,4193.0,0.0,1
test:80ca63c824efbbb0,2360,inactive,0,89,equal_norm,0.1,decoder,OK,1,10.150710818276913,10.150710818276913,1.2256530327225745e-16,0.0,0.0,1.0,1.0,0.32987853206165535,0.32987853206165535,0.05718321987598642,0.05718321987598657,0.33479809818835293,0.33479809818835293,7.0,7.0,1
test:80ca63c824efbbb0,2360,inactive,0,89,equal_norm,0.1,encoder_grad,OK,1,10.150710818276913,10.150710818276913,1.0769377941691866e-15,3.8055336192960763,3.805533619296077,0.6250968432691091,0.6250968432691091,1.0090603875254913,1.0090603875254922,0.6119361266275195,0.6119361266275203,1.1801138456712499,1.1801138456712508,97.0,97.0,1
test:80ca63c824efbbb0,2360,inactive,0,89,equal_norm,0.1,jacobian_ln,OK,1,10.150710818276911,10.150710818276911,5.224578916056813e-16,1.9832597189013983,1.9832597189013974,0.804618641269319,0.804618641269319,4.7640955852567705e-15,4.227467076338498e-15,0.07004988637794729,0.07004988637794762,0.07004988637794729,0.07004988637794762,16.0,16.0,1
test:80ca63c824efbbb0,2360,inactive,0,89,equal_norm,0.1,random,OK,1,10.150710818276913,10.150710818276913,0.0,0.0,0.0,1.0,1.0,0.2518193684346822,0.25181936843468194,0.04201206018223959,0.04201206018223941,0.2552998384637138,0.25529983846371346,10.0,10.0,1
test:80ca63c824efbbb0,2360,inactive,0,89,equal_norm,0.1,mean_only,OK,0,10.150710818276911,0.0,10.150710818276911,8.860164237530732,0.0,0.1271385634430826,1.0,11.20426852177111,4.314071278797943e-15,100.86822497730584,0.0,101.4885926751393,4.314071278797943e-15,21204.0,0.0,1
test:80ca63c824efbbb0,2360,inactive,0,89,equal_norm,0.2,decoder,OK,1,20.301421636553826,20.301421636553826,2.451306065445149e-16,4.630830564069003,4.630830564069003,0.771896247617897,0.771896247617897,0.2984057298267014,0.2984057298267015,0.11423732071086623,0.11423732071086623,0.31952487389341633,0.3195248738934164,18.0,18.0,1
test:80ca63c824efbbb0,2360,inactive,0,89,equal_norm,0.2,encoder_grad,OK,1,20.301421636553826,20.301421636553826,2.153875588338373e-15,18.970642234452534,18.970642234452534,0.06555106715570448,0.06555106715570448,1.0090603875254918,1.0090603875254924,1.0373390953423554,1.0373390953423562,1.4471611051983093,1.4471611051983102,320.0,320.0,1
test:80ca63c824efbbb0,2360,inactive,0,89,equal_norm,0.2,jacobian_ln,OK,1,20.301421636553822,20.301421636553822,1.0449157832113626e-15,15.32609443366318,15.326094433663183,0.24507286515591425,0.2450728651559141,4.0685895187541545e-15,3.7779944010255835e-15,0.14586429404427717,0.14586429404427737,0.14586429404427717,0.14586429404427737,40.0,40.0,1
test:80ca63c824efbbb0,2360,inactive,0,89,equal_norm,0.2,random,OK,1,20.301421636553826,20.301421636553826,0.0,0.0,0.0,1.0,1.0,0.24029025914881816,0.24029025914881838,0.09988885067530638,0.09988885067530649,0.2602252699701546,0.2602252699701549,19.0,19.0,1
test:80ca63c824efbbb0,2360,inactive,0,89,equal_norm,0.2,mean_only,OK,0,20.301421636553822,0.0,20.301421636553822,29.079903470921842,0.0,0.4324072126703219,1.0,11.20426852177111,2.3702939839995605e-15,192.35676150770502,0.0,192.68279458955345,2.3702939839995605e-15,24495.0,0.0,1
test:80ca63c824efbbb0,2360,inactive,0,89,target_matched,2xq99,decoder,OK,1,38.156420552777746,38.156420552777746,2.862375870711487e-18,18.69431237602477,18.69431237602477,3.601585336555868e-08,3.601585336555868e-08,0.561189641578525,0.5611896415785249,0.4629322386471648,0.46293223864716465,0.7274888805981221,0.727488880598122,42.0,42.0,1
test:80ca63c824efbbb0,2360,inactive,0,89,target_matched,2xq99,encoder_grad,OK,1,20.116461241311264,20.116461241311264,2.170088454422001e-15,18.694312376024772,18.694312376024772,3.60158531755162e-08,3.60158531755162e-08,1.0858235124646118,1.0858235124646118,1.1070743554002846,1.1070743554002853,1.5506857607542357,1.5506857607542361,316.0,316.0,1
test:80ca63c824efbbb0,2360,inactive,0,89,target_matched,2xq99,jacobian_ln,OK,,22.86383112724609,22.86383112724609,2.1491760713408074e-15,18.694312376024733,18.69431237602473,3.601585526598352e-08,3.6015855456026e-08,4.390040512299998e-15,3.937674980571853e-15,0.20171953505348011,0.20171953505348025,0.20171953505348011,0.20171953505348025,52.0,52.0,1
test:80ca63c824efbbb0,2360,inactive,0,89,target_matched,2xq99,random,OK,1,862.0456523504427,862.0456523504427,1.3070773030944911e-15,18.694312376024754,18.694312376024797,3.601585412572862e-08,3.601585184521881e-08,9.598587651633812,9.598587651633817,214.50816459969153,214.50816459969164,214.72281100254452,214.72281100254463,9051.0,9051.0,1
test:80ca63c824efbbb0,2360,inactive,0,89,target_matched,2xq99,mean_only,OK,0,15.087648567360201,6.153480596427404e-15,15.087648567360196,18.69431237602476,0.0,3.601585374564365e-08,1.0,9.04264679227722,2.094524083028888e-15,126.48306624376121,0.0,126.80589697420847,2.094524083028888e-15,24466.0,0.0,1
test:80ca63c824efbbb0,2360,inactive,0,89,target_matched,2xq99,decoder_calib_rescaled,OK_UNMATCHED,1,23.734302193195962,23.734302193195962,4.181792515991392e-17,7.33473738016437,7.33473738016437,0.6076487346277439,0.6076487346277439,0.36993858054732703,0.3699385805473271,0.1743074554942832,0.17430745549428325,0.4089469921863501,0.40894699218635017,22.0,22.0,1
test:80ca63c824efbbb0,2360,inactive,0,89,target_matched,2xq99,decoder_plain,OK_UNMATCHED,1,18.649718236588416,18.649718236588416,4.779330550785047e-17,3.3298671289465114,3.329867128946505,0.8218780695411392,0.8218780695411395,0.3018876706259548,0.3018876706259549,0.10378486868413772,0.10378486868413753,0.3192294858620498,0.31922948586204986,16.0,16.0,1
test:80ca63c824efbbb0,2360,inactive,0,89,target_matched,q50,decoder,OK,1,16.90336261996719,16.90336261996719,6.3721671049399566e-18,1.9543509182318073,1.9543509182318042,1.5402521728221325e-08,1.5402523318838646e-08,2.6634696206945736,2.663469620694573,0.8108583003127952,0.8108583003127976,2.7841626395649106,2.784162639564911,12.0,12.0,1
test:80ca63c824efbbb0,2360,inactive,0,89,target_matched,q50,encoder_grad,OK,1,8.911628346324155,8.911628346324155,1.029755464575056e-15,1.9543509182318148,1.9543509182318157,1.5402517865293545e-08,1.5402517410831454e-08,4.601206029065675,4.60120602906568,2.5568974236564177,2.556897423656421,5.263916921552918,5.263916921552923,79.0,79.0,1
test:80ca63c824efbbb0,2360,inactive,0,89,target_matched,q50,jacobian_ln,OK,,10.12871812467218,10.12871812467218,5.440820338745721e-16,1.9543509182317935,1.9543509182317944,1.5402528772383746e-08,1.540252831792165e-08,3.4080129146017485e-14,3.2268739373703666e-14,0.36225844603925017,0.36225844603925045,0.36225844603925017,0.36225844603925045,16.0,16.0,1
test:80ca63c824efbbb0,2360,inactive,0,89,target_matched,q50,random,OK,1,381.88776739397065,381.88776739397065,1.8630740849923865e-15,1.9543509182317855,1.954350918231782,1.540253286254257e-08,1.5402534680390934e-08,40.82554881804332,40.82554881804332,659.7396251125838,659.7396251125837,661.0015872749377,661.0015872749376,6170.0,6170.0,1
test:80ca63c824efbbb0,2360,inactive,0,89,target_matched,q50,mean_only,OK,0,6.683855328199843,1.538370149106851e-15,6.683855328199842,1.9543509182318015,0.0,1.540252468222492e-08,1.0,38.318456417375955,1.958942270646318e-14,181.1880504398498,0.0,185.19560935509216,1.958942270646318e-14,9358.0,0.0,1
test:80ca63c824efbbb0,2360,inactive,0,89,target_matched,q50,decoder_calib_rescaled,OK_UNMATCHED,1,2.481244260385416,2.481244260385416,6.843130480755597e-18,0.0,0.0,1.0,1.0,0.4660733910113217,0.4660733910113238,0.036996335075170604,0.03699633507517058,0.46753944712482454,0.46753944712482665,2.0,2.0,1
test:80ca63c824efbbb0,2360,inactive,0,89,target_matched,q50,decoder_plain,OK_UNMATCHED,1,1.94968893358095,1.94968893358095,8.038659519569821e-19,0.0,0.0,1.0,1.0,0.36672231087546625,0.36672231087546875,0.028301744071340396,0.028301744071339917,0.36781278119625177,0.3678127811962542,2.0,2.0,1
test:80ca63c824efbbb0,2360,inactive,0,89,target_matched,q90,decoder,OK,1,21.390350547827282,21.390350547827282,4.37865017421356e-17,5.488524927986991,5.488524927986991,2.587061120218073e-09,2.587061120218073e-09,1.153094805190609,1.1530948051906096,0.4718762885720388,0.47187628857203817,1.245911257463424,1.2459112574634241,20.0,20.0,1
test:80ca63c824efbbb0,2360,inactive,0,89,target_matched,q90,encoder_grad,OK,1,11.277214987664864,11.277214987664864,1.0832789064868972e-15,5.488524927986994,5.488524927986997,2.5870616056919117e-09,2.5870622529903632e-09,2.073305920061587,2.073305920061588,1.3508496198410402,1.3508496198410413,2.474548874762248,2.4745488747622493,108.0,108.0,1
test:80ca63c824efbbb0,2360,inactive,0,89,target_matched,q90,jacobian_ln,OK,,12.817380550716136,12.817380550716136,1.0636483728850424e-15,5.488524927986972,5.488524927986977,2.5870575600765885e-09,2.587058531024266e-09,1.1535441803060901e-14,1.1339264426320578e-14,0.20978183816071844,0.20978183816071902,0.20978183816071844,0.20978183816071902,22.0,22.0,1
test:80ca63c824efbbb0,2360,inactive,0,89,target_matched,q90,random,OK,1,483.25965656293835,483.25965656293835,5.98790166123331e-16,5.488524927986992,5.488524927986999,2.5870612820426856e-09,2.5870625766395894e-09,18.368668596960916,18.368668596960916,335.59694846458757,335.5969484645875,336.0992707590542,336.09927075905415,7186.0,7186.0,1
test:80ca63c824efbbb0,2360,inactive,0,89,target_matched,q90,mean_only,OK,0,8.458080897600444,0.0,8.458080897600444,5.488524927986983,0.0,2.5870596637965564e-09,1.0,17.26631714292088,7.921832711296768e-15,118.92635599820868,0.0,120.17322438335667,7.921832711296768e-15,16227.0,0.0,1
test:80ca63c824efbbb0,2360,inactive,0,89,target_matched,q90,decoder_calib_rescaled,OK_UNMATCHED,1,6.968232188245508,6.968232188245508,7.162752671413741e-17,0.0,0.0,1.0,1.0,0.4346711934243025,0.43467119342430194,0.05368445996760074,0.05368445996760144,0.4379738207186821,0.43797382071868174,4.0,4.0,1
test:80ca63c824efbbb0,2360,inactive,0,89,target_matched,q90,decoder_plain,OK_UNMATCHED,1,5.475432387271099,5.475432387271099,1.0912208394332996e-17,0.0,0.0,1.0,1.0,0.3524753462476527,0.3524753462476534,0.034089049486843846,0.03408904948684394,0.35411994155556836,0.35411994155556903,4.0,4.0,1
test:80ca63c824efbbb0,2360,inactive,0,89,target_matched,q99,decoder,OK,1,26.289269456179756,26.289269456179756,8.49837472194074e-17,9.347156188012388,9.34715618801239,3.6015852985473715e-08,3.601585279543123e-08,0.8071064393476466,0.8071064393476464,0.43701716124543233,0.43701716124543244,0.9178261293183216,0.9178261293183216,27.0,27.0,1
test:80ca63c824efbbb0,2360,inactive,0,89,target_matched,q99,encoder_grad,OK,1,13.859975920595854,13.859975920595854,1.1931712338916096e-15,9.347156188012393,9.347156188012395,3.601585241534627e-08,3.601585222530378e-08,1.4962360980141607,1.496236098014161,1.1254123827159608,1.1254123827159612,1.8722380970835568,1.8722380970835573,151.0,151.0,1
test:80ca63c824efbbb0,2360,inactive,0,89,target_matched,q99,jacobian_ln,OK,,15.752877460645486,15.752877460645484,1.1528236813211351e-15,9.347156188012361,9.347156188012363,3.601585583611097e-08,3.6015855646068484e-08,6.68092160219165e-15,6.23117093295012e-15,0.1886664364799921,0.18866643647999257,0.1886664364799921,0.18866643647999257,26.0,26.0,1
test:80ca63c824efbbb0,2360,inactive,0,89,target_matched,q99,random,OK,1,593.9380610092169,593.9380610092169,5.592070550069895e-16,9.347156188012429,9.347156188012432,3.6015848614496596e-08,3.601584823441163e-08,13.241547977036372,13.241547977036374,263.62751985620764,263.62751985620764,263.9598602408391,263.9598602408391,7992.0,7992.0,1
test:80ca63c824efbbb0,2360,inactive,0,89,target_matched,q99,mean_only,OK,0,10.39519045291061,0.0,10.39519045291061,9.347156188012374,0.0,3.601585450581358e-08,1.0,12.46052825056879,4.711382598865059e-15,115.86810116961597,0.0,116.53618164731323,4.711382598865059e-15,21695.0,0.0,1
test:80ca63c824efbbb0,2360,inactive,0,89,target_matched,q99,decoder_calib_rescaled,OK_UNMATCHED,1,11.867151096597981,11.867151096597981,2.090896257995696e-17,0.0,0.0,1.0,1.0,0.41210523750566513,0.41210523750566525,0.08322400675420089,0.0832240067542008,0.420424740090095,0.4204247400900951,11.0,11.0,1
test:80ca63c824efbbb0,2360,inactive,0,89,target_matched,q99,decoder_plain,OK_UNMATCHED,1,9.324859118294208,9.324859118294208,2.3896652753925234e-17,0.0,0.0,1.0,1.0,0.3320125744845297,0.3320125744845301,0.05355361849458321,0.053553618494583,0.3363039394204426,0.33630393942044295,7.0,7.0,1
test:80ca63c824efbbb0,2360,inactive,0,89,equal_norm,0.2,decoder_unprojected_diagnostic,DIAGNOSTIC,0,20.30142163655383,20.252232384987263,1.412375265150602,1.7787014747663967,4.592086672344567,0.9123853755501493,0.7738046800172167,0.5967087673380912,0.29780515343644537,0.0,0.11365268102559918,0.5967087673380912,0.3187551432018178,0.0,18.0,0
test:7532b9906d6a5e9a,8852,active,9,71,equal_norm,0.025,decoder,OK,1,2.537677704569228,2.537677704569228,5.588478693631488e-18,2.4099547716219796,2.409954771621983,0.05033065861930077,0.05033065861929937,0.21916528772449897,0.21916528772450194,0.0,0.0,0.21916528772449897,0.21916528772450194,0.0,0.0,1
test:7532b9906d6a5e9a,8852,active,9,71,equal_norm,0.025,encoder_grad,OK,1,2.5376777045692287,2.5376777045692287,2.579378859931189e-16,4.377290321706872,4.377290321706871,0.7249196813970454,0.7249196813970451,0.7207614815028265,0.7207614815028216,0.06790280376057789,0.06790280376057635,0.7239529708321507,0.7239529708321458,5.0,5.0,1
test:7532b9906d6a5e9a,8852,active,9,71,equal_norm,0.025,jacobian_ln,OK,1,2.5376777045692287,2.5376777045692287,2.7705317073124187e-16,4.1371808696344,4.137180869634396,0.6303018952485206,0.6303018952485192,1.4187526660583936e-14,1.433807051677211e-14,0.0,0.0,1.4187526660583936e-14,1.433807051677211e-14,0.0,0.0,1
test:7532b9906d6a5e9a,8852,active,9,71,equal_norm,0.025,random,OK,1,2.5376777045692283,2.5376777045692283,4.336808689942018e-18,0.13779560411682534,0.13779560411682312,0.9457001176338642,0.9457001176338652,0.2762152863708869,0.27621528637088527,0.0,0.0,0.2762152863708869,0.27621528637088527,0.0,0.0,1
test:7532b9906d6a5e9a,8852,active,9,71,equal_norm,0.025,mean_only,OK,0,2.537677704569228,0.0,2.537677704569228,4.712190158758193,5.10702591327572e-15,0.8568906675027211,0.9999999999999979,8.264246784677264,1.609155453968934e-14,11.376932292892525,0.0,14.061734008119666,1.609155453968934e-14,540.0,0.0,1
test:7532b9906d6a5e9a,8852,active,9,71,equal_norm,0.05,decoder,OK,1,5.075355409138456,5.075355409138456,1.1176957387262976e-17,4.819909543243961,4.819909543243959,0.05033065861930042,0.05033065861930077,0.21869260644986924,0.21869260644986813,0.0,0.0,0.21869260644986924,0.21869260644986813,0.0,0.0,1
test:7532b9906d6a5e9a,8852,active,9,71,equal_norm,0.05,encoder_grad,OK,1,5.075355409138457,5.075355409138457,5.158757719862378e-16,8.754580643413751,8.754580643413755,0.7249196813970468,0.7249196813970475,0.7207614815028249,0.7207614815028281,0.17613136214898792,0.1761313621489897,0.7419699252332301,0.7419699252332335,12.0,12.0,1
test:7532b9906d6a5e9a,8852,active,9,71,equal_norm,0.05,jacobian_ln,OK,1,5.075355409138457,5.075355409138457,5.541063414624837e-16,8.274361739268809,8.274361739268809,0.6303018952485224,0.6303018952485224,5.6270043353841044e-15,5.730525909739573e-15,0.023087054129167436,0.0230870541291675,0.023087054129167436,0.0230870541291675,1.0,1.0,1
test:7532b9906d6a5e9a,8852,active,9,71,equal_norm,0.05,random,OK,1,5.0753554091384565,5.0753554091384565,8.673617379884035e-18,0.27559120823365224,0.2755912082336496,0.945700117633864,0.9457001176338645,0.2753851917272905,0.27538519172728937,0.018503009589550073,0.01850300958954983,0.2760060962851138,0.2760060962851127,2.0,2.0,1
test:7532b9906d6a5e9a,8852,active,9,71,equal_norm,0.05,mean_only,OK,0,5.075355409138456,0.0,5.075355409138456,9.424380317516384,-1.1102230246251565e-15,0.8568906675027208,1.0000000000000002,8.26424678467726,6.1113752489091485e-15,39.38543410586922,0.0,40.24313847882413,6.1113752489091485e-15,6655.0,0.0,1
test:7532b9906d6a5e9a,8852,active,9,71,equal_norm,0.1,decoder,OK,1,10.150710818276911,10.150710818276911,2.2353914774525952e-17,9.639819086487922,9.639819086487922,0.05033065861930042,0.05033065861930042,0.2184949509149357,0.21849495091493562,0.006775228383866581,0.006775228383866558,0.21859997094001116,0.21859997094001107,3.0,3.0,1
test:7532b9906d6a5e9a,8852,active,9,71,equal_norm,0.1,encoder_grad,OK,1,10.150710818276915,10.150710818276915,1.0317515439724755e-15,17.509161286827485,17.509161286827492,0.7249196813970451,0.7249196813970458,0.720761481502824,0.7207614815028264,0.33360631853494116,0.3336063185349427,0.7942230725587002,0.794223072558703,46.0,46.0,1
test:7532b9906d6a5e9a,8852,active,9,71,equal_norm,0.1,jacobian_ln,OK,1,10.150710818276915,10.150710818276915,1.1082126829249675e-15,16.54872347853761,16.54872347853761,0.6303018952485216,0.6303018952485216,3.490913454368695e-15,2.9896668498822764e-15,0.08043033875538418,0.08043033875538479,0.08043033875538418,0.08043033875538479,6.0,6.0,1
test:7532b9906d6a5e9a,8852,active,9,71,equal_norm,0.1,random,OK,1,10.150710818276913,10.150710818276913,1.734723475976807e-17,0.5511824164673085,0.5511824164673127,0.9457001176338634,0.9457001176338631,0.275177276809166,0.27517727680916637,0.08003738113121762,0.08003738113121811,0.2865807321688814,0.28658073216888197,11.0,11.0,1
test:7532b9906d6a5e9a,8852,active,9,71,equal_norm,0.1,mean_only,OK,0,10.150710818276911,0.0,10.150710818276911,18.848760635032765,1.1102230246251565e-15,0.8568906675027205,0.9999999999999998,8.264246784677262,2.9697086034819963e-15,131.943476319777,0.0,132.2020374966498,2.9697086034819963e-15,23986.0,0.0,1
test:7532b9906d6a5e9a,8852,active,9,71,equal_norm,0.2,decoder,OK,1,20.301421636553822,20.301421636553822,4.4707829549051903e-17,19.27963817297587,19.27963817297587,0.050330658619299196,0.050330658619299196,0.20632561971009347,0.20632561971009294,0.06383288684063008,0.06383288684062985,0.21597430122855543,0.21597430122855485,8.0,8.0,1
test:7532b9906d6a5e9a,8852,active,9,71,equal_norm,0.2,encoder_grad,OK,1,20.30142163655383,20.30142163655383,2.063503087944951e-15,35.018322573654984,35.01832257365499,0.7249196813970458,0.7249196813970461,0.7207614815028232,0.7207614815028242,0.7648067622220438,0.7648067622220456,1.0509169790039128,1.0509169790039148,220.0,220.0,1
test:7532b9906d6a5e9a,8852,active,9,71,equal_norm,0.2,jacobian_ln,OK,1,20.30142163655383,20.30142163655383,2.216425365849935e-15,33.09744695707522,33.09744695707523,0.6303018952485216,0.6303018952485221,2.9818346874403437e-15,2.511797820187946e-15,0.15952785766060404,0.15952785766060482,0.15952785766060404,0.15952785766060482,24.0,24.0,1
test:7532b9906d6a5e9a,8852,active,9,71,equal_norm,0.2,random,OK,1,20.301421636553826,20.301421636553826,3.469446951953614e-17,1.1023648329346127,1.1023648329346105,0.9457001176338637,0.9457001176338637,0.266554016930046,0.26655401693004566,0.15270227224169972,0.1527022722416995,0.3071954229628453,0.3071954229628449,26.0,26.0,1
test:7532b9906d6a5e9a,8852,active,9,71,equal_norm,0.2,mean_only,OK,0,20.301421636553822,0.0,20.301421636553822,37.697521270065565,1.0658141036401503e-14,0.8568906675027222,0.9999999999999994,8.26424678467726,2.973445027687906e-15,214.63997778874713,0.0,214.79901731635533,2.973445027687906e-15,24525.0,0.0,1
test:7532b9906d6a5e9a,8852,active,9,71,target_matched,2xq99,decoder,OK,1,95.50333685409436,95.50333685409436,0.0,90.69659316584321,90.69659316584321,1.1824457663765678e-08,1.1824457663765678e-08,0.20594347058654544,0.20594347058654552,0.47714890403858967,0.4771489040385898,0.5196958626951522,0.5196958626951524,339.0,339.0,1
test:7532b9906d6a5e9a,8852,active,9,71,target_matched,2xq99,encoder_grad,OK,1,52.580182131396384,52.580182131396384,4.694878382612593e-15,90.69659316584321,90.69659316584321,1.1824457663765678e-08,1.1824457663765678e-08,0.4178521937882062,0.4178521937882065,2.1896081611889255,2.189608161188929,2.2291218798887527,2.2291218798887558,3713.0,3713.0,1
test:7532b9906d6a5e9a,8852,active,9,71,target_matched,2xq99,jacobian_ln,OK,,55.631776712166136,55.631776712166136,4.7617409157548505e-15,90.69659316584332,90.69659316584332,1.1824456410280487e-08,1.1824456410280487e-08,1.5401178000816014e-15,1.2138245327672133e-15,0.7310108915677429,0.7310108915677449,0.7310108915677429,0.7310108915677449,741.0,741.0,1
test:7532b9906d6a5e9a,8852,active,9,71,target_matched,2xq99,random,OK,1,1670.2907457208253,1670.2907457208253,2.5998383552417977e-15,90.69659316584335,90.69659316584338,1.182445609690919e-08,1.1824455783537892e-08,4.320405208623443,4.320405208623443,135.2758203252505,135.2758203252505,135.3447947496916,135.3447947496916,14303.0,14303.0,1
test:7532b9906d6a5e9a,8852,active,9,71,target_matched,2xq99,mean_only,OK,0,48.843258570447716,1.8460441789282214e-14,48.843258570447716,90.69659316584318,-8.881784197001252e-16,1.1824457977136977e-08,1.0,4.450583349676353,3.5900386886325174e-16,143.6283353009969,0.0,143.6972734379049,3.5900386886325174e-16,24525.0,0.0,1
test:7532b9906d6a5e9a,8852,active,9,71,target_matched,2xq99,decoder_calib_rescaled,OK_UNMATCHED,1,95.50333685409436,95.50333685409436,0.0,90.69659316584321,90.69659316584321,1.1824457663765678e-08,1.1824457663765678e-08,0.20594347058654544,0.20594347058654552,0.47714890403858967,0.4771489040385898,0.5196958626951522,0.5196958626951524,339.0,339.0,1
test:7532b9906d6a5e9a,8852,active,9,71,target_matched,2xq99,decoder_plain,OK_UNMATCHED,1,90.65761414149975,90.65761414149975,1.78304686622819e-16,86.09475875946946,86.09475875946944,0.050738790331218954,0.05073879033121911,0.19560485803861313,0.19560485803861305,0.41538967354409867,0.4153896735440984,0.45914032863099585,0.4591403286309956,300.0,300.0,1
test:7532b9906d6a5e9a,8852,active,9,71,target_matched,q50,decoder,OK,1,1.775472952827961,1.775472952827961,0.0,1.6861122698320894,1.6861122698320872,8.794343114715964e-09,8.7943444316188e-09,0.2314338193460548,0.23143381934605206,0.0,0.0,0.2314338193460548,0.23143381934605206,0.0,0.0,1
test:7532b9906d6a5e9a,8852,active,9,71,target_matched,q50,encoder_grad,OK,1,0.9775018790357591,0.9775018790357591,6.885016731206969e-17,1.6861122698320925,1.6861122698320925,8.794341271051993e-09,8.794341271051993e-09,0.4178521950543497,0.4178521950543509,0.0,0.0,0.4178521950543497,0.4178521950543509,0.0,0.0,1
test:7532b9906d6a5e9a,8852,active,9,71,target_matched,q50,jacobian_ln,OK,,1.0342331286404771,1.0342331286404771,1.0483242697352602e-16,1.6861122698320925,1.6861122698320943,8.794341271051993e-09,8.794340217529724e-09,2.4526178744783066e-14,2.4627388290129332e-14,0.0,0.0,2.4526178744783066e-14,2.4627388290129332e-14,0.0,0.0,1
test:7532b9906d6a5e9a,8852,active,9,71,target_matched,q50,random,OK,1,31.051857872953825,31.051857872953825,8.295563756190037e-18,1.6861122698320925,1.6861122698320938,8.794341271051993e-09,8.794340480910291e-09,4.829405266660085,4.829405266660084,4.3794487596290015,4.379448759629,6.519411527727036,6.5194115277270335,71.0,71.0,1
test:7532b9906d6a5e9a,8852,active,9,71,target_matched,q50,mean_only,OK,0,0.9080298906445471,3.8459253727671276e-16,0.9080298906445471,1.686112269832093,4.884981308350689e-15,8.794341007671426e-09,0.9999999999999971,4.450583363162147,2.2658534878237805e-14,1.9475978753982617,0.0,4.858068521203824,2.2658534878237805e-14,49.0,0.0,1
test:7532b9906d6a5e9a,8852,active,9,71,target_matched,q50,decoder_calib_rescaled,OK_UNMATCHED,1,1.7754729528279614,1.7754729528279614,0.0,1.6861122698320894,1.6861122698320867,8.794343114715964e-09,8.794344694999367e-09,0.2314338193460546,0.23143381934605178,0.0,0.0,0.2314338193460546,0.23143381934605178,0.0,0.0,1
test:7532b9906d6a5e9a,8852,active,9,71,target_matched,q50,decoder_plain,OK_UNMATCHED,1,1.6853876228644666,1.6853876228644666,6.3736018354185984e-18,1.6005609918239532,1.6005609918239545,0.05073878745484625,0.05073878745484547,0.21982423438449894,0.21982423438450066,0.0,0.0,0.21982423438449894,0.21982423438450066,0.0,0.0,1
test:7532b9906d6a5e9a,8852,active,9,71,target_matched,q90,decoder,OK,1,8.445611894157649,8.445611894157649,9.114112298234327e-18,8.0205388757386,8.0205388757386,5.0871123118406215e-08,5.0871123118406215e-08,0.2301173792069424,0.23011737920694203,0.0,0.0,0.2301173792069424,0.23011737920694203,0.0,0.0,1
test:7532b9906d6a5e9a,8852,active,9,71,target_matched,q90,encoder_grad,OK,1,4.649804145422996,4.649804145422996,5.184676100995224e-16,8.020538875738596,8.020538875738595,5.0871123561358184e-08,5.0871123782834165e-08,0.41785217747247133,0.41785217747246983,0.09386298878146639,0.09386298878146594,0.42826475792607,0.42826475792606844,10.0,10.0,1
test:7532b9906d6a5e9a,8852,active,9,71,target_matched,q90,jacobian_ln,OK,,4.919664700419836,4.919664700419836,5.566886310533396e-16,8.020538875738616,8.020538875738614,5.0871121125122345e-08,5.087112134659833e-08,7.708062991263581e-15,7.466885646443769e-15,0.013397177063465316,0.013397177063465233,0.013397177063465316,0.013397177063465233,1.0,1.0,1
test:7532b9906d6a5e9a,8852,active,9,71,target_matched,q90,random,OK,1,147.70821474345672,147.70821474345672,4.38170995683446e-16,8.020538875738607,8.020538875738598,5.087112223250227e-08,5.0871123339882196e-08,4.39056569676389,4.390565696763886,48.69212866946854,48.692128669468495,48.889676430732074,48.889676430732024,3970.0,3970.0,1
test:7532b9906d6a5e9a,8852,active,9,71,target_matched,q90,mean_only,OK,0,4.319338141684065,7.691850745534255e-16,4.319338141684065,8.020538875738598,2.886579864025407e-15,5.0871123339882196e-08,0.9999999999999996,4.450583175895914,4.5931260291331725e-15,15.137584187341167,0.0,15.77828081998825,4.5931260291331725e-15,3598.0,0.0,1
test:7532b9906d6a5e9a,8852,active,9,71,target_matched,q90,decoder_calib_rescaled,OK_UNMATCHED,1,8.445611894157649,8.445611894157649,9.114112298234327e-18,8.0205388757386,8.0205388757386,5.0871123118406215e-08,5.0871123118406215e-08,0.2301173792069424,0.23011737920694203,0.0,0.0,0.2301173792069424,0.23011737920694203,0.0,0.0,1
test:7532b9906d6a5e9a,8852,active,9,71,target_matched,q90,decoder_plain,OK_UNMATCHED,1,8.017091857838894,8.017091857838894,9.5178887800861e-18,7.613586525405636,7.6135865254056325,0.05073882739670478,0.050738827396705224,0.21845593398215502,0.2184559339821545,0.0,0.0,0.21845593398215502,0.2184559339821545,0.0,0.0,1
test:7532b9906d6a5e9a,8852,active,9,71,target_matched,q99,decoder,OK,1,47.75166842704718,47.75166842704718,0.0,45.34829658292165,45.34829658292164,1.1824456723651786e-08,1.1824456880337434e-08,0.20867504257698302,0.20867504257698288,0.1416512339382855,0.1416512339382854,0.25221091465427214,0.25221091465427203,55.0,55.0,1
test:7532b9906d6a5e9a,8852,active,9,71,target_matched,q99,encoder_grad,OK,1,26.290091065698192,26.290091065698192,2.3474391913062964e-15,45.348296582921606,45.34829658292162,1.1824457663765678e-08,1.1824457350394381e-08,0.41785219378820637,0.41785219378820687,0.6640910153401044,0.6640910153401062,0.7846128551770404,0.7846128551770423,475.0,475.0,1
test:7532b9906d6a5e9a,8852,active,9,71,target_matched,q99,jacobian_ln,OK,,27.815888356083068,27.815888356083068,2.3808704578774253e-15,45.348296582921655,45.34829658292166,1.1824456566966137e-08,1.1824456410280487e-08,1.7077403263867514e-15,1.195725887355024e-15,0.17205702414735752,0.17205702414735818,0.17205702414735752,0.17205702414735818,64.0,64.0,1
test:7532b9906d6a5e9a,8852,active,9,71,target_matched,q99,random,OK,1,835.1453728604126,835.1453728604126,1.2999191776208988e-15,45.348296582921705,45.348296582921705,1.1824455470166595e-08,1.1824455470166595e-08,4.322700259882362,4.32270025988236,123.28820883630793,123.28820883630789,123.36396627703675,123.36396627703674,13091.0,13091.0,1
test:7532b9906d6a5e9a,8852,active,9,71,target_matched,q99,mean_only,OK,0,24.421629285223858,9.230220894641107e-15,24.421629285223858,45.34829658292156,-6.217248937900877e-15,1.1824458603879571e-08,1.0000000000000002,4.4505833496763545,8.587289605577901e-16,123.5989491809169,0.0,123.67905210980271,8.587289605577901e-16,24525.0,0.0,1
test:7532b9906d6a5e9a,8852,active,9,71,target_matched,q99,decoder_calib_rescaled,OK_UNMATCHED,1,47.75166842704718,47.75166842704718,0.0,45.34829658292165,45.34829658292164,1.1824456723651786e-08,1.1824456880337434e-08,0.20867504257698302,0.20867504257698288,0.1416512339382855,0.1416512339382854,0.25221091465427214,0.25221091465427203,55.0,55.0,1
test:7532b9906d6a5e9a,8852,active,9,71,target_matched,q99,decoder_plain,OK_UNMATCHED,1,45.328807070749875,45.328807070749875,8.91523433114095e-17,43.04737937973469,43.04737937973469,0.05073879033121974,0.05073879033121974,0.19833781815282897,0.19833781815282892,0.12396862549017124,0.12396862549017117,0.23389337360333018,0.2338933736033301,47.0,47.0,1
test:7532b9906d6a5e9a,8852,active,9,71,equal_norm,0.2,decoder_unprojected_diagnostic,DIAGNOSTIC,0,20.30142163655383,20.29200471481849,0.6182759245839672,18.12262438930857,19.270695210901057,0.10732241894413089,0.05077116776305915,0.17448681327487459,0.20623683040588442,0.02389826116257141,0.06377038120154192,0.17611579967003363,0.21587100716505564,1.0,8.0,0
test:28478dc6a693227c,8852,inactive,36,103,equal_norm,0.025,decoder,OK,1,2.537677704569228,2.537677704569228,5.588478693631488e-18,0.0,0.0,1.0,1.0,0.3167051286629777,0.3167051286629791,0.0,0.0,0.3167051286629777,0.3167051286629791,0.0,0.0,1
test:28478dc6a693227c,8852,inactive,36,103,equal_norm,0.025,encoder_grad,OK,1,2.5376777045692287,2.5376777045692287,2.579378859931189e-16,0.0,0.0,1.0,1.0,0.8124743071034786,0.8124743071034852,0.3236832341756141,0.3236832341756164,0.8745772326042242,0.8745772326042309,11.0,11.0,1
test:28478dc6a693227c,8852,inactive,36,103,equal_norm,0.025,jacobian_ln,OK,1,2.537677704569228,2.537677704569228,3.517938393139692e-16,0.0,0.0,1.0,1.0,7.826372122571868e-15,8.143067706645267e-15,0.13489326981934094,0.13489326981934166,0.13489326981934094,0.13489326981934166,3.0,3.0,1
test:28478dc6a693227c,8852,inactive,36,103,equal_norm,0.025,random,OK,1,2.5376777045692287,2.5376777045692287,6.304474818506186e-19,0.0,0.0,1.0,1.0,0.3491493077388535,0.34914930773885844,0.08243059890630403,0.08243059890630602,0.3587478818482035,0.35874788184820877,4.0,4.0,1
test:28478dc6a693227c,8852,inactive,36,103,equal_norm,0.025,mean_only,OK,0,2.537677704569228,0.0,2.537677704569228,0.0,0.0,1.0,1.0,9.598124635625876,7.436017929302727e-15,13.569931146972552,0.0,16.621282376958284,7.436017929302727e-15,643.0,0.0,1
test:28478dc6a693227c,8852,inactive,36,103,equal_norm,0.05,decoder,OK,1,5.075355409138456,5.075355409138456,1.1176957387262976e-17,0.0,0.0,1.0,1.0,0.3162350413287312,0.3162350413287323,0.01574220368167894,0.015742203681679504,0.3166266229187618,0.316626622918763,1.0,1.0,1
test:28478dc6a693227c,8852,inactive,36,103,equal_norm,0.05,encoder_grad,OK,1,5.075355409138457,5.075355409138457,5.158757719862378e-16,0.9760942853446588,0.9760942853446639,0.8076796236999819,0.8076796236999809,0.8124743071034805,0.8124743071034846,0.4115922758083818,0.41159227580838365,0.9107813685009173,0.9107813685009217,29.0,29.0,1
test:28478dc6a693227c,8852,inactive,36,103,equal_norm,0.05,jacobian_ln,OK,1,5.075355409138456,5.075355409138456,7.035876786279384e-16,0.42984961478012396,0.4298496147801274,0.9153065017302701,0.9153065017302693,4.4390846251379926e-15,5.784179894065198e-15,0.16338044256363576,0.16338044256363632,0.16338044256363576,0.16338044256363632,6.0,6.0,1
test:28478dc6a693227c,8852,inactive,36,103,equal_norm,0.05,random,OK,1,5.075355409138457,5.075355409138457,1.2608949637012371e-18,0.0,0.0,1.0,1.0,0.34788740898540715,0.3478874089854074,0.12330678914315035,0.12330678914314983,0.36909377342265376,0.3690937734226538,8.0,8.0,1
test:28478dc6a693227c,8852,inactive,36,103,equal_norm,0.05,mean_only,OK,0,5.075355409138456,0.0,5.075355409138456,1.6458939594472946,0.0,0.6757086375943073,1.0,9.598124635625878,4.438112689557102e-15,37.20602973500807,0.0,38.42411541159163,4.438112689557102e-15,5643.0,0.0,1
test:28478dc6a693227c,8852,inactive,36,103,equal_norm,0.1,decoder,OK,1,10.150710818276911,10.150710818276911,2.2353914774525952e-17,1.8613327284188355,1.86133272841884,0.8166303111678141,0.8166303111678137,0.3010708347539938,0.30107083475399443,0.025161752029539977,0.02516175202954013,0.3021204417192963,0.3021204417192969,4.0,4.0,1
test:28478dc6a693227c,8852,inactive,36,103,equal_norm,0.1,encoder_grad,OK,1,10.150710818276915,10.150710818276915,1.0317515439724755e-15,9.730674928758411,9.730674928758415,0.04137997115146748,0.041379971151467125,0.8124743071034795,0.8124743071034821,0.5858936706334261,0.585893670633428,1.0016915158828035,1.0016915158828066,71.0,71.0,1
test:28478dc6a693227c,8852,inactive,36,103,equal_norm,0.1,jacobian_ln,OK,1,10.150710818276911,10.150710818276911,1.4071753572558767e-15,8.638185587629334,8.638185587629337,0.14900684918175627,0.1490068491817559,2.9174963094822162e-15,2.182879285076702e-15,0.1945698109422137,0.1945698109422143,0.1945698109422137,0.1945698109422143,14.0,14.0,1
test:28478dc6a693227c,8852,inactive,36,103,equal_norm,0.1,random,OK,1,10.150710818276915,10.150710818276915,2.5217899274024742e-18,0.0,0.0,1.0,1.0,0.34648090470038834,0.34648090470038956,0.16174637697789923,0.16174637697789995,0.382375349346001,0.38237534934600237,13.0,13.0,1
test:28478dc6a693227c,8852,inactive,36,103,equal_norm,0.1,mean_only,OK,0,10.150710818276911,0.0,10.150710818276911,11.070274276963678,0.0,0.09059101495420671,1.0,9.598124635625878,1.574625689798604e-15,122.63582176144836,0.0,123.01084820302125,1.574625689798604e-15,23552.0,0.0,1
test:28478dc6a693227c,8852,inactive,36,103,equal_norm,0.2,decoder,OK,1,20.301421636553822,20.301421636553822,4.4707829549051903e-17,11.501151814906766,11.501151814906766,0.43348048489355684,0.43348048489355684,0.2781795100338102,0.27817951003381053,0.06912561807207603,0.06912561807207634,0.28663947892168873,0.2866394789216891,17.0,17.0,1
test:28478dc6a693227c,8852,inactive,36,103,equal_norm,0.2,encoder_grad,OK,1,20.30142163655383,20.30142163655383,2.063503087944951e-15,27.2398362155859,27.239836215585907,0.34176985512278896,0.3417698551227893,0.8124743071034795,0.8124743071034805,1.0135688385801702,1.0135688385801722,1.2990135835486996,1.2990135835487018,263.0,263.0,1
test:28478dc6a693227c,8852,inactive,36,103,equal_norm,0.2,jacobian_ln,OK,1,20.301421636553822,20.301421636553822,2.8143507145117534e-15,25.05485753332778,25.054857533327787,0.23414297709250192,0.23414297709250229,3.165095321994714e-15,2.4646255053275066e-15,0.30159431475836895,0.3015943147583698,0.30159431475836895,0.3015943147583698,36.0,36.0,1
test:28478dc6a693227c,8852,inactive,36,103,equal_norm,0.2,random,OK,1,20.30142163655383,20.30142163655383,5.0435798548049485e-18,0.0,0.0,1.0,1.0,0.3431171112905587,0.3431171112905592,0.2075150581376569,0.20751505813765733,0.40098859262359665,0.40098859262359726,36.0,36.0,1
test:28478dc6a693227c,8852,inactive,36,103,equal_norm,0.2,mean_only,OK,0,20.301421636553822,0.0,20.301421636553822,29.919034911996462,0.0,0.47374084122846455,1.0,9.598124635625876,1.6621727424366257e-15,208.981436369293,0.0,209.20173217135144,1.6621727424366257e-15,24512.0,0.0,1
test:28478dc6a693227c,8852,inactive,36,103,target_matched,2xq99,decoder,OK,1,103.6940679161892,103.6940679161892,1.6395560348299852e-16,90.69659316584321,90.69659316584321,1.1824457663765678e-08,1.1824457663765678e-08,0.27971374896573065,0.27971374896573065,0.5167081221380837,0.5167081221380838,0.5875602648613406,0.5875602648613406,404.0,404.0,1
test:28478dc6a693227c,8852,inactive,36,103,target_matched,2xq99,encoder_grad,OK,1,57.08965944622771,57.08965944622771,4.990835316532594e-15,90.69659316584324,90.69659316584324,1.1824457350394381e-08,1.1824457350394381e-08,0.5114181297930688,0.5114181297930692,2.4287551790691086,2.428755179069112,2.482015355177332,2.4820153551773356,3853.0,3853.0,1
test:28478dc6a693227c,8852,inactive,36,103,target_matched,2xq99,jacobian_ln,OK,,60.88883656568239,60.88883656568239,8.908783121050539e-15,90.69659316584318,90.6965931658432,1.1824457977136977e-08,1.1824457820451327e-08,1.960149172319582e-15,1.757376587002741e-15,0.6474505648688927,0.6474505648688949,0.6474505648688927,0.6474505648688949,565.0,565.0,1
test:28478dc6a693227c,8852,inactive,36,103,target_matched,2xq99,mean_only,OK,0,53.03224304287624,6.153480596427404e-15,53.03224304287624,90.69659316584318,0.0,1.1824457977136977e-08,1.0,5.612229376494131,4.326509390652004e-16,156.3551082203171,0.0,156.45579882241967,4.326509390652004e-16,24512.0,0.0,1
test:28478dc6a693227c,8852,inactive,36,103,target_matched,2xq99,decoder_calib_rescaled,OK_UNMATCHED,1,95.50333685409436,95.50333685409436,0.0,82.91810680777414,82.91810680777415,0.08576383155106354,0.08576383155106337,0.25821282543683055,0.25821282543683066,0.41754888536153595,0.41754888536153617,0.49093883008653155,0.4909388300865318,315.0,315.0,1
test:28478dc6a693227c,8852,inactive,36,103,target_matched,2xq99,decoder_plain,OK_UNMATCHED,1,90.65761414149975,90.65761414149975,1.78304686622819e-16,78.31627240140034,78.31627240140033,0.1365026100578253,0.13650261005782546,0.24551790993051006,0.24551790993051012,0.36534375869388375,0.36534375869388386,0.44017622165812287,0.44017622165812287,276.0,276.0,1
test:28478dc6a693227c,8852,inactive,36,103,target_matched,q50,decoder,OK,1,9.966204014922807,9.966204014922807,0.0,1.6861122698321092,1.6861122698321123,8.794331394280725e-09,8.794329550616755e-09,1.7821750310771471,1.7821750310771498,0.14699919643914505,0.1469991964391465,1.7882272241380806,1.7882272241380832,4.0,4.0,1
test:28478dc6a693227c,8852,inactive,36,103,target_matched,q50,encoder_grad,OK,1,5.486979193867081,5.48697919386708,5.499944052032854e-16,1.6861122698320983,1.6861122698321005,8.79433784710462e-09,8.794336530201784e-09,2.643969660359019,2.643969660359029,1.3842153354213953,1.3842153354214008,2.984397369606593,2.9843973696066044,32.0,32.0,1
test:28478dc6a693227c,8852,inactive,36,103,target_matched,q50,jacobian_ln,OK,,5.8521242308224775,5.8521242308224775,6.76707895333468e-16,1.6861122698320903,1.6861122698320954,8.794342587954828e-09,8.794339559078306e-09,1.6759255678514276e-14,1.798812345702931e-14,0.586033485306009,0.5860334853060114,0.586033485306009,0.5860334853060114,7.0,7.0,1
test:28478dc6a693227c,8852,inactive,36,103,target_matched,q50,mean_only,OK,0,5.097014363072917,7.691850745534255e-16,5.097014363072917,1.6861122698320967,0.0,8.794338768936605e-09,1.0,29.014544721811294,1.0414360620276452e-14,113.36341285339812,0.0,117.01755073143507,1.0414360620276452e-14,5732.0,0.0,1
test:28478dc6a693227c,8852,inactive,36,103,target_matched,q50,decoder_calib_rescaled,OK_UNMATCHED,1,1.7754729528279614,1.7754729528279614,0.0,0.0,0.0,1.0,1.0,0.33377779837690297,0.33377779837690313,0.0,0.0,0.33377779837690297,0.33377779837690313,0.0,0.0,1
test:28478dc6a693227c,8852,inactive,36,103,target_matched,q50,decoder_plain,OK_UNMATCHED,1,1.6853876228644666,1.6853876228644666,6.3736018354185984e-18,0.0,0.0,1.0,1.0,0.31690104971764993,0.31690104971765093,0.0,0.0,0.31690104971764993,0.31690104971765093,0.0,0.0,1
test:28478dc6a693227c,8852,inactive,36,103,target_matched,q90,decoder,OK,1,16.6363429562525,16.6363429562525,1.895657041192447e-17,8.020538875738612,8.02053887573861,5.0871121568074314e-08,5.08711217895503e-08,0.5880964879500915,0.5880964879500916,0.10382560209234354,0.10382560209234379,0.5971911208223626,0.5971911208223627,13.0,13.0,1
test:28478dc6a693227c,8852,inactive,36,103,target_matched,q90,encoder_grad,OK,1,9.159281460254318,9.15928146025432,5.760448667353202e-16,8.020538875738602,8.020538875738604,5.087112289693023e-08,5.087112267545424e-08,0.9278280140037002,0.9278280140037027,0.6303185234136743,0.6303185234136761,1.121680107931154,1.1216801079311571,58.0,58.0,1
test:28478dc6a693227c,8852,inactive,36,103,target_matched,q90,jacobian_ln,OK,,9.768809225737302,9.768809225737304,1.3289521700157431e-15,8.020538875738598,8.020538875738605,5.0871123339882196e-08,5.087112245397826e-08,5.755447952951741e-15,5.4849259167833894e-15,0.2337149247475208,0.2337149247475216,0.2337149247475208,0.2337149247475216,13.0,13.0,1
test:28478dc6a693227c,8852,inactive,36,103,target_matched,q90,mean_only,OK,0,8.50832261411244,3.076740298213702e-15,8.50832261411244,8.020538875738605,0.0,5.087112245397826e-08,1.0,10.181851860888706,2.266017396802228e-15,101.57916677852894,0.0,102.0881835999509,2.266017396802228e-15,20780.0,0.0,1
test:28478dc6a693227c,8852,inactive,36,103,target_matched,q90,decoder_calib_rescaled,OK_UNMATCHED,1,8.445611894157649,8.445611894157649,9.114112298234327e-18,0.2420525176695092,0.2420525176695123,0.9698209173839663,0.9698209173839659,0.3225309447027776,0.32253094470277816,0.023919198314001,0.023919198314001217,0.3234166636690984,0.32341666366909894,3.0,3.0,1
test:28478dc6a693227c,8852,inactive,36,103,target_matched,q90,decoder_plain,OK_UNMATCHED,1,8.017091857838894,8.017091857838894,9.5178887800861e-18,0.0,0.0,1.0,1.0,0.3080081153275081,0.3080081153275088,0.0220887768614036,0.02208877686140378,0.30879914697232635,0.3087991469723271,3.0,3.0,1
test:28478dc6a693227c,8852,inactive,36,103,target_matched,q99,decoder,OK,1,55.942399489142026,55.942399489142026,5.631833682393952e-16,45.34829658292164,45.34829658292165,1.1824456880337434e-08,1.1824456723651786e-08,0.31043361572071493,0.31043361572071515,0.24966883808872842,0.24966883808872878,0.39837615199960474,0.39837615199960513,78.0,78.0,1
test:28478dc6a693227c,8852,inactive,36,103,target_matched,q99,encoder_grad,OK,1,30.799568380529514,30.799568380529514,2.3965637560725745e-15,45.34829658292165,45.34829658292165,1.1824456723651786e-08,1.1824456723651786e-08,0.5518147353616748,0.5518147353616755,1.0837650638490521,1.0837650638490541,1.216160439983975,1.216160439983977,723.0,723.0,1
test:28478dc6a693227c,8852,inactive,36,103,target_matched,q99,jacobian_ln,OK,,32.84920427983982,32.84920427983982,4.3423950648814246e-15,45.34829658292156,45.34829658292157,1.1824458603879571e-08,1.1824458447193922e-08,2.3450587933103626e-15,2.0659372094822835e-15,0.32223222699036747,0.3222322269903682,0.32223222699036747,0.3222322269903682,97.0,97.0,1
test:28478dc6a693227c,8852,inactive,36,103,target_matched,q99,mean_only,OK,0,28.610613757652285,1.2306961192854808e-14,28.610613757652285,45.34829658292159,0.0,1.1824457977136977e-08,1.0,6.055535945571984,7.099308990890944e-16,149.03481305461344,0.0,149.1577856426264,7.099308990890944e-16,24512.0,0.0,1
test:28478dc6a693227c,8852,inactive,36,103,target_matched,q99,decoder_calib_rescaled,OK_UNMATCHED,1,47.75166842704718,47.75166842704718,0.0,37.56981022485253,37.56981022485253,0.17152765127766942,0.17152765127766942,0.26837603353224404,0.2683760335322442,0.18763078220513954,0.18763078220513985,0.32746145697686724,0.3274614569768675,56.0,56.0,1
test:28478dc6a693227c,8852,inactive,36,103,target_matched,q99,decoder_plain,OK_UNMATCHED,1,45.328807070749875,45.328807070749875,8.91523433114095e-17,35.26889302166562,35.26889302166562,0.22226642978443148,0.22226642978443148,0.25605049249325723,0.2560504924932574,0.17074850285096246,0.1707485028509627,0.30776111829125635,0.30776111829125663,52.0,52.0,1
test:28478dc6a693227c,8852,inactive,36,103,equal_norm,0.2,decoder_unprojected_diagnostic,DIAGNOSTIC,0,20.30142163655383,20.29200471481849,0.6182759245839672,10.344138031239481,11.492208852831954,0.49047224521838784,0.4339209940373168,0.2682985471016198,0.2780607165033895,0.0,0.06904899181095359,0.2682985471016198,0.28650571605552216,0.0,17.0,0
test:e7686b3c5b7055f1,9608,active,3,60,equal_norm,0.025,decoder,OK,1,2.5376777045692283,2.5376777045692283,7.017278178889226e-19,2.7180136672653936,2.718013667265391,0.07106335755771152,0.07106335755771048,0.5049060509221491,0.504906050922147,0.0,0.0,0.5049060509221491,0.504906050922147,0.0,0.0,1
test:e7686b3c5b7055f1,9608,active,3,60,equal_norm,0.025,encoder_grad,OK,1,2.5376777045692283,2.5376777045692283,2.365105289380852e-18,4.994003989075431,4.994003989075431,0.96794252531382,0.96794252531382,0.6914202300918731,0.6914202300918716,0.019669498882717417,0.01966949888271733,0.6916999521227365,0.691699952122735,1.0,1.0,1
test:e7686b3c5b7055f1,9608,active,3,60,equal_norm,0.025,jacobian_ln,OK,1,2.5376777045692283,2.5376777045692283,1.5222136723669557e-17,4.741086970623003,4.741086970623003,0.8682777759309789,0.8682777759309789,1.0256996442365234e-14,1.2975755187640845e-14,0.0,0.0,1.0256996442365234e-14,1.2975755187640845e-14,0.0,0.0,1
test:e7686b3c5b7055f1,9608,active,3,60,equal_norm,0.025,random,OK,1,2.5376777045692283,2.5376777045692283,4.345270763724971e-19,0.03392974584501074,0.03392974584500941,0.9866296082527062,0.9866296082527067,0.3372855514374479,0.3372855514374466,0.0,0.0,0.3372855514374479,0.3372855514374466,0.0,0.0,1
test:e7686b3c5b7055f1,9608,active,3,60,equal_norm,0.025,mean_only,OK,0,2.537677704569228,0.0,2.537677704569228,6.321388033060501,-3.552713678800501e-15,1.491012893959013,1.0000000000000013,10.108035947233077,7.97225194971139e-15,10.208930293979908,0.0,14.3664417465807,7.97225194971139e-15,390.0,0.0,1
test:e7686b3c5b7055f1,9608,active,3,60,equal_norm,0.05,decoder,OK,1,5.0753554091384565,5.0753554091384565,1.4034556357778452e-18,5.436027334530785,5.436027334530785,0.07106335755771101,0.07106335755771101,0.5043410447031887,0.5043410447031885,0.019240902411779223,0.019240902411779223,0.5047079370268744,0.5047079370268742,1.0,1.0,1
test:e7686b3c5b7055f1,9608,active,3,60,equal_norm,0.05,encoder_grad,OK,1,5.0753554091384565,5.0753554091384565,4.730210578761704e-18,9.988007978150875,9.988007978150875,0.9679425253138229,0.9679425253138229,0.6912762526879279,0.6912762526879269,0.06516297435467738,0.0651629743546771,0.6943407454247607,0.6943407454247597,6.0,6.0,1
test:e7686b3c5b7055f1,9608,active,3,60,equal_norm,0.05,jacobian_ln,OK,1,5.0753554091384565,5.0753554091384565,3.0444273447339113e-17,9.48217394124601,9.482173941246009,0.8682777759309797,0.8682777759309792,1.0541551333068008e-14,1.0726151583940587e-14,0.0181230367160592,0.0181230367160592,0.0181230367160592,0.0181230367160592,1.0,1.0,1
test:e7686b3c5b7055f1,9608,active,3,60,equal_norm,0.05,random,OK,1,5.0753554091384565,5.0753554091384565,8.690541527449943e-19,0.06785949169003969,0.06785949169003969,0.9866296082527025,0.9866296082527025,0.3364164626382332,0.3364164626382325,0.006497084814601392,0.006497084814601469,0.3364791946690165,0.33647919466901577,2.0,2.0,1
test:e7686b3c5b7055f1,9608,active,3,60,equal_norm,0.05,mean_only,OK,0,5.075355409138456,0.0,5.075355409138456,12.642776066121005,-5.329070518200751e-15,1.4910128939590137,1.000000000000001,10.108035947233073,4.181208691759755e-15,31.155860316479508,0.0,32.75454201741399,4.181208691759755e-15,4396.0,0.0,1
test:e7686b3c5b7055f1,9608,active,3,60,equal_norm,0.1,decoder,OK,1,10.150710818276913,10.150710818276913,2.8069112715556905e-18,10.872054669061567,10.872054669061566,0.07106335755771083,0.07106335755771065,0.5041996194962344,0.504199619496234,0.045035000696793774,0.045035000696793705,0.5062068822012475,0.5062068822012473,4.0,4.0,1
test:e7686b3c5b7055f1,9608,active,3,60,equal_norm,0.1,encoder_grad,OK,1,10.150710818276913,10.150710818276913,9.460421157523408e-18,19.976015956301737,19.976015956301737,0.9679425253138214,0.9679425253138214,0.6911876946025547,0.6911876946025544,0.1741250441507623,0.17412504415076213,0.7127832490810228,0.7127832490810224,24.0,24.0,1
test:e7686b3c5b7055f1,9608,active,3,60,equal_norm,0.1,jacobian_ln,OK,1,10.150710818276913,10.150710818276913,6.088854689467823e-17,18.964347882492003,18.964347882492003,0.8682777759309779,0.8682777759309779,7.452726707247201e-15,7.533201701028749e-15,0.04243297666126137,0.04243297666126133,0.04243297666126137,0.04243297666126133,4.0,4.0,1
test:e7686b3c5b7055f1,9608,active,3,60,equal_norm,0.1,random,OK,1,10.150710818276913,10.150710818276913,1.7381083054899885e-18,0.13571898338007538,0.13571898338007493,0.9866296082527031,0.9866296082527031,0.3361988394022363,0.3361988394022364,0.047008619474655844,0.04700861947465588,0.3394693946739878,0.33946939467398785,7.0,7.0,1
test:e7686b3c5b7055f1,9608,active,3,60,equal_norm,0.1,mean_only,OK,0,10.150710818276911,0.0,10.150710818276911,25.285552132242017,-3.1086244689504383e-15,1.4910128939590144,1.0000000000000004,10.108035947233073,1.967388501547739e-15,113.14887911032906,0.0,113.59947726391358,1.967388501547739e-15,23069.0,0.0,1
test:e7686b3c5b7055f1,9608,active,3,60,equal_norm,0.2,decoder,OK,1,20.301421636553826,20.301421636553826,5.613822543111381e-18,21.74410933812313,21.744109338123135,0.07106335755771065,0.07106335755771083,0.5041641433436415,0.5041641433436413,0.11549310324503465,0.11549310324503452,0.5172234916654463,0.5172234916654462,21.0,21.0,1
test:e7686b3c5b7055f1,9608,active,3,60,equal_norm,0.2,encoder_grad,OK,1,20.301421636553826,20.301421636553826,1.8920842315046816e-17,39.95203191260347,39.95203191260348,0.9679425253138214,0.9679425253138217,0.6911655533082701,0.6911655533082701,0.425743602329404,0.42574360232940384,0.8117680931179452,0.811768093117945,86.0,86.0,1
test:e7686b3c5b7055f1,9608,active,3,60,equal_norm,0.2,jacobian_ln,OK,1,20.301421636553826,20.301421636553826,1.2177709378935645e-16,37.92869576498403,37.92869576498402,0.8682777759309789,0.8682777759309785,7.121815239830413e-15,7.38013463294014e-15,0.10271667028737817,0.10271667028737806,0.10271667028737817,0.10271667028737806,18.0,18.0,1
test:e7686b3c5b7055f1,9608,active,3,60,equal_norm,0.2,random,OK,1,20.301421636553826,20.301421636553826,3.476216610979977e-18,0.27143796676015075,0.27143796676015164,0.9866296082527031,0.9866296082527028,0.3350602348363454,0.33506023483634545,0.14049696378373291,0.14049696378373294,0.36332459014087454,0.36332459014087465,27.0,27.0,1
test:e7686b3c5b7055f1,9608,active,3,60,equal_norm,0.2,mean_only,OK,0,20.301421636553822,0.0,20.301421636553822,50.571104264484035,-3.1086244689504383e-15,1.4910128939590144,1.0000000000000002,10.108035947233073,9.77924632666191e-16,203.28927075199712,0.0,203.54041366173288,9.77924632666191e-16,24516.0,0.0,1
test:e7686b3c5b7055f1,9608,active,3,60,target_matched,2xq99,decoder,OK,1,77.67268372239373,77.67268372239373,5.380315893605886e-16,83.19236739579789,83.19236739579789,1.8981675169371346e-09,1.8981675169371346e-09,0.46953926645386423,0.4695392664538641,0.4494338557927504,0.4494338557927501,0.6499676249435595,0.6499676249435592,238.0,238.0,1
test:e7686b3c5b7055f1,9608,active,3,60,target_matched,2xq99,encoder_grad,OK,1,42.273777993063455,42.273777993063455,4.375262906745257e-18,83.19236739579786,83.19236739579786,1.8981678585755597e-09,1.8981678585755597e-09,0.35120937968939375,0.3512093796893937,0.5031435794607764,0.5031435794607763,0.6135971723650716,0.6135971723650715,486.0,486.0,1
test:e7686b3c5b7055f1,9608,active,3,60,target_matched,2xq99,jacobian_ln,OK,,44.52890597425729,44.52890597425729,6.295014877820593e-16,83.19236739579775,83.19236739579775,1.8981692251292602e-09,1.8981692251292602e-09,3.877931994029586e-15,3.8373294639095714e-15,0.16092070725601626,0.16092070725601632,0.16092070725601626,0.16092070725601632,89.0,89.0,1
test:e7686b3c5b7055f1,9608,active,3,60,target_matched,2xq99,random,OK,1,6222.133725815633,6222.133725815633,1.888293221827313e-14,83.19236739579848,83.19236739579877,1.898160342530208e-09,1.898156926145957e-09,24.008956722315357,24.00895672231537,658.5341338492643,658.5341338492649,658.9716499573368,658.9716499573374,16485.0,16485.0,1
test:e7686b3c5b7055f1,9608,active,3,60,target_matched,2xq99,mean_only,OK,0,33.39700313072481,0.0,33.39700313072481,83.19236739579783,-2.220446049250313e-14,1.8981682002139847e-09,1.0000000000000004,4.057801528269666,9.38550703199403e-16,97.283838271437,0.0,97.3684288774649,9.38550703199403e-16,24516.0,0.0,1
test:e7686b3c5b7055f1,9608,active,3,60,target_matched,2xq99,decoder_calib_rescaled,OK_UNMATCHED,1,77.67268372239373,77.67268372239373,5.380315893605886e-16,83.19236739579789,83.19236739579789,1.8981675169371346e-09,1.8981675169371346e-09,0.46953926645386423,0.4695392664538641,0.4494338557927504,0.4494338557927501,0.6499676249435595,0.6499676249435592,238.0,238.0,1
test:e7686b3c5b7055f1,9608,active,3,60,target_matched,2xq99,decoder_plain,OK_UNMATCHED,1,83.09853187316389,83.09853187316389,5.876495796026475e-17,89.00379467190398,89.00379467190398,0.06985529188649481,0.06985529188649481,0.5022844219651977,0.5022844219651977,0.5176699950239967,0.5176699950239966,0.7212987344346706,0.7212987344346705,270.0,270.0,1
test:e7686b3c5b7055f1,9608,active,3,60,target_matched,q50,decoder,OK,1,1.425205334868003,1.425205334868003,5.753426884836168e-18,1.5264852474590924,1.5264852474590898,2.8013659755939814e-08,2.8013658010403565e-08,0.4729296220336206,0.4729296220336183,0.0,0.0,0.4729296220336206,0.4729296220336183,0.0,0.0,1
test:e7686b3c5b7055f1,9608,active,3,60,target_matched,q50,encoder_grad,OK,1,0.7756757077696975,0.7756757077696975,5.153135713906063e-19,1.5264852474590906,1.5264852474590884,2.8013658592248982e-08,2.801365713763544e-08,0.35134168837111907,0.35134168837111535,0.0,0.0,0.35134168837111907,0.35134168837111535,0.0,0.0,1
test:e7686b3c5b7055f1,9608,active,3,60,target_matched,q50,jacobian_ln,OK,,0.8170547393104982,0.8170547393104982,1.048219422197644e-17,1.5264852474590906,1.5264852474590889,2.8013658592248982e-08,2.8013657428558148e-08,3.235246435112141e-14,3.1111208632284716e-14,0.0,0.0,3.235246435112141e-14,3.1111208632284716e-14,0.0,0.0,1
test:e7686b3c5b7055f1,9608,active,3,60,target_matched,q50,random,OK,1,114.1690714844953,114.1690714844953,1.233393271082082e-16,1.5264852474591062,1.526485247459107,2.801366877454377e-08,2.8013669356389188e-08,24.281413039272994,24.281413039272994,143.56975400731176,143.56975400731173,145.6085893239262,145.60858932392614,2478.0,2478.0,1
test:e7686b3c5b7055f1,9608,active,3,60,target_matched,q50,mean_only,OK,0,0.6127969930925619,9.614813431917819e-17,0.6127969930925619,1.5264852474590933,-8.881784197001252e-15,2.801366033778523e-08,1.0000000000000058,4.057801649645935,1.8506675031567014e-14,0.943055628790705,0.0,4.165946248676656,1.8506675031567014e-14,27.0,0.0,1
test:e7686b3c5b7055f1,9608,active,3,60,target_matched,q50,decoder_calib_rescaled,OK_UNMATCHED,1,1.425205334868003,1.425205334868003,5.753426884836168e-18,1.5264852474590924,1.5264852474590898,2.8013659755939814e-08,2.8013658010403565e-08,0.4729296220336206,0.4729296220336183,0.0,0.0,0.4729296220336206,0.4729296220336183,0.0,0.0,1
test:e7686b3c5b7055f1,9608,active,3,60,target_matched,q50,decoder_plain,OK_UNMATCHED,1,1.5247634724276538,1.5247634724276538,5.737058638625201e-18,1.6331183230807147,1.6331183230807134,0.06985532388782613,0.06985532388782525,0.5056659331199217,0.5056659331199215,0.0,0.0,0.5056659331199217,0.5056659331199215,0.0,0.0,1
test:e7686b3c5b7055f1,9608,active,3,60,target_matched,q90,decoder,OK,1,5.182815018466136,5.182815018466136,8.630140327254252e-18,5.551123387235085,5.551123387235082,4.1765329038373735e-08,4.176532967837276e-08,0.47087157526885465,0.47087157526885354,0.018386739673872624,0.018386739673872745,0.47123042409420834,0.47123042409420723,1.0,1.0,1
test:e7686b3c5b7055f1,9608,active,3,60,target_matched,q90,encoder_grad,OK,1,2.8207750906717393,2.8207750906717393,0.0,5.551123387235091,5.551123387235087,4.1765328078375207e-08,4.1765328718374223e-08,0.3513416638548537,0.35134166385485255,0.012220760413822343,0.012220760413822303,0.35155413771621163,0.3515541377162104,1.0,1.0,1
test:e7686b3c5b7055f1,9608,active,3,60,target_matched,q90,jacobian_ln,OK,,2.9712515594811313,2.9712515594811313,3.759352800824392e-17,5.5511233872350765,5.551123387235078,4.176533063837129e-08,4.1765330318371776e-08,7.37405899442087e-15,7.562743379639303e-15,0.0014288182613094694,0.0014288182613094694,0.0014288182613094694,0.0014288182613094694,1.0,1.0,1
test:e7686b3c5b7055f1,9608,active,3,60,target_matched,q90,random,OK,1,415.18029988919346,415.18029988919346,1.7062237815565954e-15,5.55112338723508,5.551123387235052,4.1765329998372264e-08,4.176533511836443e-08,24.037442418221264,24.037442418221257,451.88123212492224,451.88123212492195,452.52010627677873,452.5201062767785,11660.0,11660.0,1
test:e7686b3c5b7055f1,9608,active,3,60,target_matched,q90,mean_only,OK,0,2.2284602655975596,7.691850745534255e-16,2.228460265597559,5.551123387235089,5.329070518200751e-15,4.176532839837472e-08,0.999999999999999,4.057801366496639,5.543565498150381e-15,3.55196411513274,0.0,5.392791578128409,5.543565498150381e-15,273.0,0.0,1
test:e7686b3c5b7055f1,9608,active,3,60,target_matched,q90,decoder_calib_rescaled,OK_UNMATCHED,1,5.182815018466138,5.182815018466138,8.630140327254252e-18,5.551123387235087,5.551123387235082,4.1765328718374223e-08,4.176532967837276e-08,0.47087157526885476,0.47087157526885365,0.018386739673872703,0.018386739673872665,0.47123042409420834,0.4712304240942073,1.0,1.0,1
test:e7686b3c5b7055f1,9608,active,3,60,target_matched,q90,decoder_plain,OK_UNMATCHED,1,5.544862084899873,5.544862084899873,3.515829600942801e-18,5.93889874302136,5.93889874302136,0.06985524923440016,0.06985524923440016,0.5037416445426415,0.5037416445426411,0.021302365793441302,0.021302365793441278,0.5041918635151925,0.5041918635151922,2.0,2.0,1
test:e7686b3c5b7055f1,9608,active,3,60,target_matched,q99,decoder,OK,1,38.836341861196864,38.836341861196864,2.690157946802943e-16,41.59618369789896,41.596183697898965,1.8981671752987096e-09,1.898167004479497e-09,0.47010417778607005,0.47010417778607005,0.22946898534705318,0.2294689853470531,0.5231194444943937,0.5231194444943937,52.0,52.0,1
test:e7686b3c5b7055f1,9608,active,3,60,target_matched,q99,encoder_grad,OK,1,21.136888996531727,21.136888996531727,2.1876314533726285e-18,41.596183697898965,41.596183697898965,1.898167004479497e-09,1.898167004479497e-09,0.35121197452763936,0.35121197452763914,0.22599193023211842,0.22599193023211822,0.41763884347800057,0.41763884347800034,87.0,87.0,1
test:e7686b3c5b7055f1,9608,active,3,60,target_matched,q99,jacobian_ln,OK,,22.264452987128646,22.264452987128646,3.1475074389102964e-16,41.596183697898866,41.596183697898866,1.8981693959484728e-09,1.8981693959484728e-09,3.836794673369966e-15,3.90253089649369e-15,0.06366923621550655,0.0636692362155064,0.06366923621550655,0.0636692362155064,19.0,19.0,1
test:e7686b3c5b7055f1,9608,active,3,60,target_matched,q99,random,OK,1,3111.0668629078164,3111.0668629078164,9.441466109136565e-15,41.59618369789925,41.59618369789928,1.898160171710995e-09,1.898159488434145e-09,24.009934502702997,24.009934502702997,641.9446380529274,641.9446380529275,642.3934894437583,642.3934894437584,16150.0,16150.0,1
test:e7686b3c5b7055f1,9608,active,3,60,target_matched,q99,mean_only,OK,0,16.698501565362406,0.0,16.698501565362406,41.59618369789894,-1.3322676295501878e-15,1.898167687756347e-09,1.0,4.057801528269666,5.103073297526853e-16,73.20478718354754,0.0,73.31716456486376,5.103073297526853e-16,24513.0,0.0,1
test:e7686b3c5b7055f1,9608,active,3,60,target_matched,q99,decoder_calib_rescaled,OK_UNMATCHED,1,38.836341861196864,38.836341861196864,2.690157946802943e-16,41.59618369789896,41.596183697898965,1.8981671752987096e-09,1.898167004479497e-09,0.47010417778607005,0.47010417778607005,0.22946898534705318,0.2294689853470531,0.5231194444943937,0.5231194444943937,52.0,52.0,1
test:e7686b3c5b7055f1,9608,active,3,60,target_matched,q99,decoder_plain,OK_UNMATCHED,1,41.549265936581946,41.549265936581946,2.9382478980132376e-17,44.501897335951995,44.501897335951995,0.06985529188649497,0.06985529188649497,0.5028522183171091,0.5028522183171091,0.26095570059504714,0.2609557005950474,0.5665317565145748,0.5665317565145748,59.0,59.0,1
test:e7686b3c5b7055f1,9608,active,3,60,equal_norm,0.2,decoder_unprojected_diagnostic,DIAGNOSTIC,0,20.301421636553833,20.276114307337057,1.0133652159698625,19.19269770520109,21.717003584477066,0.054613140273272,0.0697281922925882,0.29017604634060257,0.5035356923291793,0.0,0.11512615398860841,0.29017604634060257,0.5165290163985317,0.0,21.0,0
test:ad2a93f58516515f,9608,inactive,31,42,equal_norm,0.025,decoder,OK,1,2.5376777045692283,2.5376777045692283,7.017278178889226e-19,0.0,0.0,1.0,1.0,0.48535274791275984,0.48535274791275923,0.030753897918121366,0.030753897918121473,0.4863261170692205,0.4863261170692199,2.0,2.0,1
test:ad2a93f58516515f,9608,inactive,31,42,equal_norm,0.025,encoder_grad,OK,1,2.5376777045692283,2.5376777045692283,2.365105289380852e-18,0.0,0.0,1.0,1.0,0.5968714185911561,0.596871418591164,0.1292065833921792,0.12920658339218058,0.6106961859410122,0.6106961859410202,11.0,11.0,1
test:ad2a93f58516515f,9608,inactive,31,42,equal_norm,0.025,jacobian_ln,OK,1,2.5376777045692283,2.5376777045692283,0.0,0.0,0.0,1.0,1.0,1.3716113837969379e-14,1.3265298813363972e-14,0.04352459728438778,0.04352459728438813,0.04352459728438778,0.04352459728438813,3.0,3.0,1
test:ad2a93f58516515f,9608,inactive,31,42,equal_norm,0.025,random,OK,1,2.5376777045692283,2.5376777045692283,0.0,0.0,0.0,1.0,1.0,0.3326778450994881,0.3326778450994882,0.03189776640039728,0.03189776640039762,0.334203554920311,0.3342035549203111,2.0,2.0,1
test:ad2a93f58516515f,9608,inactive,31,42,equal_norm,0.025,mean_only,OK,0,2.537677704569228,0.0,2.537677704569228,0.0,0.0,1.0,1.0,10.737813420460858,9.884469156404222e-15,14.620090949519119,0.0,18.139671894079015,9.884469156404222e-15,739.0,0.0,1
test:ad2a93f58516515f,9608,inactive,31,42,equal_norm,0.05,decoder,OK,1,5.0753554091384565,5.0753554091384565,1.4034556357778452e-18,0.0,0.0,1.0,1.0,0.45401199823949423,0.45401199823949256,0.053182298310124554,0.05318229831012541,0.457116234013807,0.4571162340138054,3.0,3.0,1
test:ad2a93f58516515f,9608,inactive,31,42,equal_norm,0.05,encoder_grad,OK,1,5.0753554091384565,5.0753554091384565,4.730210578761704e-18,0.0,0.0,1.0,1.0,0.5968714185911581,0.5968714185911591,0.21021388248295703,0.21021388248295755,0.6328075273885257,0.632807527388527,25.0,25.0,1
test:ad2a93f58516515f,9608,inactive,31,42,equal_norm,0.05,jacobian_ln,OK,1,5.0753554091384565,5.0753554091384565,0.0,0.0,0.0,1.0,1.0,8.120995353021964e-15,7.652781352380644e-15,0.0739352504096762,0.0739352504096768,0.0739352504096762,0.0739352504096768,11.0,11.0,1
test:ad2a93f58516515f,9608,inactive,31,42,equal_norm,0.05,random,OK,1,5.0753554091384565,5.0753554091384565,0.0,0.0,0.0,1.0,1.0,0.3308077552346193,0.3308077552346194,0.05392928546118856,0.05392928546118843,0.33517478836231424,0.3351747883623143,5.0,5.0,1
test:ad2a93f58516515f,9608,inactive,31,42,equal_norm,0.05,mean_only,OK,0,5.075355409138456,0.0,5.075355409138456,1.7534184828787782,0.0,0.6545230235421553,1.0,10.737813420460862,5.018222765180881e-15,47.77888793417476,0.0,48.97063170185841,5.018222765180881e-15,8337.0,0.0,1
test:ad2a93f58516515f,9608,inactive,31,42,equal_norm,0.1,decoder,OK,1,10.150710818276913,10.150710818276913,2.8069112715556905e-18,0.0,0.0,1.0,1.0,0.4217398290800197,0.4217398290800196,0.06833824260438934,0.06833824260438948,0.42724068021982714,0.42724068021982714,8.0,8.0,1
test:ad2a93f58516515f,9608,inactive,31,42,equal_norm,0.1,encoder_grad,OK,1,10.150710818276913,10.150710818276913,9.460421157523408e-18,9.086658373059523,9.086658373059523,0.10482543343676182,0.10482543343676182,0.5968714185911592,0.5968714185911592,0.3270437023643097,0.32704370236430963,0.68059758564601,0.68059758564601,45.0,45.0,1
test:ad2a93f58516515f,9608,inactive,31,42,equal_norm,0.1,jacobian_ln,OK,1,10.150710818276913,10.150710818276913,0.0,8.015419983972311,8.015419983972317,0.21035876827414982,0.21035876827414932,5.09228033733393e-15,5.495176254174359e-15,0.12347689836523941,0.12347689836524006,0.12347689836523941,0.12347689836524006,18.0,18.0,1
test:ad2a93f58516515f,9608,inactive,31,42,equal_norm,0.1,random,OK,1,10.150710818276913,10.150710818276913,0.0,0.0,0.0,1.0,1.0,0.3207056701520176,0.3207056701520176,0.11666146094327172,0.11666146094327186,0.34126532688961125,0.3412653268896113,16.0,16.0,1
test:ad2a93f58516515f,9608,inactive,31,42,equal_norm,0.1,mean_only,OK,0,10.150710818276911,0.0,10.150710818276911,14.396194548999773,0.0,0.41824493520842815,1.0,10.737813420460862,2.41899903285703e-15,141.76290643060918,0.0,142.1689919662733,2.41899903285703e-15,24094.0,0.0,1
test:ad2a93f58516515f,9608,inactive,31,42,equal_norm,0.2,decoder,OK,1,20.301421636553826,20.301421636553826,5.613822543111381e-18,10.854751754880912,10.854751754880914,0.4653206218175812,0.46532062181758116,0.37458461865342296,0.37458461865342296,0.08560444769523992,0.08560444769523996,0.38424179626497873,0.3842417962649787,14.0,14.0,1
test:ad2a93f58516515f,9608,inactive,31,42,equal_norm,0.2,encoder_grad,OK,1,20.301421636553826,20.301421636553826,1.8920842315046816e-17,29.062674329361247,29.06267432936125,0.4315585459385292,0.4315585459385294,0.5968714185911581,0.5968714185911581,0.5122186234043825,0.5122186234043826,0.7865261651676325,0.7865261651676327,116.0,116.0,1
test:ad2a93f58516515f,9608,inactive,31,42,equal_norm,0.2,jacobian_ln,OK,1,20.301421636553826,20.301421636553826,0.0,26.92019755118686,26.920197551186863,0.3260252111011429,0.3260252111011431,2.752308366380198e-15,2.8074724135201023e-15,0.1771626992506049,0.17716269925060488,0.1771626992506049,0.17716269925060488,38.0,38.0,1
test:ad2a93f58516515f,9608,inactive,31,42,equal_norm,0.2,random,OK,1,20.301421636553826,20.301421636553826,0.0,0.0,0.0,1.0,1.0,0.30678942417196925,0.30678942417196936,0.17632961370190472,0.17632961370190495,0.3538529121711893,0.35385291217118947,24.0,24.0,1
test:ad2a93f58516515f,9608,inactive,31,42,equal_norm,0.2,mean_only,OK,0,20.301421636553822,0.0,20.301421636553822,39.68174668124179,0.0,0.9546289145837212,1.0,10.737813420460864,1.890486330514189e-15,219.90538896046658,0.0,220.16739252420356,1.890486330514189e-15,24504.0,0.0,1
test:ad2a93f58516515f,9608,inactive,31,42,target_matched,2xq99,decoder,OK,1,87.83954943351358,87.83954943351358,1.2177709378935645e-16,83.19236739579789,83.1923673957979,1.8981675169371346e-09,1.898167346117922e-09,0.22081557986862058,0.22081557986862055,0.3523566084067625,0.3523566084067628,0.4158301333485005,0.4158301333485007,215.0,215.0,1
test:ad2a93f58516515f,9608,inactive,31,42,target_matched,2xq99,encoder_grad,OK,1,47.807149615618286,47.807149615618286,0.0,83.19236739579785,83.19236739579785,1.898168029394772e-09,1.898168029394772e-09,0.34274530801120706,0.3427453080112071,0.9846339713377993,0.9846339713377994,1.0425825644408904,1.0425825644408906,1231.0,1231.0,1
test:ad2a93f58516515f,9608,inactive,31,42,target_matched,2xq99,jacobian_ln,OK,,50.516139645202244,50.516139645202244,6.135002996287704e-16,83.19236739579797,83.19236739579797,1.8981664920218595e-09,1.8981664920218595e-09,1.6493716684051646e-15,1.6817474351647735e-15,0.4017239871770475,0.40172398717704777,0.4017239871770475,0.40172398717704777,293.0,293.0,1
test:ad2a93f58516515f,9608,inactive,31,42,target_matched,2xq99,random,OK,1,1878.218285326612,1878.218285326612,2.436809233731044e-15,83.19236739579775,83.19236739579792,1.8981692251292602e-09,1.8981671752987096e-09,5.669769914106244,5.669769914106247,142.01327876264125,142.0132787626414,142.12641427896,142.12641427896014,12413.0,12413.0,1
test:ad2a93f58516515f,9608,inactive,31,42,target_matched,2xq99,mean_only,OK,0,37.76846076179466,6.153480596427404e-15,37.76846076179466,83.1923673957979,0.0,1.898167346117922e-09,1.0,4.874854585869245,6.159042295104088e-16,117.37604738428932,0.0,117.47723484485114,6.159042295104088e-16,24504.0,0.0,1
test:ad2a93f58516515f,9608,inactive,31,42,target_matched,2xq99,decoder_calib_rescaled,OK_UNMATCHED,1,77.67268372239373,77.67268372239373,5.380315893605886e-16,72.30300981255562,72.30300981255563,0.13089371130260116,0.13089371130260097,0.2066579682632759,0.20665796826327595,0.25246802606462954,0.25246802606462965,0.3262631147274782,0.3262631147274783,138.0,138.0,1
test:ad2a93f58516515f,9608,inactive,31,42,target_matched,2xq99,decoder_plain,OK_UNMATCHED,1,83.09853187316389,83.09853187316389,5.876495796026475e-17,78.11443708866176,78.11443708866176,0.06103841751793814,0.06103841751793814,0.2143635069886412,0.2143635069886412,0.3024435934057138,0.3024435934057142,0.370707216439915,0.3707072164399152,178.0,178.0,1
test:ad2a93f58516515f,9608,inactive,31,42,target_matched,q50,decoder,OK,1,11.592071045987852,11.592071045987852,7.058355992986299e-18,1.5264852474590764,1.526485247459076,2.801364928272232e-08,2.801364899179961e-08,3.121521792604423,3.1215217926044208,0.5406064864102959,0.5406064864102967,3.1679889006833997,3.1679889006833974,8.0,8.0,1
test:ad2a93f58516515f,9608,inactive,31,42,target_matched,q50,encoder_grad,OK,1,6.309047330324526,6.309047330324526,1.0613991105560415e-17,1.5264852474590787,1.526485247459084,2.801365073733586e-08,2.8013654228408358e-08,2.466902468453606,2.4669024684536196,1.0023015240795679,1.0023015240795743,2.6627459762498407,2.662745976249856,33.0,33.0,1
test:ad2a93f58516515f,9608,inactive,31,42,target_matched,q50,jacobian_ln,OK,,6.6665492197163765,6.6665492197163765,7.683080046440112e-17,1.526485247459099,1.5264852474590982,2.801366411978044e-08,2.801366353793502e-08,2.307155942932866e-14,2.1888726297871212e-14,0.3994841205013132,0.3994841205013132,0.3994841205013132,0.3994841205013132,14.0,14.0,1
test:ad2a93f58516515f,9608,inactive,31,42,target_matched,q50,random,OK,1,247.86602326392048,247.86602326392048,0.0,1.526485247459096,1.5264852474590818,2.801366208332148e-08,2.8013652773794816e-08,41.88100752965134,41.88100752965134,576.8534373797072,576.8534373797071,578.3717723130015,578.3717723130014,6238.0,6238.0,1
test:ad2a93f58516515f,9608,inactive,31,42,target_matched,q50,mean_only,OK,0,4.984254624162346,1.538370149106851e-15,4.984254624162346,1.52648524745908,0.0,2.8013651610103985e-08,1.0,35.060934296568284,1.817942564252096e-14,150.50157907836615,0.0,154.53153211830255,1.817942564252096e-14,7876.0,0.0,1
test:ad2a93f58516515f,9608,inactive,31,42,target_matched,q50,decoder_calib_rescaled,OK_UNMATCHED,1,1.425205334868003,1.425205334868003,5.753426884836168e-18,0.0,0.0,1.0,1.0,0.45315037442415057,0.4531503744241503,0.008545682315732552,0.008545682315732698,0.45323094612679443,0.45323094612679415,1.0,1.0,1
test:ad2a93f58516515f,9608,inactive,31,42,target_matched,q50,decoder_plain,OK_UNMATCHED,1,1.5247634724276538,1.5247634724276538,5.737058638625201e-18,0.0,0.0,1.0,1.0,0.48480532701827445,0.48480532701827456,0.012294223361974397,0.012294223361974542,0.48496118714116715,0.48496118714116726,1.0,1.0,1
test:ad2a93f58516515f,9608,inactive,31,42,target_matched,q90,decoder,OK,1,15.349680729585986,15.349680729585986,3.469446951953614e-17,5.551123387235062,5.551123387235062,4.176533319836737e-08,4.176533319836737e-08,1.0770518675761727,1.0770518675761729,0.2155238967468697,0.2155238967468695,1.0984039673627717,1.0984039673627717,11.0,11.0,1
test:ad2a93f58516515f,9608,inactive,31,42,target_matched,q90,encoder_grad,OK,1,8.35414671322657,8.35414671322657,1.717288626685379e-17,5.551123387235072,5.551123387235078,4.176533143837006e-08,4.1765330318371776e-08,0.8982598588211494,0.898259858821153,0.43683620725693273,0.43683620725693484,0.9988476590251455,0.9988476590251495,43.0,43.0,1
test:ad2a93f58516515f,9608,inactive,31,42,target_matched,q90,jacobian_ln,OK,,8.827534069171731,8.827534069171731,7.384125233424188e-18,5.55112338723509,5.55112338723509,4.176532823837496e-08,4.176532823837496e-08,7.097742742835709e-15,7.652333108522843e-15,0.17919183908788694,0.179191839087887,0.17919183908788694,0.179191839087887,18.0,18.0,1
test:ad2a93f58516515f,9608,inactive,31,42,target_matched,q90,random,OK,1,328.21264687901913,328.21264687901913,0.0,5.551123387235062,5.551123387235052,4.176533319836737e-08,4.176533511836443e-08,15.1185330443492,15.118533044349194,247.78024983936155,247.78024983936143,248.24105674096194,248.24105674096185,7767.0,7767.0,1
test:ad2a93f58516515f,9608,inactive,31,42,target_matched,q90,mean_only,OK,0,6.599917896667357,1.538370149106851e-15,6.599917896667356,5.551123387235055,0.0,4.176533447836541e-08,1.0,12.7665484526087,4.9782733340787214e-15,93.23378324509453,0.0,94.10378896508936,4.9782733340787214e-15,16460.0,0.0,1
test:ad2a93f58516515f,9608,inactive,31,42,target_matched,q90,decoder_calib_rescaled,OK_UNMATCHED,1,5.182815018466138,5.182815018466138,8.630140327254252e-18,0.0,0.0,1.0,1.0,0.4229420559913145,0.42294205599131424,0.05015577548056098,0.05015577548056093,0.4259056051993407,0.42590560519934045,3.0,3.0,1
test:ad2a93f58516515f,9608,inactive,31,42,target_matched,q90,decoder_plain,OK_UNMATCHED,1,5.544862084899873,5.544862084899873,3.515829600942801e-18,0.0,0.0,1.0,1.0,0.4494828815946257,0.4494828815946255,0.055325970248035546,0.05532597024803567,0.4528750642622033,0.45287506426220314,4.0,4.0,1
test:ad2a93f58516515f,9608,inactive,31,42,target_matched,q99,decoder,OK,1,49.00320757231671,49.00320757231671,0.0,41.59618369789892,41.59618369789892,1.898168029394772e-09,1.898168029394772e-09,0.3354001757825483,0.3354001757825483,0.17005492924711574,0.17005492924711593,0.3760478119550836,0.37604781195508363,36.0,36.0,1
test:ad2a93f58516515f,9608,inactive,31,42,target_matched,q99,encoder_grad,OK,1,26.670260619086555,26.670260619086555,1.2921806958105814e-17,41.59618369789895,41.59618369789895,1.898167346117922e-09,1.898167346117922e-09,0.38257534262977566,0.3825753426297757,0.4411559709227608,0.44115597092276104,0.5839370543723819,0.5839370543723821,226.0,226.0,1
test:ad2a93f58516515f,9608,inactive,31,42,target_matched,q99,jacobian_ln,OK,,28.18152976364789,28.18152976364789,3.7658666460053375e-17,41.59618369789898,41.59618369789898,1.898166662841072e-09,1.898166662841072e-09,1.912818198262444e-15,1.965336885147464e-15,0.17195031435417668,0.1719503143541768,0.17195031435417668,0.1719503143541768,71.0,71.0,1
test:ad2a93f58516515f,9608,inactive,31,42,target_matched,q99,random,OK,1,1047.805016026927,1047.805016026927,1.0583590434824822e-15,41.5961836978989,41.596183697899,1.8981685418524098e-09,1.8981661503834345e-09,6.339763803321823,6.3397638033218255,148.3375875492011,148.33758754920117,148.47300254591337,148.4730025459135,11560.0,11560.0,1
test:ad2a93f58516515f,9608,inactive,31,42,target_matched,q99,mean_only,OK,0,21.069959196432198,3.076740298213702e-15,21.0699591964322,41.59618369789891,0.0,1.8981683710331972e-09,1.0,5.4390878071846975,6.624997293836556e-16,112.91518136061406,0.0,113.04610500974648,6.624997293836556e-16,24504.0,0.0,1
test:ad2a93f58516515f,9608,inactive,31,42,target_matched,q99,decoder_calib_rescaled,OK_UNMATCHED,1,38.836341861196864,38.836341861196864,2.690157946802943e-16,30.706826114656693,30.7068261146567,0.26178742070703426,0.2617874207070341,0.2981506814043619,0.2981506814043619,0.11005843565360036,0.11005843565360053,0.31781549377021096,0.317815493770211,22.0,22.0,1
test:ad2a93f58516515f,9608,inactive,31,42,target_matched,q99,decoder_plain,OK_UNMATCHED,1,41.549265936581946,41.549265936581946,2.9382478980132376e-17,33.61253975270977,33.612539752709765,0.19193212692237108,0.19193212692237127,0.309125021271793,0.30912502127179303,0.12389959742692322,0.12389959742692327,0.3330306127352861,0.3330306127352861,26.0,26.0,1
test:ad2a93f58516515f,9608,inactive,31,42,equal_norm,0.2,decoder_unprojected_diagnostic,DIAGNOSTIC,0,20.301421636553833,20.276114307337057,1.0133652159698625,8.30334012195886,10.82764600123484,0.5909971196485645,0.46665578708270405,0.6454049946973109,0.37417194359033856,0.010185087599959702,0.08546291130517508,0.645485354744517,0.3838079631520531,1.0,14.0,0
test:7ed714b3dd307a73,15617,active,17,18,equal_norm,0.025,decoder,OK,1,2.537677704569228,2.537677704569228,1.5774826607045652e-17,1.9154981752074771,1.9154981752074776,0.2451767510803084,0.24517675108030823,0.4966498122946713,0.49664981229467103,0.04637498992510032,0.04637498992510032,0.4988102602622418,0.49881026026224157,2.0,2.0,1
test:7ed714b3dd307a73,15617,active,17,18,equal_norm,0.025,encoder_grad,OK,1,2.5376777045692283,2.5376777045692283,2.579763585566264e-16,3.226374700610285,3.226374700610285,0.27138864722915684,0.27138864722915684,0.8970396297608678,0.8970396297608657,0.16803020332867913,0.16803020332867852,0.9126413570467821,0.9126413570467798,8.0,8.0,1
test:7ed714b3dd307a73,15617,active,17,18,equal_norm,0.025,jacobian_ln,OK,1,2.5376777045692287,2.5376777045692287,1.0972511961509047e-16,2.9349047521768767,2.934904752176875,0.156531689239557,0.1565316892395563,1.6089966347577417e-14,1.616005817117004e-14,0.05645831317489087,0.05645831317489038,0.05645831317489087,0.05645831317489038,2.0,2.0,1
test:7ed714b3dd307a73,15617,active,17,18,equal_norm,0.025,random,OK,1,2.5376777045692283,2.5376777045692283,5.737058638625202e-19,0.12236450956836231,0.12236450956836098,0.95178091116957,0.9517809111695705,0.3764293377271534,0.37642933772715315,0.006819931359997321,0.006819931359997321,0.37649111246543177,0.37649111246543154,1.0,1.0,1
test:7ed714b3dd307a73,15617,active,17,18,equal_norm,0.025,mean_only,OK,0,2.537677704569228,0.0,2.537677704569228,4.027175929623873,-2.4424906541753444e-15,0.5869532315480355,1.000000000000001,12.087421195715553,1.5139811557498994e-14,11.871915188813379,0.0,16.942494545166937,1.5139811557498994e-14,410.0,0.0,1
test:7ed714b3dd307a73,15617,active,17,18,equal_norm,0.05,decoder,OK,1,5.075355409138456,5.075355409138456,3.1549653214091304e-17,3.8309963504149493,3.8309963504149493,0.24517675108030937,0.24517675108030937,0.4947306458887623,0.4947306458887621,0.07832979575187235,0.07832979575187202,0.5008931711293756,0.5008931711293754,8.0,8.0,1
test:7ed714b3dd307a73,15617,active,17,18,equal_norm,0.05,encoder_grad,OK,1,5.0753554091384565,5.0753554091384565,5.159527171132528e-16,6.452749401220576,6.452749401220575,0.2713886472291579,0.27138864722915773,0.896983579254316,0.8969835792543156,0.23884126120088928,0.23884126120088897,0.9282374100971774,0.9282374100971768,18.0,18.0,1
test:7ed714b3dd307a73,15617,active,17,18,equal_norm,0.05,jacobian_ln,OK,1,5.075355409138457,5.075355409138457,2.1945023923018094e-16,5.869809504353755,5.869809504353755,0.15653168923955735,0.15653168923955735,9.789471145799236e-15,9.717327757244436e-15,0.07349420598009801,0.07349420598009786,0.07349420598009801,0.07349420598009786,5.0,5.0,1
test:7ed714b3dd307a73,15617,active,17,18,equal_norm,0.05,random,OK,1,5.0753554091384565,5.0753554091384565,1.1474117277250404e-18,0.24472901913673129,0.24472901913673106,0.9517809111695688,0.9517809111695688,0.37554280395258605,0.37554280395258577,0.030605722667418556,0.03060572266741867,0.37678788178571426,0.376787881785714,2.0,2.0,1
test:7ed714b3dd307a73,15617,active,17,18,equal_norm,0.05,mean_only,OK,0,5.075355409138456,0.0,5.075355409138456,8.054351859247749,-3.3306690738754696e-15,0.5869532315480362,1.0000000000000007,12.087421195715553,7.368553716373497e-15,28.773775088551044,0.0,31.20954796226876,7.368553716373497e-15,3421.0,0.0,1
test:7ed714b3dd307a73,15617,active,17,18,equal_norm,0.1,decoder,OK,1,10.150710818276911,10.150710818276911,6.309930642818261e-17,7.661992700829915,7.661992700829915,0.2451767510803078,0.2451767510803078,0.4878856215520709,0.487885621552071,0.17099035172347773,0.17099035172347773,0.5169817019003372,0.5169817019003373,14.0,14.0,1
test:7ed714b3dd307a73,15617,active,17,18,equal_norm,0.1,encoder_grad,OK,1,10.150710818276913,10.150710818276913,1.0319054342265056e-15,12.905498802441155,12.905498802441157,0.27138864722915823,0.2713886472291584,0.8964972999311783,0.8964972999311779,0.3853816885622367,0.38538168856223654,0.9758209132125494,0.9758209132125488,39.0,39.0,1
test:7ed714b3dd307a73,15617,active,17,18,equal_norm,0.1,jacobian_ln,OK,1,10.150710818276915,10.150710818276915,4.389004784603619e-16,11.739619008707509,11.739619008707509,0.15653168923955718,0.15653168923955718,4.822251050045411e-15,4.708393874680225e-15,0.10206481847178771,0.10206481847178765,0.10206481847178771,0.10206481847178765,11.0,11.0,1
test:7ed714b3dd307a73,15617,active,17,18,equal_norm,0.1,random,OK,1,10.150710818276913,10.150710818276913,2.2948234554500807e-18,0.48945803827346546,0.48945803827346435,0.9517809111695684,0.9517809111695684,0.3530579404578074,0.35305794045780736,0.08031127110245932,0.08031127110245896,0.36207707685850726,0.36207707685850715,8.0,8.0,1
test:7ed714b3dd307a73,15617,active,17,18,equal_norm,0.1,mean_only,OK,0,10.150710818276911,0.0,10.150710818276911,16.1087037184955,-2.886579864025407e-15,0.5869532315480366,1.0000000000000004,12.087421195715553,3.686354318891965e-15,98.28789586856446,0.0,99.0283607126383,3.686354318891965e-15,21474.0,0.0,1
test:7ed714b3dd307a73,15617,active,17,18,equal_norm,0.2,decoder,OK,1,20.301421636553822,20.301421636553822,1.2619861285636522e-16,15.323985401659835,15.323985401659831,0.24517675108030754,0.2451767510803077,0.4835279819847511,0.48352798198475105,0.24904473458322865,0.24904473458322848,0.5438957521307521,0.543895752130752,24.0,24.0,1
test:7ed714b3dd307a73,15617,active,17,18,equal_norm,0.2,encoder_grad,OK,1,20.301421636553826,20.301421636553826,2.063810868453011e-15,25.810997604882317,25.81099760488232,0.27138864722915856,0.27138864722915873,0.8963756888810032,0.8963756888810032,0.5892273937327396,0.5892273937327395,1.0726967405292,1.0726967405291998,105.0,105.0,1
test:7ed714b3dd307a73,15617,active,17,18,equal_norm,0.2,jacobian_ln,OK,1,20.30142163655383,20.30142163655383,8.778009569207238e-16,23.479238017415046,23.47923801741504,0.15653168923955857,0.1565316892395582,3.054016614401392e-15,3.0521052434499284e-15,0.16685276710052752,0.16685276710052763,0.16685276710052752,0.16685276710052763,22.0,22.0,1
test:7ed714b3dd307a73,15617,active,17,18,equal_norm,0.2,random,OK,1,20.301421636553826,20.301421636553826,4.5896469109001614e-18,0.97891607654694,0.9789160765469369,0.9517809111695679,0.9517809111695681,0.339736930411652,0.3397369304116517,0.1335891180681859,0.1335891180681857,0.36505785069186963,0.3650578506918693,20.0,20.0,1
test:7ed714b3dd307a73,15617,active,17,18,equal_norm,0.2,mean_only,OK,0,20.301421636553822,0.0,20.301421636553822,32.21740743699099,-2.4424906541753444e-15,0.5869532315480358,1.0000000000000002,12.087421195715553,1.9856106147330666e-15,192.73428382450868,0.0,193.11294599924912,1.9856106147330666e-15,24493.0,0.0,1
test:7ed714b3dd307a73,15617,active,17,18,target_matched,2xq99,decoder,OK,1,38.010996183140456,38.010996183140456,0.0,28.691584315662173,28.69158431566217,2.3778377999404606e-08,2.377837787558036e-08,0.631285957538849,0.631285957538849,0.4548133126535176,0.45481331265351754,0.7780598367430411,0.7780598367430411,67.0,67.0,1
test:7ed714b3dd307a73,15617,active,17,18,target_matched,2xq99,encoder_grad,OK,1,22.567122725346046,22.567122725346046,2.0306788894791123e-15,28.691584315662165,28.691584315662165,2.3778377751756118e-08,2.3778377751756118e-08,0.7050306611597473,0.7050306611597473,0.49658886686381026,0.4965888668638104,0.8623622996562603,0.8623622996562603,136.0,136.0,1
test:7ed714b3dd307a73,15617,active,17,18,target_matched,2xq99,jacobian_ln,OK,,24.808298726771103,24.808298726771103,9.433201646269586e-16,28.6915843156622,28.6915843156622,2.3778378989998564e-08,2.3778378989998564e-08,2.690715888760754e-15,2.6528916303531207e-15,0.1660321694291399,0.16603216942913998,0.1660321694291399,0.16603216942913998,26.0,26.0,1
test:7ed714b3dd307a73,15617,active,17,18,target_matched,2xq99,mean_only,OK,0,18.079665527158657,3.076740298213702e-15,18.079665527158717,28.691584315662144,-1.5543122344752192e-15,2.3778377008810645e-08,1.0,7.6167471371187245,1.4795083513084204e-15,113.20881318966546,0.0,113.46475320892996,1.4795083513084204e-15,24493.0,0.0,1
test:7ed714b3dd307a73,15617,active,17,18,target_matched,2xq99,decoder_calib_rescaled,OK_UNMATCHED,1,38.010996183140456,38.010996183140456,0.0,28.691584315662173,28.69158431566217,2.3778377999404606e-08,2.377837787558036e-08,0.631285957538849,0.631285957538849,0.4548133126535176,0.45481331265351754,0.7780598367430411,0.7780598367430411,67.0,67.0,1
test:7ed714b3dd307a73,15617,active,17,18,target_matched,2xq99,decoder_plain,OK_UNMATCHED,1,28.647067103504376,28.647067103504376,3.6789120673819033e-17,21.623472777100996,21.623472777100996,0.24634788189551887,0.24634788189551887,0.4786252585105527,0.4786252585105524,0.2910692951296023,0.29106929512960206,0.5601816425513575,0.5601816425513572,42.0,42.0,1
test:7ed714b3dd307a73,15617,active,17,18,target_matched,q50,decoder,OK,1,1.5617667841196146,1.5617667841196146,0.0,1.1788579060667537,1.1788579060667541,1.398579262924834e-08,1.3985792252536946e-08,0.6579683469731963,0.6579683469731972,0.04268088859524525,0.04268088859524525,0.6593511991874438,0.6593511991874446,2.0,2.0,1
test:7ed714b3dd307a73,15617,active,17,18,target_matched,q50,encoder_grad,OK,1,0.9272207051818571,0.9272207051818571,6.025135261020001e-17,1.178857906066756,1.1788579060667563,1.3985790745691376e-08,1.3985790368979982e-08,0.7055589328802482,0.7055589328802451,0.08440736160097656,0.08440736160097656,0.7105899031505813,0.7105899031505782,2.0,2.0,1
test:7ed714b3dd307a73,15617,active,17,18,target_matched,q50,jacobian_ln,OK,,1.0193044332569485,1.0193044332569485,2.742551320806672e-17,1.1788579060667541,1.1788579060667541,1.3985792252536946e-08,1.3985792252536946e-08,4.8009363550966365e-14,4.819430609054431e-14,0.017314884151962008,0.017314884151961255,0.017314884151962008,0.017314884151961255,1.0,1.0,1
test:7ed714b3dd307a73,15617,active,17,18,target_matched,q50,mean_only,OK,0,0.7428434906642302,2.884444029575346e-16,0.74284349066423,1.178857906066755,-4.6629367034256575e-15,1.398579149911416e-08,1.000000000000004,7.61674684947864,3.229859991155589e-14,3.0712410149345457,0.0,8.212633800484408,3.229859991155589e-14,43.0,0.0,1
test:7ed714b3dd307a73,15617,active,17,18,target_matched,q50,decoder_calib_rescaled,OK_UNMATCHED,1,1.5617667841196148,1.5617667841196148,0.0,1.1788579060667537,1.1788579060667541,1.398579262924834e-08,1.3985792252536946e-08,0.657968346973196,0.6579683469731965,0.04268088859524525,0.042680888595245055,0.6593511991874433,0.659351199187444,2.0,2.0,1
test:7ed714b3dd307a73,15617,active,17,18,target_matched,q50,decoder_plain,OK_UNMATCHED,1,1.177028816849136,1.177028816849136,9.997508921271804e-19,0.8884487367255531,0.8884487367255491,0.2463479103565648,0.2463479103565682,0.49587922655086103,0.49587922655084943,0.025025493832799325,0.025025493832797063,0.49651030469291935,0.4965103046929077,1.0,1.0,1
test:7ed714b3dd307a73,15617,active,17,18,target_matched,q90,decoder,OK,1,10.20867692686488,10.20867692686488,7.419043169642368e-18,7.705746868281606,7.705746868281603,2.8236823144657302e-08,2.8236822683610006e-08,0.646298200991709,0.6462982009917074,0.2274842599106744,0.2274842599106735,0.6851645445527861,0.6851645445527843,14.0,14.0,1
test:7ed714b3dd307a73,15617,active,17,18,target_matched,q90,encoder_grad,OK,1,6.0608899583155935,6.060889958315593,5.036721143368604e-16,7.705746868281603,7.705746868281601,2.8236822683610006e-08,2.8236822453086357e-08,0.7053625368724881,0.7053625368724878,0.21319380403875693,0.21319380403875682,0.7368771312123263,0.7368771312123261,22.0,22.0,1
test:7ed714b3dd307a73,15617,active,17,18,target_matched,q90,jacobian_ln,OK,,6.662806351786469,6.662806351786469,2.374065337145585e-16,7.705746868281617,7.705746868281617,2.82368245277992e-08,2.82368245277992e-08,5.738164863759446e-15,5.8394672578660815e-15,0.06825148824181922,0.068251488241819,0.06825148824181922,0.068251488241819,5.0,5.0,1
test:7ed714b3dd307a73,15617,active,17,18,target_matched,q90,mean_only,OK,0,4.855686060509084,7.691850745534255e-16,4.855686060509084,7.705746868281606,-1.9984014443252818e-15,2.8236823144657302e-08,1.0000000000000002,7.616747171077581,5.97595911112653e-15,16.84627554360203,0.0,18.488153968395064,5.97595911112653e-15,2962.0,0.0,1
test:7ed714b3dd307a73,15617,active,17,18,target_matched,q90,decoder_calib_rescaled,OK_UNMATCHED,1,10.20867692686488,10.20867692686488,7.419043169642368e-18,7.705746868281606,7.705746868281603,2.8236823144657302e-08,2.8236822683610006e-08,0.646298200991709,0.6462982009917074,0.2274842599106744,0.2274842599106735,0.6851645445527861,0.6851645445527843,14.0,14.0,1
test:7ed714b3dd307a73,15617,active,17,18,target_matched,q90,decoder_plain,OK_UNMATCHED,1,7.693790806030202,7.693790806030202,8.753753042103598e-18,5.8074523107656075,5.807452310765607,0.24634787853540244,0.24634787853540255,0.48994368262496946,0.4899436826249689,0.1340723174507603,0.1340723174507602,0.5079568864094021,0.5079568864094015,11.0,11.0,1
test:7ed714b3dd307a73,15617,active,17,18,target_matched,q99,decoder,OK,1,19.005498091570228,19.005498091570228,0.0,14.345792157831077,14.34579215783108,2.377837738028338e-08,2.3778377504107626e-08,0.6409399584596603,0.6409399584596602,0.32100578411550296,0.3210057841155029,0.7168324377327522,0.7168324377327522,21.0,21.0,1
test:7ed714b3dd307a73,15617,active,17,18,target_matched,q99,encoder_grad,OK,1,11.283561362673023,11.283561362673023,1.0153394447395561e-15,14.345792157831072,14.345792157831069,2.3778377008810645e-08,2.3778376761162157e-08,0.705108072503155,0.7051080725031553,0.32400246196563587,0.32400246196563603,0.775986462039711,0.7759864620397113,42.0,42.0,1
test:7ed714b3dd307a73,15617,active,17,18,target_matched,q99,jacobian_ln,OK,,12.404149363385551,12.404149363385551,4.716600823134793e-16,14.345792157831097,14.345792157831093,2.3778378742350075e-08,2.3778378494701587e-08,3.584784547220802e-15,3.822704902849181e-15,0.10124384684396034,0.1012438468439604,0.10124384684396034,0.1012438468439604,11.0,11.0,1
test:7ed714b3dd307a73,15617,active,17,18,target_matched,q99,mean_only,OK,0,9.039832763579328,1.538370149106851e-15,9.039832763579358,14.345792157831088,-1.1102230246251565e-15,2.3778378123228852e-08,1.0000000000000002,7.616747137118727,3.079738564718993e-15,51.443650741232005,0.0,52.00446171759367,3.079738564718993e-15,18432.0,0.0,1
test:7ed714b3dd307a73,15617,active,17,18,target_matched,q99,decoder_calib_rescaled,OK_UNMATCHED,1,19.005498091570228,19.005498091570228,0.0,14.345792157831077,14.34579215783108,2.377837738028338e-08,2.3778377504107626e-08,0.6409399584596603,0.6409399584596602,0.32100578411550296,0.3210057841155029,0.7168324377327522,0.7168324377327522,21.0,21.0,1
test:7ed714b3dd307a73,15617,active,17,18,target_matched,q99,decoder_plain,OK_UNMATCHED,1,14.323533551752188,14.323533551752188,1.8394560336909517e-17,10.811736388550502,10.811736388550502,0.24634788189551862,0.24634788189551862,0.4846064514973842,0.48460645149738407,0.21198940981864492,0.21198940981864473,0.528945103681038,0.5289451036810378,17.0,17.0,1
test:7ed714b3dd307a73,15617,active,17,18,equal_norm,0.2,decoder_unprojected_diagnostic,DIAGNOSTIC,0,20.301421636553826,20.269077680627326,1.1455175432227078,13.481688620958842,15.299571431184125,0.33592392977002283,0.2463793254779253,0.499908468761933,0.48276370225250875,0.08254258792216966,0.24847886057633942,0.5066771713436373,0.5429572141208411,3.0,24.0,0
test:b6626494bd663bdd,15617,inactive,6,45,equal_norm,0.025,decoder,OK,1,2.537677704569228,2.537677704569228,1.5774826607045652e-17,0.0,0.0,1.0,1.0,0.3610551401312575,0.36105514013125617,0.020825494632497422,0.020825494632496565,0.3616552439021038,0.3616552439021024,2.0,2.0,1
test:b6626494bd663bdd,15617,inactive,6,45,equal_norm,0.025,encoder_grad,OK,1,2.5376777045692283,2.5376777045692283,2.579763585566264e-16,0.0,0.0,1.0,1.0,0.6869357895819005,0.6869357895819012,0.09822103838333517,0.09822103838333528,0.693922294921852,0.6939222949218526,9.0,9.0,1
test:b6626494bd663bdd,15617,inactive,6,45,equal_norm,0.025,jacobian_ln,OK,1,2.5376777045692283,2.5376777045692287,2.7897109712314e-16,0.0,0.0,1.0,1.0,1.5733984617101484e-14,1.8769539445442647e-14,0.0026517115894097525,0.0026517115894083526,0.0026517115894097525,0.0026517115894083526,1.0,1.0,1
test:b6626494bd663bdd,15617,inactive,6,45,equal_norm,0.025,random,OK,1,2.5376777045692283,2.5376777045692283,3.3871558665088805e-18,0.0,0.0,1.0,1.0,0.3711159238745098,0.37111592387450876,0.013407698300638428,0.013407698300637727,0.3713580419580973,0.3713580419580962,1.0,1.0,1
test:b6626494bd663bdd,15617,inactive,6,45,equal_norm,0.025,mean_only,OK,0,2.537677704569228,0.0,2.537677704569228,0.0,0.0,1.0,1.0,12.867458295534211,1.778247023486642e-14,16.17455098855984,0.0,20.668516702193077,1.778247023486642e-14,647.0,0.0,1
test:b6626494bd663bdd,15617,inactive,6,45,equal_norm,0.05,decoder,OK,1,5.075355409138456,5.075355409138456,3.1549653214091304e-17,0.0,0.0,1.0,1.0,0.360708048918904,0.3607080489189035,0.04783476019546172,0.0478347601954612,0.363865992966971,0.3638659929669704,2.0,2.0,1
test:b6626494bd663bdd,15617,inactive,6,45,equal_norm,0.05,encoder_grad,OK,1,5.0753554091384565,5.0753554091384565,5.159527171132528e-16,0.0,0.0,1.0,1.0,0.6869357895818992,0.686935789581896,0.17906318488285305,0.17906318488285186,0.7098904163241663,0.7098904163241629,19.0,19.0,1
test:b6626494bd663bdd,15617,inactive,6,45,equal_norm,0.05,jacobian_ln,OK,1,5.0753554091384565,5.075355409138457,5.5794219424628e-16,0.0,0.0,1.0,1.0,9.50650006409101e-15,1.1222723303371617e-14,0.035028041548899776,0.0350280415488994,0.035028041548899776,0.0350280415488994,5.0,5.0,1
test:b6626494bd663bdd,15617,inactive,6,45,equal_norm,0.05,random,OK,1,5.0753554091384565,5.0753554091384565,6.774311733017761e-18,0.0,0.0,1.0,1.0,0.3707734738121955,0.3707734738121955,0.04212047117903234,0.042120471179032504,0.3731582813969248,0.37315828139692486,4.0,4.0,1
test:b6626494bd663bdd,15617,inactive,6,45,equal_norm,0.05,mean_only,OK,0,5.075355409138456,0.0,5.075355409138456,0.0,0.0,1.0,1.0,12.867458295534215,8.352498068606703e-15,38.478757237988994,0.0,40.57322074432103,8.352498068606703e-15,4889.0,0.0,1
test:b6626494bd663bdd,15617,inactive,6,45,equal_norm,0.1,decoder,OK,1,10.150710818276911,10.150710818276911,6.309930642818261e-17,0.0,0.0,1.0,1.0,0.3601999744272503,0.36019997442725027,0.06931568428516828,0.06931568428516774,0.36680878624334085,0.3668087862433407,11.0,11.0,1
test:b6626494bd663bdd,15617,inactive,6,45,equal_norm,0.1,encoder_grad,OK,1,10.150710818276913,10.150710818276913,1.0319054342265056e-15,2.385444880011578,2.385444880011576,0.7649972631461588,0.7649972631461589,0.6868568517211987,0.6868568517211985,0.2930636122081742,0.2930636122081742,0.7467654354326128,0.7467654354326126,45.0,45.0,1
test:b6626494bd663bdd,15617,inactive,6,45,equal_norm,0.1,jacobian_ln,OK,1,10.150710818276913,10.150710818276915,1.11588438849256e-15,1.3834672258696459,1.3834672258696454,0.8637073582578944,0.8637073582578944,4.307644756876282e-15,4.2250577904793234e-15,0.07300563770274986,0.07300563770274994,0.07300563770274986,0.07300563770274994,9.0,9.0,1
test:b6626494bd663bdd,15617,inactive,6,45,equal_norm,0.1,random,OK,1,10.150710818276913,10.150710818276913,1.3548623466035522e-17,0.0,0.0,1.0,1.0,0.3640880959236858,0.3640880959236856,0.08918893195446026,0.08918893195445934,0.37485304744194403,0.37485304744194364,10.0,10.0,1
test:b6626494bd663bdd,15617,inactive,6,45,equal_norm,0.1,mean_only,OK,0,10.150710818276911,0.0,10.150710818276911,5.588649796065914,0.0,0.4494326788272815,1.0,12.867458295534215,4.357571025608036e-15,112.82681458767357,0.0,113.55818584755825,4.357571025608036e-15,22764.0,0.0,1
test:b6626494bd663bdd,15617,inactive,6,45,equal_norm,0.2,decoder,OK,1,20.301421636553822,20.301421636553822,1.2619861285636522e-16,4.803931479230257,4.803931479230253,0.7633697062679661,0.7633697062679662,0.3346381123544055,0.3346381123544053,0.1066224167238585,0.10662241672385807,0.35121361873958684,0.3512136187395865,22.0,22.0,1
test:b6626494bd663bdd,15617,inactive,6,45,equal_norm,0.2,encoder_grad,OK,1,20.301421636553826,20.301421636553826,2.063810868453011e-15,15.290943682452742,15.290943682452742,0.24680430795849984,0.24680430795849984,0.6866489741619322,0.6866489741619324,0.4885737658639321,0.4885737658639323,0.8427283894637098,0.8427283894637101,127.0,127.0,1
test:b6626494bd663bdd,15617,inactive,6,45,equal_norm,0.2,jacobian_ln,OK,1,20.301421636553826,20.30142163655383,2.23176877698512e-15,13.286988374168878,13.286988374168878,0.3455144030702354,0.3455144030702354,3.2102941974398604e-15,3.035345128942175e-15,0.11554977629707981,0.11554977629707994,0.11554977629707981,0.11554977629707994,19.0,19.0,1
test:b6626494bd663bdd,15617,inactive,6,45,equal_norm,0.2,random,OK,1,20.301421636553826,20.301421636553826,2.7097246932071044e-17,0.0,0.0,1.0,1.0,0.3504842512499233,0.35048425124992305,0.14012657422270874,0.14012657422270844,0.3774581661291906,0.37745816612919025,25.0,25.0,1
test:b6626494bd663bdd,15617,inactive,6,45,equal_norm,0.2,mean_only,OK,0,20.301421636553822,0.0,20.301421636553822,21.697353514561414,0.0,0.06876027636037743,1.0,12.867458295534215,1.908611110512169e-15,201.7960509147014,0.0,202.2058793600129,1.908611110512169e-15,24479.0,0.0,1
test:b6626494bd663bdd,15617,inactive,6,45,target_matched,2xq99,decoder,OK,1,51.94810488695007,51.94810488695007,7.325031980272574e-17,28.691584315662162,28.691584315662165,2.3778377627931872e-08,2.3778377751756118e-08,0.5034764450761666,0.5034764450761665,0.4736438503847706,0.4736438503847705,0.6912503365307284,0.6912503365307282,102.0,102.0,1
test:b6626494bd663bdd,15617,inactive,6,45,target_matched,2xq99,encoder_grad,OK,1,30.84158206968872,30.84158206968872,2.322238216993041e-15,28.691584315662148,28.691584315662148,2.377837713263489e-08,2.377837713263489e-08,0.7380606848632011,0.7380606848632012,0.7630817850951321,0.7630817850951326,1.061615460176005,1.0616154601760055,279.0,279.0,1
test:b6626494bd663bdd,15617,inactive,6,45,target_matched,2xq99,jacobian_ln,OK,,33.43766903145529,33.43766903145529,4.145067138359259e-15,28.691584315662148,28.691584315662148,2.377837713263489e-08,2.377837713263489e-08,3.3723607049847053e-15,2.9795816775829336e-15,0.22089458452159375,0.22089458452159405,0.22089458452159375,0.22089458452159405,45.0,45.0,1
test:b6626494bd663bdd,15617,inactive,6,45,target_matched,2xq99,random,OK,1,411.00796012777573,411.00796012777573,5.85874444175896e-16,28.691584315662197,28.691584315662197,2.377837886617432e-08,2.377837886617432e-08,3.934609752592342,3.9346097525923405,50.04599153444753,50.045991534447516,50.200422533791375,50.200422533791354,6873.0,6873.0,1
test:b6626494bd663bdd,15617,inactive,6,45,target_matched,2xq99,mean_only,OK,0,24.70875418788398,3.076740298213702e-15,24.70875418788398,28.69158431566216,0.0,2.3778377504107626e-08,1.0,11.081259078170511,3.0206314398401418e-15,189.102756094016,0.0,189.42715398039016,3.0206314398401418e-15,24479.0,0.0,1
test:b6626494bd663bdd,15617,inactive,6,45,target_matched,2xq99,decoder_calib_rescaled,OK_UNMATCHED,1,38.010996183140456,38.010996183140456,0.0,18.171530393232587,18.171530393232587,0.3666599018931616,0.3666599018931616,0.38953522608825925,0.38953522608825936,0.23871400872204823,0.23871400872204826,0.45686110616223546,0.4568611061622356,52.0,52.0,1
test:b6626494bd663bdd,15617,inactive,6,45,target_matched,2xq99,decoder_plain,OK_UNMATCHED,1,28.647067103504376,28.647067103504376,3.6789120673819033e-17,11.103418854671414,11.103418854671409,0.6130078075670584,0.6130078075670585,0.30810997130155215,0.30810997130155204,0.13920736875658685,0.13920736875658646,0.33809827851022206,0.33809827851022173,31.0,31.0,1
test:b6626494bd663bdd,15617,inactive,6,45,target_matched,q50,decoder,OK,1,15.49887548792922,15.49887548792922,1.7507506084207195e-17,1.1788579060667508,1.178857906066749,1.3985795077872392e-08,1.3985796584717962e-08,4.6524874931938776,4.6524874931938776,1.1889975077761912,1.188997507776185,4.802015717157062,4.802015717157059,16.0,16.0,1
test:b6626494bd663bdd,15617,inactive,6,45,target_matched,q50,encoder_grad,OK,1,9.201680049524526,9.201680049524526,5.752784721814291e-16,1.178857906066751,1.1788579060667475,1.3985794889516695e-08,1.3985797903207837e-08,5.361791379613152,5.361791379613145,2.141990106335144,2.1419901063351388,5.773814026631923,5.773814026631915,41.0,41.0,1
test:b6626494bd663bdd,15617,inactive,6,45,target_matched,q50,jacobian_ln,OK,,9.976230510293393,9.976230510293393,1.1269799235681224e-15,1.1788579060667481,1.1788579060667457,1.3985797338140747e-08,1.3985799410053408e-08,4.0564279819319487e-14,5.0491641286653785e-14,0.6106436053714984,0.6106436053714938,0.6106436053714984,0.6106436053714938,9.0,9.0,1
test:b6626494bd663bdd,15617,inactive,6,45,target_matched,q50,random,OK,1,122.6254781080268,122.6254781080268,0.0,1.1788579060667486,1.1788579060667481,1.3985796961429356e-08,1.3985797338140747e-08,30.42130012062303,30.42130012062303,115.95274523776743,115.95274523776743,119.8769979153783,119.8769979153783,1274.0,1274.0,1
test:b6626494bd663bdd,15617,inactive,6,45,target_matched,q50,mean_only,OK,0,7.371932151389556,1.538370149106851e-15,7.371932151389557,1.1788579060667506,0.0,1.3985795266228088e-08,1.0,80.46604256166813,4.5194513683843175e-14,438.4307765681915,0.0,445.75366498518395,4.5194513683843175e-14,14115.0,0.0,1
test:b6626494bd663bdd,15617,inactive,6,45,target_matched,q50,decoder_calib_rescaled,OK_UNMATCHED,1,1.5617667841196148,1.5617667841196148,0.0,0.0,0.0,1.0,1.0,0.47884597685602154,0.4788459768560202,0.0,0.0,0.47884597685602154,0.4788459768560202,0.0,0.0,1
test:b6626494bd663bdd,15617,inactive,6,45,target_matched,q50,decoder_plain,OK_UNMATCHED,1,1.177028816849136,1.177028816849136,9.997508921271804e-19,0.0,0.0,1.0,1.0,0.3613581498096001,0.36135814980960007,0.0,0.0,0.3613581498096001,0.36135814980960007,0.0,0.0,1
test:b6626494bd663bdd,15617,inactive,6,45,target_matched,q90,decoder,OK,1,24.145785630674496,24.145785630674496,3.60454244012597e-17,7.7057468682815955,7.705746868281594,2.8236821761515408e-08,2.823682153099176e-08,1.0033708518144844,1.0033708518144846,0.3810695571988624,0.3810695571988628,1.0732972904534235,1.073297290453424,26.0,26.0,1
test:b6626494bd663bdd,15617,inactive,6,45,target_matched,q90,encoder_grad,OK,1,14.335349302658264,14.335349302658264,1.0095315638062613e-15,7.705746868281596,7.705746868281598,2.8236821876777233e-08,2.8236822107300883e-08,1.2775338370477995,1.2775338370477993,0.6887512517227351,0.6887512517227352,1.4513686614887713,1.4513686614887713,77.0,77.0,1
test:b6626494bd663bdd,15617,inactive,6,45,target_matched,q90,jacobian_ln,OK,,15.542025838670874,15.542025838670874,2.064622270235225e-15,7.7057468682815875,7.7057468682815875,2.8236820724158985e-08,2.8236820724158985e-08,7.631689097821034e-15,7.094901943358781e-15,0.19771755119816883,0.19771755119816942,0.19771755119816883,0.19771755119816942,15.0,15.0,1
test:b6626494bd663bdd,15617,inactive,6,45,target_matched,q90,random,OK,1,191.0389246988513,191.0389246988513,8.00179634253265e-16,7.705746868281607,7.705746868281606,2.8236823259919127e-08,2.8236823144657302e-08,6.9833973537021246,6.983397353702123,47.70540781145612,47.705407811456084,48.213833834875985,48.213833834875956,3010.0,3010.0,1
test:b6626494bd663bdd,15617,inactive,6,45,target_matched,q90,mean_only,OK,0,11.48477472123439,1.538370149106851e-15,11.48477472123439,7.705746868281595,0.0,2.8236821646253583e-08,1.0,19.17787723511944,4.866275564796917e-15,195.20251426106663,0.0,196.14232727559656,4.866275564796917e-15,23959.0,0.0,1
test:b6626494bd663bdd,15617,inactive,6,45,target_matched,q90,decoder_calib_rescaled,OK_UNMATCHED,1,10.20867692686488,10.20867692686488,7.419043169642368e-18,0.0,0.0,1.0,1.0,0.47713154783178846,0.4771315478317881,0.09213639612959679,0.09213639612959627,0.4859461178238882,0.48594611782388775,11.0,11.0,1
test:b6626494bd663bdd,15617,inactive,6,45,target_matched,q90,decoder_plain,OK_UNMATCHED,1,7.693790806030202,7.693790806030202,8.753753042103598e-18,0.0,0.0,1.0,1.0,0.36001264263394467,0.3600126426339445,0.05928369491721696,0.05928369491721664,0.3648611507674036,0.3648611507674034,7.0,7.0,1
test:b6626494bd663bdd,15617,inactive,6,45,target_matched,q99,decoder,OK,1,32.94260679537984,32.94260679537984,3.4742698347205557e-17,14.345792157831067,14.345792157831063,2.377837663733791e-08,2.3778376389689422e-08,0.6910283878526016,0.691028387852601,0.3604974340191273,0.36049743401912665,0.7794091561898285,0.7794091561898278,38.0,38.0,1
test:b6626494bd663bdd,15617,inactive,6,45,target_matched,q99,encoder_grad,OK,1,19.558020707015693,19.558020707015693,1.089980749574907e-15,14.345792157831072,14.345792157831072,2.3778377008810645e-08,2.3778377008810645e-08,0.9361351637911994,0.9361351637911997,0.6457640620565873,0.6457640620565874,1.1372599829107677,1.137259982910768,123.0,123.0,1
test:b6626494bd663bdd,15617,inactive,6,45,target_matched,q99,jacobian_ln,OK,,21.204315065090967,21.204315065090967,2.5789148570455536e-15,14.345792157831063,14.345792157831065,2.3778376389689422e-08,2.3778376513513668e-08,4.42044595365544e-15,4.003002891491182e-15,0.17562632426905764,0.17562632426905797,0.17562632426905764,0.17562632426905797,22.0,22.0,1
test:b6626494bd663bdd,15617,inactive,6,45,target_matched,q99,random,OK,1,260.63845158019967,260.63845158019967,0.0,14.345792157831083,14.34579215783107,2.3778377751756118e-08,2.3778376884986403e-08,5.044868199109497,5.044868199109495,46.82497585442009,46.824975854420046,47.095955865800306,47.09595586580027,4599.0,4599.0,1
test:b6626494bd663bdd,15617,inactive,6,45,target_matched,q99,mean_only,OK,0,15.668921424304687,0.0,15.668921424304687,14.34579215783107,0.0,2.3778376884986403e-08,1.0,14.054239761173955,2.8051649137378126e-15,189.11077778236285,0.0,189.6322966393509,2.8051649137378126e-15,24470.0,0.0,1
test:b6626494bd663bdd,15617,inactive,6,45,target_matched,q99,decoder_calib_rescaled,OK_UNMATCHED,1,19.005498091570228,19.005498091570228,0.0,3.825738235401495,3.825738235401493,0.7333198275647016,0.7333198275647018,0.45129921374623017,0.45129921374622983,0.1353540494247337,0.13535404942473309,0.47115995057266785,0.47115995057266735,21.0,21.0,1
test:b6626494bd663bdd,15617,inactive,6,45,target_matched,q99,decoder_plain,OK_UNMATCHED,1,14.323533551752188,14.323533551752188,1.8394560336909517e-17,0.2916824661209121,0.2916824661209124,0.9796677332385981,0.9796677332385981,0.3545547508764199,0.35455475087641997,0.086095274845147,0.08609527484514705,0.36485814739389,0.3648581473938901,14.0,14.0,1
test:b6626494bd663bdd,15617,inactive,6,45,equal_norm,0.2,decoder_unprojected_diagnostic,DIAGNOSTIC,0,20.301421636553826,20.269077680627326,1.1455175432227078,2.9616346985292603,4.77951750875455,0.8541168849576816,0.7645722806655837,0.5402923444963601,0.3342515244047142,0.0003649008149583117,0.10633985717473374,0.5402924677190847,0.3507595284390974,1.0,22.0,0
test:97436786b436db55,17696,active,24,95,equal_norm,0.025,decoder,OK,1,2.5376777045692283,2.5376777045692283,9.501471788262684e-18,2.5844030273958216,2.584403027395821,0.018412606655448003,0.018412606655447826,0.3770177455442941,0.37701774554429407,0.0,0.0,0.3770177455442941,0.37701774554429407,0.0,0.0,1
test:97436786b436db55,17696,active,24,95,equal_norm,0.025,encoder_grad,OK,1,2.5376777045692283,2.5376777045692283,5.45828767303363e-18,3.8151306103077736,3.8151306103077736,0.5033944274123673,0.5033944274123673,0.9845176397421326,0.9845176397421336,0.1729808899712038,0.17298088997120398,0.9995986050703798,0.9995986050703808,8.0,8.0,1
test:97436786b436db55,17696,active,24,95,equal_norm,0.025,jacobian_ln,OK,1,2.537677704569228,2.537677704569228,1.0868703634671155e-16,3.3950517013287356,3.3950517013287356,0.33785768559644164,0.33785768559644164,2.2856869391577028e-14,2.2019414291663102e-14,0.0,0.0,2.2856869391577028e-14,2.2019414291663102e-14,0.0,0.0,1
test:97436786b436db55,17696,active,24,95,equal_norm,0.025,random,OK,1,2.5376777045692283,2.5376777045692283,6.5195544348358424e-18,0.010383601636962503,0.010383601636962947,0.9959082268912886,0.9959082268912883,0.3419017414507957,0.3419017414507956,0.0,0.0,0.3419017414507957,0.3419017414507956,0.0,0.0,1
test:97436786b436db55,17696,active,24,95,equal_norm,0.025,mean_only,OK,0,2.537677704569228,0.0,2.537677704569228,3.029661774773944,0.0,0.19387174238104735,1.0,9.70672571750743,1.579565743492986e-14,14.223540220005795,0.0,17.22003543971506,1.579565743492986e-14,624.0,0.0,1
test:97436786b436db55,17696,active,24,95,equal_norm,0.05,decoder,OK,1,5.0753554091384565,5.0753554091384565,1.9002943576525368e-17,5.168806054791649,5.168806054791647,0.01841260665544905,0.0184126066554487,0.37365335993937254,0.37365335993937226,0.03684229357232024,0.036842293572320335,0.37546529531988876,0.37546529531988854,2.0,2.0,1
test:97436786b436db55,17696,active,24,95,equal_norm,0.05,encoder_grad,OK,1,5.0753554091384565,5.0753554091384565,1.091657534606726e-17,7.6302612206155676,7.6302612206155676,0.5033944274123713,0.5033944274123713,0.9845176397421339,0.9845176397421341,0.3207113085852289,0.3207113085852287,1.0354374565457212,1.0354374565457212,25.0,25.0,1
test:97436786b436db55,17696,active,24,95,equal_norm,0.05,jacobian_ln,OK,1,5.075355409138456,5.075355409138456,2.173740726934231e-16,6.790103402657476,6.790103402657476,0.3378576855964425,0.3378576855964425,7.597217272635188e-15,7.509883435784135e-15,0.09356647986919482,0.0935664798691948,0.09356647986919482,0.0935664798691948,3.0,3.0,1
test:97436786b436db55,17696,active,24,95,equal_norm,0.05,random,OK,1,5.0753554091384565,5.0753554091384565,1.3039108869671685e-17,0.02076720327392234,0.020767203273922563,0.995908226891289,0.995908226891289,0.3416639605169272,0.3416639605169272,0.028021252761942332,0.02802125276194239,0.34281110326601305,0.34281110326601305,3.0,3.0,1
test:97436786b436db55,17696,active,24,95,equal_norm,0.05,mean_only,OK,0,5.075355409138456,0.0,5.075355409138456,6.0593235495478925,0.0,0.1938717423810482,1.0,9.706725717507428,7.888090919310083e-15,44.353956095165145,0.0,45.40367766433417,7.888090919310083e-15,6682.0,0.0,1
test:97436786b436db55,17696,active,24,95,equal_norm,0.1,decoder,OK,1,10.150710818276913,10.150710818276913,3.8005887153050735e-17,10.337612109583306,10.337612109583302,0.018412606655449925,0.018412606655449575,0.3724576580340257,0.37245765803402503,0.11095842631306535,0.11095842631306489,0.38863412021857163,0.38863412021857086,9.0,9.0,1
test:97436786b436db55,17696,active,24,95,equal_norm,0.1,encoder_grad,OK,1,10.150710818276913,10.150710818276913,2.183315069213452e-17,15.260522441231151,15.260522441231151,0.503394427412373,0.503394427412373,0.9845176397421359,0.9845176397421362,0.5400066948970954,0.5400066948970956,1.1228901163947924,1.1228901163947929,66.0,66.0,1
test:97436786b436db55,17696,active,24,95,equal_norm,0.1,jacobian_ln,OK,1,10.150710818276911,10.150710818276911,4.347481453868462e-16,13.580206805314951,13.58020680531495,0.3378576855964425,0.33785768559644236,3.810643211509581e-15,3.965473863203448e-15,0.1544183785129335,0.1544183785129337,0.1544183785129335,0.1544183785129337,14.0,14.0,1
test:97436786b436db55,17696,active,24,95,equal_norm,0.1,random,OK,1,10.150710818276913,10.150710818276913,2.607821773934337e-17,0.04153440654784224,0.04153440654784246,0.9959082268912892,0.9959082268912892,0.33479795866124323,0.33479795866124323,0.09141510523601133,0.09141510523601137,0.3470538785103065,0.3470538785103065,12.0,12.0,1
test:97436786b436db55,17696,active,24,95,equal_norm,0.1,mean_only,OK,0,10.150710818276911,0.0,10.150710818276911,12.118647099095776,-3.552713678800501e-15,0.19387174238104735,1.0000000000000004,9.706725717507432,5.970409067731635e-15,133.17703168773355,0.0,133.5303047750229,5.970409067731635e-15,23676.0,0.0,1
test:97436786b436db55,17696,active,24,95,equal_norm,0.2,decoder,OK,1,20.301421636553826,20.301421636553826,7.601177430610147e-17,20.675224219166598,20.675224219166598,0.018412606655449228,0.018412606655449228,0.36357550661540305,0.36357550661540317,0.34181879616043226,0.3418187961604325,0.4990262903086511,0.4990262903086513,25.0,25.0,1
test:97436786b436db55,17696,active,24,95,equal_norm,0.2,encoder_grad,OK,1,20.301421636553826,20.301421636553826,4.366630138426904e-17,30.521044882462256,30.521044882462256,0.5033944274123706,0.5033944274123706,0.984517639742136,0.984517639742136,1.122077703384896,1.1220777033848965,1.492760314115079,1.4927603141150791,301.0,301.0,1
test:97436786b436db55,17696,active,24,95,equal_norm,0.2,jacobian_ln,OK,1,20.301421636553822,20.301421636553822,8.694962907736924e-16,27.160413610629877,27.160413610629877,0.3378576855964413,0.3378576855964413,2.9786582327285165e-15,3.10796080620185e-15,0.316590204047029,0.3165902040470291,0.316590204047029,0.3165902040470291,42.0,42.0,1
test:97436786b436db55,17696,active,24,95,equal_norm,0.2,random,OK,1,20.301421636553826,20.301421636553826,5.215643547868674e-17,0.08306881309568626,0.08306881309568648,0.9959082268912892,0.9959082268912892,0.32477799274926705,0.32477799274926705,0.17891128582483962,0.17891128582483964,0.37079643036272664,0.3707964303627267,37.0,37.0,1
test:97436786b436db55,17696,active,24,95,equal_norm,0.2,mean_only,OK,0,20.301421636553822,0.0,20.301421636553822,24.237294198191552,-5.10702591327572e-15,0.19387174238104735,1.0000000000000002,9.706725717507434,3.2081132373070326e-15,214.76541552744757,0.0,214.98466045472205,3.2081132373070326e-15,24504.0,0.0,1
test:97436786b436db55,17696,active,24,95,target_matched,2xq99,decoder,OK,1,8.748841368800742,8.748841368800742,1.873255384637848e-17,8.909930555414087,8.90993055541409,3.6613875438311846e-08,3.6613875837048265e-08,0.365938952124416,0.3659389521244161,0.08813414255447666,0.0881341425544769,0.3764026351737305,0.3764026351737306,8.0,8.0,1
test:97436786b436db55,17696,active,24,95,target_matched,2xq99,encoder_grad,OK,1,5.926542084468869,5.926542084468869,1.0566383176901208e-17,8.909930555414094,8.909930555414093,3.6613876235784683e-08,3.6613876036416474e-08,0.6548631934759036,0.6548631934759036,0.23775158867516868,0.23775158867516868,0.6966861704433536,0.6966861704433535,28.0,28.0,1
test:97436786b436db55,17696,active,24,95,target_matched,2xq99,jacobian_ln,OK,,6.659849130098751,6.659849130098751,1.9829512736361786e-16,8.90993055541409,8.90993055541409,3.6613875837048265e-08,3.6613875837048265e-08,4.538559095311938e-15,4.503434839976778e-15,0.08814957002702088,0.0881495700270208,0.08814957002702088,0.0881495700270208,6.0,6.0,1
test:97436786b436db55,17696,active,24,95,target_matched,2xq99,random,OK,1,2177.523070535595,2177.523070535595,0.0,8.90993055541409,8.909930555414176,3.6613875837048265e-08,3.661388540672234e-08,69.92206364642426,69.92206364642429,1642.1227988001776,1642.1227988001785,1643.610775495191,1643.6107754951918,13072.0,13072.0,1
test:97436786b436db55,17696,active,24,95,target_matched,2xq99,mean_only,OK,0,7.463054888832095,1.538370149106851e-15,7.463054888832095,8.909930555414098,-3.774758283725532e-15,3.66138766345211e-08,1.0000000000000004,8.13045968702574,7.176510534031912e-15,73.75077351876098,0.0,74.19758061647244,7.176510534031912e-15,18087.0,0.0,1
test:97436786b436db55,17696,active,24,95,target_matched,2xq99,decoder_calib_rescaled,OK_UNMATCHED,1,8.748841368800742,8.748841368800742,1.873255384637848e-17,8.909930555414087,8.90993055541409,3.6613875438311846e-08,3.6613875837048265e-08,0.365938952124416,0.3659389521244161,0.08813414255447666,0.0881341425544769,0.3764026351737305,0.3764026351737306,8.0,8.0,1
test:97436786b436db55,17696,active,24,95,target_matched,2xq99,decoder_plain,OK_UNMATCHED,1,8.907158495151707,8.907158495151707,4.706186817419514e-17,9.071162716572042,9.071162716572044,0.01809581929798589,0.018095819297986086,0.3725308904354603,0.37253089043546056,0.09138358244799917,0.09138358244799934,0.38357557725912006,0.38357557725912034,8.0,8.0,1
test:97436786b436db55,17696,active,24,95,target_matched,q50,decoder,OK,1,0.654064478895705,0.654064478895705,3.2461909743797976e-18,0.666107526707008,0.666107526707008,1.2993751278617526e-08,1.2993751278617526e-08,0.37209945749752604,0.3720994574975261,0.0,0.0,0.37209945749752604,0.3720994574975261,0.0,0.0,1
test:97436786b436db55,17696,active,24,95,target_matched,q50,encoder_grad,OK,1,0.44306903014095345,0.44306903014095345,6.289161167854328e-19,0.6661075267070089,0.6661075267070087,1.299374994523159e-08,1.2993750278578072e-08,0.6548631609896718,0.6548631609896745,0.040546495038784984,0.04054649503878565,0.656117198281919,0.6561171982819216,1.0,1.0,1
test:97436786b436db55,17696,active,24,95,target_matched,q50,jacobian_ln,OK,,0.4978911569177478,0.4978911569177478,1.301739127196935e-17,0.6661075267070065,0.666107526707006,1.2993753612042914e-08,1.2993754278735881e-08,5.901665677872887e-14,6.231056639049598e-14,0.0,0.0,5.901665677872887e-14,6.231056639049598e-14,0.0,0.0,1
test:97436786b436db55,17696,active,24,95,target_matched,q50,random,OK,1,162.79189807832444,162.79189807832444,4.172514838294939e-16,0.6661075267070014,0.6661075267070031,1.2993761279012048e-08,1.2993758612240175e-08,71.63797881112288,71.6379788111229,645.892276646511,645.8922766465113,649.8529318543974,649.8529318543976,3741.0,3741.0,1
test:97436786b436db55,17696,active,24,95,target_matched,q50,mean_only,OK,0,0.5579389202599214,0.0,0.5579389202599214,0.6661075267070122,-5.10702591327572e-15,1.2993744945034328e-08,1.0000000000000078,8.13045928369296,9.271880737949753e-14,2.608020937431677,0.0,8.538509318017464,9.271880737949753e-14,27.0,0.0,1
test:97436786b436db55,17696,active,24,95,target_matched,q50,decoder_calib_rescaled,OK_UNMATCHED,1,0.6540644788957051,0.6540644788957051,0.0,0.666107526707008,0.666107526707008,1.2993751278617526e-08,1.2993751278617526e-08,0.3720994574975261,0.3720994574975255,0.0,0.0,0.3720994574975261,0.3720994574975255,0.0,0.0,1
test:97436786b436db55,17696,active,24,95,target_matched,q50,decoder_plain,OK_UNMATCHED,1,0.6659002871338424,0.6659002871338424,1.0866557916835722e-18,0.6781612633132164,0.6781612633132168,0.018095768792673432,0.018095768792674098,0.37883288817071303,0.37883288817071364,0.0,0.0,0.37883288817071303,0.37883288817071364,0.0,0.0,1
test:97436786b436db55,17696,active,24,95,target_matched,q90,decoder,OK,1,2.1643349064311255,2.1643349064311255,1.992544145032244e-18,2.2041860061297864,2.2041860061297864,1.9713756106552568e-08,1.9713756106552568e-08,0.3716251577414717,0.37162515774147165,0.0,0.0,0.3716251577414717,0.37162515774147165,0.0,0.0,1
test:97436786b436db55,17696,active,24,95,target_matched,q90,encoder_grad,OK,1,1.4661394997503927,1.4661394997503927,7.081114382797612e-18,2.204186006129783,2.204186006129784,1.971375449474951e-08,1.9713755099175658e-08,0.6548631824086314,0.6548631824086332,0.06504834398719749,0.06504834398719765,0.6580859174377136,0.6580859174377154,3.0,3.0,1
test:97436786b436db55,17696,active,24,95,target_matched,q90,jacobian_ln,OK,,1.6475488966161844,1.6475488966161844,5.692219596837332e-17,2.204186006129789,2.2041860061297887,1.9713757315404863e-08,1.971375711392948e-08,1.5603091414914494e-14,1.5683132965282115e-14,0.0,0.0,1.5603091414914494e-14,1.5683132965282115e-14,0.0,0.0,1
test:97436786b436db55,17696,active,24,95,target_matched,q90,random,OK,1,538.6872378239608,538.6872378239608,5.622752328115806e-16,2.2041860061297505,2.2041860061297434,1.971373978704659e-08,1.971373656344047e-08,70.29149094366096,70.29149094366096,1310.4023581657189,1310.402358165719,1312.2862622101015,1312.2862622101015,10298.0,10298.0,1
test:97436786b436db55,17696,active,24,95,target_matched,q90,mean_only,OK,0,1.846250208869076,7.691850745534255e-16,1.8462502088690758,2.2041860061297887,-3.774758283725532e-15,1.971375711392948e-08,1.0000000000000016,8.13045954962001,2.7812797337899025e-14,7.991648132343171,0.0,11.400474216417111,2.7812797337899025e-14,260.0,0.0,1
test:97436786b436db55,17696,active,24,95,target_matched,q90,decoder_calib_rescaled,OK_UNMATCHED,1,2.1643349064311255,2.1643349064311255,1.992544145032244e-18,2.2041860061297864,2.2041860061297864,1.9713756106552568e-08,1.9713756106552568e-08,0.3716251577414717,0.37162515774147165,0.0,0.0,0.3716251577414717,0.37162515774147165,0.0,0.0,1
test:97436786b436db55,17696,active,24,95,target_matched,q90,decoder_plain,OK_UNMATCHED,1,2.2035002391195415,2.2035002391195415,4.68313846159462e-18,2.244072475631666,2.244072475631666,0.018095802092043842,0.018095802092043842,0.3783182036667647,0.3783182036667647,0.0,0.0,0.3783182036667647,0.3783182036667647,0.0,0.0,1
test:97436786b436db55,17696,active,24,95,target_matched,q99,decoder,OK,1,4.374420684400371,4.374420684400371,9.36627692318924e-18,4.454965277707052,4.454965277707052,3.661387723262574e-08,3.661387723262574e-08,0.36731674903229095,0.3673167490322914,0.020034128451762154,0.020034128451762348,0.3678626923492959,0.36786269234929636,2.0,2.0,1
test:97436786b436db55,17696,active,24,95,target_matched,q99,encoder_grad,OK,1,2.9632710422344344,2.9632710422344344,5.283191588450604e-18,4.454965277707043,4.4549652777070445,3.6613875238943636e-08,3.6613875637680055e-08,0.6548631934759024,0.6548631934759028,0.13467848610057054,0.13467848610057062,0.6685686926470598,0.6685686926470603,12.0,12.0,1
test:97436786b436db55,17696,active,24,95,target_matched,q99,jacobian_ln,OK,,3.3299245650493754,3.3299245650493754,9.914756368180893e-17,4.454965277707046,4.454965277707046,3.6613876036416474e-08,3.6613876036416474e-08,9.11172199178515e-15,9.206443178395402e-15,0.0325454215407068,0.03254542154070675,0.0325454215407068,0.03254542154070675,2.0,2.0,1
test:97436786b436db55,17696,active,24,95,target_matched,q99,random,OK,1,1088.7615352677974,1088.7615352677974,0.0,4.454965277707101,4.4549652777070445,3.6613888397245486e-08,3.6613875637680055e-08,70.10453965610327,70.10453965610324,1526.3911747105208,1526.39117471052,1528.0002175112927,1528.000217511292,12123.0,12123.0,1
test:97436786b436db55,17696,active,24,95,target_matched,q99,mean_only,OK,0,3.7315274444160473,7.691850745534255e-16,3.7315274444160473,4.4549652777070445,-4.218847493575595e-15,3.6613875637680055e-08,1.0000000000000009,8.130459687025736,1.3050894518688303e-14,21.22047896125975,0.0,22.724724466264018,1.3050894518688303e-14,2235.0,0.0,1
test:97436786b436db55,17696,active,24,95,target_matched,q99,decoder_calib_rescaled,OK_UNMATCHED,1,4.374420684400371,4.374420684400371,9.36627692318924e-18,4.454965277707052,4.454965277707052,3.661387723262574e-08,3.661387723262574e-08,0.36731674903229095,0.3673167490322914,0.020034128451762154,0.020034128451762348,0.3678626923492959,0.36786269234929636,2.0,2.0,1
test:97436786b436db55,17696,active,24,95,target_matched,q99,decoder_plain,OK_UNMATCHED,1,4.4535792475758536,4.4535792475758536,2.353093408709757e-17,4.535581358286024,4.535581358286024,0.018095819297986485,0.018095819297986485,0.37390757114409706,0.3739075711440973,0.022395652140869613,0.022395652140869703,0.37457767818396875,0.3745776781839689,2.0,2.0,1
test:97436786b436db55,17696,active,24,95,equal_norm,0.2,decoder_unprojected_diagnostic,DIAGNOSTIC,0,20.30142163655383,20.29406787107842,0.5463787232302059,20.015428917713223,20.667735051522047,0.014087348154677382,0.01804370798418376,0.33893556103035666,0.36345061230064546,0.2638244403560315,0.3415771841105597,0.42951210676782536,0.4987698069115785,12.0,25.0,0
test:c47f3338ce69a81c,17696,inactive,0,67,equal_norm,0.025,decoder,OK,1,2.5376777045692283,2.5376777045692283,9.501471788262684e-18,0.0,0.0,1.0,1.0,0.4225396861253864,0.4225396861253874,0.058846938836563945,0.058846938836559705,0.4266178015054861,0.42661780150548656,4.0,4.0,1
test:c47f3338ce69a81c,17696,inactive,0,67,equal_norm,0.025,encoder_grad,OK,1,2.5376777045692283,2.5376777045692283,5.45828767303363e-18,0.0,0.0,1.0,1.0,1.1316867596646853,1.131686759664685,0.29124520830855777,0.29124520830855755,1.168562661290806,1.1685626612908053,15.0,15.0,1
test:c47f3338ce69a81c,17696,inactive,0,67,equal_norm,0.025,jacobian_ln,OK,1,2.537677704569228,2.5376777045692283,2.651846645013753e-16,0.0,0.0,1.0,1.0,3.1413173742881446e-14,3.260648562309892e-14,0.06105907557166937,0.06105907557166916,0.06105907557166937,0.06105907557166916,4.0,4.0,1
test:c47f3338ce69a81c,17696,inactive,0,67,equal_norm,0.025,random,OK,1,2.5376777045692274,2.5376777045692274,6.1835920670216865e-18,0.0,0.0,1.0,1.0,0.4458292103436137,0.4458292103436154,0.027204693281907614,0.02720469328190507,0.4466584602715736,0.446658460271575,2.0,2.0,1
test:c47f3338ce69a81c,17696,inactive,0,67,equal_norm,0.025,mean_only,OK,0,2.537677704569228,0.0,2.537677704569228,0.0,0.0,1.0,1.0,14.858248835665458,2.4361812345415554e-14,18.137560383791037,0.0,23.446506245882777,2.4361812345415554e-14,743.0,0.0,1
test:c47f3338ce69a81c,17696,inactive,0,67,equal_norm,0.05,decoder,OK,1,5.0753554091384565,5.0753554091384565,1.9002943576525368e-17,0.0,0.0,1.0,1.0,0.4200280985488281,0.42002809854882817,0.07934803931327698,0.07934803931327554,0.4274572667687443,0.427457266768744,7.0,7.0,1
test:c47f3338ce69a81c,17696,inactive,0,67,equal_norm,0.05,encoder_grad,OK,1,5.0753554091384565,5.0753554091384565,1.091657534606726e-17,0.0,0.0,1.0,1.0,1.1316779744498797,1.1316779744498682,0.38739448475331545,0.3873944847533102,1.1961477854647684,1.1961477854647558,37.0,37.0,1
test:c47f3338ce69a81c,17696,inactive,0,67,equal_norm,0.05,jacobian_ln,OK,1,5.075355409138456,5.0753554091384565,5.303693290027506e-16,0.0,0.0,1.0,1.0,1.4454179222287993e-14,2.2723230893949786e-14,0.07643754022556037,0.07643754022555806,0.07643754022556037,0.07643754022555806,8.0,8.0,1
test:c47f3338ce69a81c,17696,inactive,0,67,equal_norm,0.05,random,OK,1,5.075355409138455,5.075355409138455,1.2367184134043373e-17,0.0,0.0,1.0,1.0,0.44036955553585283,0.4403695555358538,0.05507896859180204,0.05507896859179994,0.4438006739787371,0.44380067397873774,4.0,4.0,1
test:c47f3338ce69a81c,17696,inactive,0,67,equal_norm,0.05,mean_only,OK,0,5.075355409138456,0.0,5.075355409138456,0.0,0.0,1.0,1.0,14.85824883566546,1.0364988229672765e-14,41.40092853557746,0.0,43.98641201633234,1.0364988229672765e-14,4840.0,0.0,1
test:c47f3338ce69a81c,17696,inactive,0,67,equal_norm,0.1,decoder,OK,1,10.150710818276913,10.150710818276913,3.8005887153050735e-17,0.8867913642575098,0.8867913642575043,0.9126375128743889,0.9126375128743894,0.4171485610298001,0.41714856102980025,0.12162593879920434,0.1216259387992026,0.43451788335811986,0.4345178833581195,18.0,18.0,1
test:c47f3338ce69a81c,17696,inactive,0,67,equal_norm,0.1,encoder_grad,OK,1,10.150710818276913,10.150710818276913,2.183315069213452e-17,5.809701695905341,5.809701695905339,0.4276556921174673,0.42765569211746746,1.131675778135521,1.131675778135521,0.5872336577406929,0.5872336577406928,1.274964091887356,1.2749640918873557,93.0,93.0,1
test:c47f3338ce69a81c,17696,inactive,0,67,equal_norm,0.1,jacobian_ln,OK,1,10.150710818276911,10.150710818276913,1.0607386580055013e-15,3.3328250203185146,3.3328250203185146,0.6716658566321564,0.6716658566321564,6.589922138913129e-15,6.3129083893944386e-15,0.11204701943081984,0.11204701943082003,0.11204701943081984,0.11204701943082003,12.0,12.0,1
test:c47f3338ce69a81c,17696,inactive,0,67,equal_norm,0.1,random,OK,1,10.15071081827691,10.15071081827691,2.4734368268086746e-17,0.0,0.0,1.0,1.0,0.4308410561791544,0.43084105617915464,0.07887199568706654,0.07887199568706499,0.43800092168079957,0.43800092168079946,7.0,7.0,1
test:c47f3338ce69a81c,17696,inactive,0,67,equal_norm,0.1,mean_only,OK,0,10.150710818276911,0.0,10.150710818276911,2.6678263537699856,0.0,0.737178377148791,1.0,14.85824883566546,8.072985790920842e-15,111.41583193315697,0.0,112.40220266444973,8.072985790920842e-15,21316.0,0.0,1
test:c47f3338ce69a81c,17696,inactive,0,67,equal_norm,0.2,decoder,OK,1,20.301421636553826,20.301421636553826,7.601177430610147e-17,11.224403473840812,11.224403473840812,0.4471124531094696,0.4471124531094696,0.4054712796484454,0.4054712796484453,0.19490349068919102,0.19490349068919094,0.44988257279270044,0.4498825727927004,35.0,35.0,1
test:c47f3338ce69a81c,17696,inactive,0,67,equal_norm,0.2,encoder_grad,OK,1,20.301421636553826,20.301421636553826,4.366630138426904e-17,21.070224137136485,21.070224137136478,0.03786936764745247,0.03786936764745212,1.1316752290562648,1.1316752290562622,1.0140058453362288,1.0140058453362248,1.5195054058592847,1.51950540585928,295.0,295.0,1
test:c47f3338ce69a81c,17696,inactive,0,67,equal_norm,0.2,jacobian_ln,OK,1,20.301421636553822,20.301421636553826,2.1214773160110026e-15,16.116470785962818,16.116470785962814,0.20614079686723735,0.20614079686723755,5.301506312604449e-15,5.3495501348068674e-15,0.18348064611623868,0.18348064611623863,0.18348064611623868,0.18348064611623863,31.0,31.0,1
test:c47f3338ce69a81c,17696,inactive,0,67,equal_norm,0.2,random,OK,1,20.30142163655382,20.30142163655382,4.946873653617349e-17,0.0,0.0,1.0,1.0,0.4140733406879549,0.4140733406879548,0.13936649507887655,0.13936649507887533,0.4368978729852706,0.43689787298527016,20.0,20.0,1
test:c47f3338ce69a81c,17696,inactive,0,67,equal_norm,0.2,mean_only,OK,0,20.301421636553822,0.0,20.301421636553822,14.786473452865764,0.0,0.2716533173838717,1.0,14.85824883566546,4.241302228932459e-15,198.73120794970188,0.0,199.28587649808554,4.241302228932459e-15,24448.0,0.0,1
test:c47f3338ce69a81c,17696,inactive,0,67,target_matched,2xq99,decoder,OK,1,18.028793776014957,18.028793776014957,3.676324774556015e-17,8.9099305554141,8.909930555414096,3.661387683388931e-08,3.661387643515289e-08,0.8242377195912046,0.8242377195912042,0.36683305166637314,0.36683305166637076,0.9021830779790614,0.9021830779790599,30.0,30.0,1
test:c47f3338ce69a81c,17696,inactive,0,67,target_matched,2xq99,encoder_grad,OK,1,12.212863457188208,12.212863457188208,0.0,8.909930555414093,8.909930555414089,3.6613876036416474e-08,3.6613875637680055e-08,1.5511905216644017,1.5511905216643957,0.9196397488074278,0.9196397488074223,1.8033106504670982,1.8033106504670902,124.0,124.0,1
test:c47f3338ce69a81c,17696,inactive,0,67,target_matched,2xq99,jacobian_ln,OK,,14.579149037513929,14.579149037513929,1.1836052726932553e-15,8.909930555414078,8.909930555414075,3.66138744414708e-08,3.661387404273438e-08,1.1640871446241162e-14,1.586058477264701e-14,0.23220216126367957,0.23220216126367726,0.23220216126367957,0.23220216126367726,21.0,21.0,1
test:c47f3338ce69a81c,17696,inactive,0,67,target_matched,2xq99,random,OK,1,700.5973302786067,700.5973302786067,4.607054557237474e-16,8.90993055541406,8.909930555414082,3.66138724477887e-08,3.661387484020722e-08,21.770031804164542,21.770031804164553,261.9712556952558,261.971255695256,262.87425338991153,262.87425338991176,6377.0,6377.0,1
test:c47f3338ce69a81c,17696,inactive,0,67,target_matched,2xq99,mean_only,OK,0,15.37916529263551,0.0,15.37916529263551,8.909930555414089,0.0,3.6613875637680055e-08,1.0,25.6463815492222,1.16136127781027e-14,289.1462272557571,0.0,290.28137663792046,1.16136127781027e-14,24409.0,0.0,1
test:c47f3338ce69a81c,17696,inactive,0,67,target_matched,2xq99,decoder_calib_rescaled,OK_UNMATCHED,1,8.748841368800742,8.748841368800742,1.873255384637848e-17,0.0,0.0,1.0,1.0,0.41149023794450545,0.4114902379445056,0.10836167083578938,0.10836167083578777,0.4255190567177335,0.4255190567177332,13.0,13.0,1
test:c47f3338ce69a81c,17696,inactive,0,67,target_matched,2xq99,decoder_plain,OK_UNMATCHED,1,8.907158495151707,8.907158495151707,4.706186817419514e-17,0.0,0.0,1.0,1.0,0.41887273956126436,0.41887273956126425,0.1115705746632463,0.11157057466324448,0.43347706407403586,0.4334770640740353,13.0,13.0,1
test:c47f3338ce69a81c,17696,inactive,0,67,target_matched,q50,decoder,OK,1,9.93401688610992,9.93401688610992,0.0,0.6661075267070111,0.6661075267070056,1.2993746611766747e-08,1.299375494542885e-08,6.225767636161526,6.225767636161528,1.7861876915987838,1.7861876915987551,6.476932076924636,6.476932076924629,18.0,18.0,1
test:c47f3338ce69a81c,17696,inactive,0,67,target_matched,q50,encoder_grad,OK,1,6.729390402860293,6.729390402860293,1.0393648581733376e-17,0.6661075267070087,0.6661075267070087,1.2993750278578072e-08,1.2993750278578072e-08,11.43283055702781,11.432830557027806,4.5404947034723895,4.540494703472384,12.301451406154056,12.301451406154051,53.0,53.0,1
test:c47f3338ce69a81c,17696,inactive,0,67,target_matched,q50,jacobian_ln,OK,,8.033233644086273,8.033233644086273,5.80794747771606e-16,0.6661075267070027,0.6661075267070031,1.2993759278933142e-08,1.2993758612240175e-08,1.3182608374166813e-13,1.3732181790066931e-13,1.1815348684494995,1.1815348684495006,1.1815348684494995,1.1815348684495006,9.0,9.0,1
test:c47f3338ce69a81c,17696,inactive,0,67,target_matched,q50,random,OK,1,386.0350168634284,386.0350168634284,7.666221752544845e-17,0.6661075267070022,0.6661075267069889,1.2993759945626111e-08,1.2993779946415155e-08,163.948341834438,163.948341834438,1478.16953775257,1478.1695377525698,1487.233754703647,1487.2337547036468,4516.0,4516.0,1
test:c47f3338ce69a81c,17696,inactive,0,67,target_matched,q50,mean_only,OK,0,8.474049324063355,1.538370149106851e-15,8.474049324063353,0.6661075267070049,0.0,1.2993755945468302e-08,1.0,189.02283762211115,1.198899414001581e-13,1116.7363111817667,0.0,1132.6206875448524,1.198899414001581e-13,16967.0,0.0,1
test:c47f3338ce69a81c,17696,inactive,0,67,target_matched,q50,decoder_calib_rescaled,OK_UNMATCHED,1,0.6540644788957051,0.6540644788957051,0.0,0.0,0.0,1.0,1.0,0.42267869356410265,0.4226786935641043,0.029663011528228506,0.029663011528218174,0.42371826989873873,0.4237182698987396,1.0,1.0,1
test:c47f3338ce69a81c,17696,inactive,0,67,target_matched,q50,decoder_plain,OK_UNMATCHED,1,0.6659002871338424,0.6659002871338424,1.0866557916835722e-18,0.0,0.0,1.0,1.0,0.43029116977619475,0.43029116977620185,0.03058211449746726,0.030582114497456927,0.4313765831782043,0.43137658317821065,1.0,1.0,1
test:c47f3338ce69a81c,17696,inactive,0,67,target_matched,q90,decoder,OK,1,11.44428731364534,11.44428731364534,0.0,2.2041860061297918,2.2041860061297878,1.971375852425716e-08,1.9713756710978716e-08,2.156104632605017,2.156104632605017,0.6904901349030548,0.6904901349030472,2.263970806600486,2.2639708066004833,19.0,19.0,1
test:c47f3338ce69a81c,17696,inactive,0,67,target_matched,q90,encoder_grad,OK,1,7.752460872469734,7.752460872469734,2.4381052853954495e-17,2.2041860061297935,2.2041860061297873,1.971375933015869e-08,1.9713756509503333e-08,3.98027961438853,3.9802796143885066,1.7174386684724101,1.7174386684723972,4.3349995834695525,4.334999583469526,67.0,67.0,1
test:c47f3338ce69a81c,17696,inactive,0,67,target_matched,q90,jacobian_ln,OK,,9.254527643204593,9.254527643204593,1.0506156252897254e-15,2.2041860061297798,2.2041860061297798,1.9713753084421833e-08,1.9713753084421833e-08,3.737681068595159e-14,3.715105559830251e-14,0.44530591130525315,0.4453059113052534,0.44530591130525315,0.4453059113052534,11.0,11.0,1
test:c47f3338ce69a81c,17696,inactive,0,67,target_matched,q90,random,OK,1,444.7239919926299,444.7239919926299,1.2803716525534355e-15,2.204186006129788,2.204186006129782,1.9713756912454098e-08,1.9713754091798746e-08,56.7059524873928,56.70595248739281,556.502012805429,556.5020128054291,559.383638752508,559.3836387525081,5035.0,5035.0,1
test:c47f3338ce69a81c,17696,inactive,0,67,target_matched,q90,mean_only,OK,0,9.76236061267248,1.538370149106851e-15,9.76236061267248,2.2041860061297838,0.0,1.9713754897700276e-08,1.0,65.80732710885005,2.4920846142636536e-14,469.93996393735915,0.0,474.5252090317833,2.4920846142636536e-14,20553.0,0.0,1
test:c47f3338ce69a81c,17696,inactive,0,67,target_matched,q90,decoder_calib_rescaled,OK_UNMATCHED,1,2.1643349064311255,2.1643349064311255,1.992544145032244e-18,0.0,0.0,1.0,1.0,0.41612709261311104,0.4161270926131105,0.05297314223306894,0.05297314223306503,0.4194852929539791,0.4194852929539781,3.0,3.0,1
test:c47f3338ce69a81c,17696,inactive,0,67,target_matched,q90,decoder_plain,OK_UNMATCHED,1,2.2035002391195415,2.2035002391195415,4.68313846159462e-18,0.0,0.0,1.0,1.0,0.4234960153137261,0.42349601531372566,0.05449019212443796,0.054490192124433255,0.42698718484793186,0.4269871848479308,3.0,3.0,1
test:c47f3338ce69a81c,17696,inactive,0,67,target_matched,q99,decoder,OK,1,13.654373091614586,13.654373091614586,0.0,4.454965277707056,4.454965277707052,3.6613878229466784e-08,3.661387723262574e-08,1.2621459113206805,1.26214591132068,0.4634698915429404,0.4634698915429355,1.3445507211817398,1.3445507211817374,23.0,23.0,1
test:c47f3338ce69a81c,17696,inactive,0,67,target_matched,q99,encoder_grad,OK,1,9.249592414953776,9.249592414953776,7.993739607386493e-18,4.4549652777070445,4.454965277707043,3.6613875637680055e-08,3.6613875238943636e-08,2.349634858388216,2.3496348583882156,1.1415995987688934,1.1415995987688934,2.6122851321519844,2.612285132151984,84.0,84.0,1
test:c47f3338ce69a81c,17696,inactive,0,67,target_matched,q99,jacobian_ln,OK,,11.04173372826003,11.04173372826003,1.085804155350246e-15,4.45496527770704,4.4549652777070365,3.661387464083901e-08,3.661387384336617e-08,1.7702426548261155e-14,2.1899523948393948e-14,0.29182654389952983,0.29182654389952856,0.29182654389952983,0.29182654389952856,12.0,12.0,1
test:c47f3338ce69a81c,17696,inactive,0,67,target_matched,q99,random,OK,1,530.6077296940339,530.6077296940339,5.628021523984462e-16,4.454965277707026,4.454965277707037,3.661387145094765e-08,3.661387404273438e-08,33.22694120243901,33.22694120243903,357.1811711882393,357.1811711882395,358.72331771585834,358.7233177158585,5614.0,5614.0,1
test:c47f3338ce69a81c,17696,inactive,0,67,target_matched,q99,mean_only,OK,0,11.647637848219459,3.076740298213702e-15,11.647637848219459,4.45496527770705,0.0,3.661387683388931e-08,1.0,38.84733127169693,2.2990245441562126e-14,341.20651093883464,0.0,343.41083013496535,2.2990245441562126e-14,23319.0,0.0,1
test:c47f3338ce69a81c,17696,inactive,0,67,target_matched,q99,decoder_calib_rescaled,OK_UNMATCHED,1,4.374420684400371,4.374420684400371,9.36627692318924e-18,0.0,0.0,1.0,1.0,0.41271943044190695,0.4127194304419072,0.07296158344741224,0.07296158344741022,0.4191189818219234,0.41911898182192325,6.0,6.0,1
test:c47f3338ce69a81c,17696,inactive,0,67,target_matched,q99,decoder_plain,OK_UNMATCHED,1,4.4535792475758536,4.4535792475758536,2.353093408709757e-17,0.0,0.0,1.0,1.0,0.42014812418167696,0.42014812418167663,0.07485313130178946,0.07485313130178738,0.42676391309372064,0.42676391309372,6.0,6.0,1
test:c47f3338ce69a81c,17696,inactive,0,67,equal_norm,0.2,decoder_unprojected_diagnostic,DIAGNOSTIC,0,20.30142163655383,20.29406787107842,0.5463787232302059,10.564608172387452,11.216914306196255,0.47961240791959553,0.44748135178073545,0.4780269971060326,0.40533090174723696,0.09033043787777624,0.19479062137464723,0.486486791156144,0.44970715592121663,12.0,35.0,0
test:ad2a93f58516515f,20347,active,17,96,equal_norm,0.025,decoder,OK,1,2.537677704569228,2.537677704569228,4.894095091632634e-18,1.7940304944937242,1.7940304944937275,0.2930424345781085,0.2930424345781072,0.42764363522837595,0.42764363522837845,0.07998708577409021,0.07998708577409108,0.43505978053822897,0.4350597805382316,1.0,1.0,1
test:ad2a93f58516515f,20347,active,17,96,equal_norm,0.025,encoder_grad,OK,1,2.537677704569228,2.537677704569228,1.8560504430427527e-18,2.5971817816883767,2.5971817816883798,0.02344821616794888,0.023448216167950106,1.032860191094462,1.0328601910944768,0.2606926598926784,0.2606926598926836,1.065251537088592,1.0652515370886078,13.0,13.0,1
test:ad2a93f58516515f,20347,active,17,96,equal_norm,0.025,jacobian_ln,OK,1,2.537677704569228,2.537677704569228,2.1594450062216664e-18,2.2701398544395355,2.270139854439537,0.10542627364052573,0.1054262736405252,1.4837603049505767e-14,1.4512078800845306e-14,0.06735099567086562,0.06735099567086593,0.06735099567086562,0.06735099567086593,3.0,3.0,1
test:ad2a93f58516515f,20347,active,17,96,equal_norm,0.025,random,OK,1,2.537677704569228,2.537677704569228,1.8686767794114256e-18,0.05899890170388439,0.058998901703885276,0.9767508300225889,0.9767508300225886,0.3239626852987352,0.32396268529873445,0.0,0.0,0.3239626852987352,0.32396268529873445,0.0,0.0,1
test:ad2a93f58516515f,20347,active,17,96,equal_norm,0.025,mean_only,OK,0,2.537677704569228,0.0,2.537677704569228,2.8772246233728547,3.608224830031759e-15,0.13380219631417617,0.9999999999999986,11.571191509519208,2.0014128436514575e-14,15.109254947129818,0.0,19.03108136726172,2.0014128436514575e-14,724.0,0.0,1
test:ad2a93f58516515f,20347,active,17,96,equal_norm,0.05,decoder,OK,1,5.075355409138456,5.075355409138456,9.788190183265268e-18,3.588060988987451,3.588060988987454,0.29304243457810797,0.29304243457810736,0.4255558268009732,0.42555582680097453,0.08770160577694586,0.0877016057769471,0.4344989452002326,0.4344989452002342,4.0,4.0,1
test:ad2a93f58516515f,20347,active,17,96,equal_norm,0.05,encoder_grad,OK,1,5.075355409138456,5.075355409138456,3.7121008860855055e-18,5.194363563376751,5.194363563376755,0.023448216167948358,0.023448216167949232,1.0328601910944641,1.0328601910944717,0.4245499598314188,0.42454995983142274,1.1167107247360673,1.1167107247360757,37.0,37.0,1
test:ad2a93f58516515f,20347,active,17,96,equal_norm,0.05,jacobian_ln,OK,1,5.075355409138456,5.075355409138456,4.318890012443333e-18,4.540279708879061,4.540279708879061,0.10542627364052765,0.10542627364052765,6.832878985630252e-15,6.920587711367687e-15,0.097328171644225,0.09732817164422494,0.097328171644225,0.09732817164422494,7.0,7.0,1
test:ad2a93f58516515f,20347,active,17,96,equal_norm,0.05,random,OK,1,5.075355409138456,5.075355409138456,3.737353558822851e-18,0.11799780340775629,0.11799780340775717,0.9767508300225913,0.9767508300225911,0.3209749427549937,0.3209749427549936,0.01854003583984048,0.018540035839840242,0.3215099482216905,0.3215099482216903,3.0,3.0,1
test:ad2a93f58516515f,20347,active,17,96,equal_norm,0.05,mean_only,OK,0,5.075355409138456,0.0,5.075355409138456,5.754449246745702,9.43689570931383e-16,0.13380219631417478,0.9999999999999998,11.571191509519208,6.642786493465886e-15,42.468060919719726,0.0,44.0162319063206,6.642786493465886e-15,6680.0,0.0,1
test:ad2a93f58516515f,20347,active,17,96,equal_norm,0.1,decoder,OK,1,10.150710818276911,10.150710818276911,1.9576380366530535e-17,7.176121977974887,7.176121977974888,0.29304243457810947,0.29304243457810936,0.4171877206961498,0.4171877206961504,0.13156964299125753,0.1315696429912582,0.43744275654820897,0.4374427565482098,15.0,15.0,1
test:ad2a93f58516515f,20347,active,17,96,equal_norm,0.1,encoder_grad,OK,1,10.150710818276911,10.150710818276911,7.424201772171011e-18,10.388727126753503,10.388727126753507,0.02344821616794853,0.02344821616794888,1.0328601910944624,1.032860191094465,0.6966474626446503,0.6966474626446525,1.2458402231253085,1.2458402231253118,83.0,83.0,1
test:ad2a93f58516515f,20347,active,17,96,equal_norm,0.1,jacobian_ln,OK,1,10.150710818276911,10.150710818276911,8.637780024886666e-18,9.080559417758126,9.080559417758126,0.1054262736405273,0.1054262736405273,3.818427282908599e-15,4.5762844009531154e-15,0.16195283867136673,0.16195283867136773,0.16195283867136673,0.16195283867136773,17.0,17.0,1
test:ad2a93f58516515f,20347,active,17,96,equal_norm,0.1,random,OK,1,10.150710818276911,10.150710818276911,7.474707117645702e-18,0.23599560681550852,0.2359956068155103,0.9767508300225917,0.9767508300225914,0.3152909073804598,0.3152909073804599,0.03891946174400246,0.03891946174400299,0.31768393220186086,0.31768393220186103,8.0,8.0,1
test:ad2a93f58516515f,20347,active,17,96,equal_norm,0.1,mean_only,OK,0,10.150710818276911,0.0,10.150710818276911,11.508898493491403,1.8318679906315083e-15,0.1338021963141746,0.9999999999999998,11.57119150951921,3.759101978041748e-15,129.2619360027005,0.0,129.77881403417206,3.759101978041748e-15,23810.0,0.0,1
test:ad2a93f58516515f,20347,active,17,96,equal_norm,0.2,decoder,OK,1,20.301421636553822,20.301421636553822,3.915276073306107e-17,14.352243955949767,14.352243955949769,0.2930424345781098,0.29304243457810975,0.3946223010910981,0.3946223010910987,0.24738701926808096,0.24738701926808218,0.46575433204724903,0.46575433204725014,50.0,50.0,1
test:ad2a93f58516515f,20347,active,17,96,equal_norm,0.2,encoder_grad,OK,1,20.301421636553822,20.301421636553822,1.4848403544342022e-17,20.77745425350699,20.777454253506992,0.023448216167947657,0.02344821616794783,1.0328601910944617,1.0328601910944635,1.2280325721612673,1.2280325721612708,1.6046383307888124,1.6046383307888166,359.0,359.0,1
test:ad2a93f58516515f,20347,active,17,96,equal_norm,0.2,jacobian_ln,OK,1,20.301421636553822,20.301421636553822,1.7275560049773332e-17,18.161118835516238,18.16111883551624,0.105426273640528,0.10542627364052783,2.9590453673007656e-15,3.1411117155107894e-15,0.29492645854700067,0.2949264585470012,0.29492645854700067,0.2949264585470012,51.0,51.0,1
test:ad2a93f58516515f,20347,active,17,96,equal_norm,0.2,random,OK,1,20.301421636553822,20.301421636553822,1.4949414235291404e-17,0.4719912136310143,0.4719912136310152,0.9767508300225919,0.9767508300225919,0.2991654225989391,0.29916542259893897,0.10380548521291429,0.10380548521291437,0.3166631156909348,0.3166631156909348,29.0,29.0,1
test:ad2a93f58516515f,20347,active,17,96,equal_norm,0.2,mean_only,OK,0,20.301421636553822,0.0,20.301421636553822,23.017796986982813,-1.942890293094024e-15,0.13380219631417495,1.0000000000000002,11.57119150951921,1.1528240417012568e-15,212.68938609770987,0.0,213.00391412265336,1.1528240417012568e-15,24480.0,0.0,1
test:ad2a93f58516515f,20347,active,17,96,target_matched,2xq99,decoder,OK,1,22.638383486289815,22.638383486289815,0.0,16.004376854995957,16.004376854995957,3.187355157578869e-08,3.187355157578869e-08,0.5536678799546586,0.5536678799546587,0.39394063059032197,0.39394063059032197,0.6795125765748465,0.6795125765748466,65.0,65.0,1
test:ad2a93f58516515f,20347,active,17,96,target_matched,2xq99,encoder_grad,OK,1,15.637700297606711,15.637700297606711,0.0,16.00437685499596,16.004376854995964,3.187355135380481e-08,3.187355113182094e-08,1.0091963050566763,1.0091963050566788,0.9486099084535818,0.9486099084535852,1.3850407721638958,1.3850407721639,201.0,201.0,1
test:ad2a93f58516515f,20347,active,17,96,target_matched,2xq99,jacobian_ln,OK,,17.89050583866963,17.89050583866963,4.61779627247914e-17,16.004376854995957,16.004376854995964,3.187355157578869e-08,3.187355113182094e-08,3.1508467275966218e-15,3.6578812708650585e-15,0.29514600389747875,0.29514600389747997,0.29514600389747875,0.29514600389747997,37.0,37.0,1
test:ad2a93f58516515f,20347,active,17,96,target_matched,2xq99,mean_only,OK,0,14.115668964641692,3.076740298213702e-15,14.115668964641692,16.004376854995957,-1.4988010832439613e-15,3.187355157578869e-08,1.0,10.205652430662504,1.3931726103156146e-15,153.82616988564922,0.0,154.16434699120322,1.3931726103156146e-15,24462.0,0.0,1
test:ad2a93f58516515f,20347,active,17,96,target_matched,2xq99,decoder_calib_rescaled,OK_UNMATCHED,1,22.638383486289815,22.638383486289815,0.0,16.004376854995957,16.004376854995957,3.187355157578869e-08,3.187355157578869e-08,0.5536678799546586,0.5536678799546587,0.39394063059032197,0.39394063059032197,0.6795125765748465,0.6795125765748466,65.0,65.0,1
test:ad2a93f58516515f,20347,active,17,96,target_matched,2xq99,decoder_plain,OK_UNMATCHED,1,15.989689699749622,15.989689699749622,1.5814492659612886e-17,11.304032370695575,11.304032370695577,0.29369121254682107,0.29369121254682096,0.4028670159588147,0.4028670159588156,0.19552394455643562,0.1955239445564368,0.4478073753774807,0.44780737537748205,31.0,31.0,1
test:ad2a93f58516515f,20347,active,17,96,target_matched,q50,decoder,OK,1,1.546109411786232,1.546109411786232,2.417711589593792e-18,1.0930337716148646,1.0930337716148686,1.7358579834042762e-08,1.735857617742855e-08,0.6063193123421818,0.6063193123421862,0.10691459351928875,0.1069145935192918,0.6156734839397349,0.6156734839397396,1.0,1.0,1
test:ad2a93f58516515f,20347,active,17,96,target_matched,q50,encoder_grad,OK,1,1.0679912558007711,1.0679912558007711,3.264172279412105e-18,1.093033771614869,1.093033771614873,1.7358575771138084e-08,1.7358572114523876e-08,1.0091963197051295,1.0091963197051643,0.14451632202227557,0.144516322022279,1.0194911373019504,1.0194911373019853,4.0,4.0,1
test:ad2a93f58516515f,20347,active,17,96,target_matched,q50,jacobian_ln,OK,,1.2218487011466796,1.2218487011466796,1.019526871156679e-18,1.0930337716148688,1.0930337716148737,1.735857597428332e-08,1.7358571505088174e-08,2.9401353302744844e-14,4.773833006552555e-14,0.06653454961408709,0.06653454961409054,0.06653454961408709,0.06653454961409054,1.0,1.0,1
test:ad2a93f58516515f,20347,active,17,96,target_matched,q50,mean_only,OK,0,0.9640427132577084,1.9229626863835638e-16,0.9640427132577084,1.0930337716148666,-1.942890293094024e-15,1.7358578005735655e-08,1.0000000000000018,10.205652578797242,2.0448247382628084e-14,5.763776604883482,0.0,11.720770679017356,2.0448247382628084e-14,109.0,0.0,1
test:ad2a93f58516515f,20347,active,17,96,target_matched,q50,decoder_calib_rescaled,OK_UNMATCHED,1,1.546109411786232,1.546109411786232,2.417711589593792e-18,1.0930337716148646,1.0930337716148686,1.7358579834042762e-08,1.735857617742855e-08,0.6063193123421818,0.6063193123421862,0.10691459351928875,0.1069145935192918,0.6156734839397349,0.6156734839397396,1.0,1.0,1
test:ad2a93f58516515f,20347,active,17,96,target_matched,q50,decoder_plain,OK_UNMATCHED,1,1.0920306987155777,1.0920306987155777,6.087001062749907e-18,0.7720193824816703,0.7720193824816739,0.2936912022947679,0.29369120229476464,0.42824867195965516,0.42824867195966176,0.07083348423974198,0.0708334842397438,0.43406716936984546,0.4340671693698523,1.0,1.0,1
test:ad2a93f58516515f,20347,active,17,96,target_matched,q90,decoder,OK,1,5.378650016918706,5.378650016918706,2.2282926508592498e-17,3.802477411606271,3.802477411606271,1.36317820020316e-08,1.36317820020316e-08,0.6010556017604477,0.6010556017604481,0.1267356346640987,0.12673563466409865,0.6142717293684659,0.6142717293684663,4.0,4.0,1
test:ad2a93f58516515f,20347,active,17,96,target_matched,q90,encoder_grad,OK,1,3.7153587852785632,3.7153587852785632,1.9074002578907933e-18,3.8024774116062687,3.802477411606273,1.3631781418084389e-08,1.3631782585978812e-08,1.0091963509804924,1.0091963509805022,0.3354273366010312,0.3354273366010355,1.063479559263648,1.0634795592636583,21.0,21.0,1
test:ad2a93f58516515f,20347,active,17,96,target_matched,q90,jacobian_ln,OK,,4.250602503934133,4.250602503934133,4.233675051544811e-18,3.802477411606272,3.8024774116062723,1.3631782235610485e-08,1.3631782352399927e-08,9.085123526697151e-15,8.880177724127499e-15,0.09377156887014429,0.09377156887014433,0.09377156887014429,0.09377156887014433,7.0,7.0,1
test:ad2a93f58516515f,20347,active,17,96,target_matched,q90,mean_only,OK,0,3.3537395972406467,0.0,3.3537395972406467,3.802477411606273,3.164135620181696e-15,1.3631782585978812e-08,0.9999999999999992,10.205652895074124,1.2089500151522254e-14,19.031224724529544,0.0,21.594973154192147,1.2089500151522254e-14,1667.0,0.0,1
test:ad2a93f58516515f,20347,active,17,96,target_matched,q90,decoder_calib_rescaled,OK_UNMATCHED,1,5.378650016918706,5.378650016918706,2.2282926508592498e-17,3.802477411606271,3.802477411606271,1.36317820020316e-08,1.36317820020316e-08,0.6010556017604477,0.6010556017604481,0.1267356346640987,0.12673563466409865,0.6142717293684659,0.6142717293684663,4.0,4.0,1
test:ad2a93f58516515f,20347,active,17,96,target_matched,q90,decoder_plain,OK_UNMATCHED,1,3.7989878926721072,3.7989878926721072,1.2028171347438068e-17,2.6857232955132697,2.685723295513272,0.2936911804060025,0.2936911804060019,0.4263645216459035,0.4263645216459049,0.08222155041371347,0.08222155041371464,0.4342200924309871,0.4342200924309886,2.0,2.0,1
test:ad2a93f58516515f,20347,active,17,96,target_matched,q99,decoder,OK,1,11.319191743144907,11.319191743144907,0.0,8.002188427497979,8.002188427497984,3.187355157578869e-08,3.1873550909837066e-08,0.5848644756165704,0.5848644756165716,0.20379629578587818,0.20379629578588018,0.6193540062147745,0.6193540062147764,19.0,19.0,1
test:ad2a93f58516515f,20347,active,17,96,target_matched,q99,encoder_grad,OK,1,7.818850148803356,7.818850148803356,0.0,8.002188427497982,8.002188427497982,3.187355113182094e-08,3.187355113182094e-08,1.0091963050566766,1.0091963050566766,0.5589930130643118,0.5589930130643119,1.1536682238818776,1.1536682238818776,64.0,64.0,1
test:ad2a93f58516515f,20347,active,17,96,target_matched,q99,jacobian_ln,OK,,8.945252919334814,8.945252919334814,2.30889813623957e-17,8.002188427497979,8.002188427497982,3.187355157578869e-08,3.187355113182094e-08,5.577962840229962e-15,8.358623675453606e-15,0.16456432984003355,0.16456432984003522,0.16456432984003355,0.16456432984003522,14.0,14.0,1
test:ad2a93f58516515f,20347,active,17,96,target_matched,q99,mean_only,OK,0,7.057834482320846,1.538370149106851e-15,7.057834482320846,8.002188427497982,2.7200464103316335e-15,3.187355113182094e-08,0.9999999999999996,10.205652430662504,3.875261683139323e-15,67.52952047385749,0.0,68.29635039271591,3.875261683139323e-15,16426.0,0.0,1
test:ad2a93f58516515f,20347,active,17,96,target_matched,q99,decoder_calib_rescaled,OK_UNMATCHED,1,11.319191743144907,11.319191743144907,0.0,8.002188427497979,8.002188427497984,3.187355157578869e-08,3.1873550909837066e-08,0.5848644756165704,0.5848644756165716,0.20379629578587818,0.20379629578588018,0.6193540062147745,0.6193540062147764,19.0,19.0,1
test:ad2a93f58516515f,20347,active,17,96,target_matched,q99,decoder_plain,OK_UNMATCHED,1,7.994844849874811,7.994844849874811,7.907246329806443e-18,5.652016185347786,5.652016185347788,0.2936912125468213,0.29369121254682096,0.42050204647153044,0.42050204647153167,0.11098113302305498,0.1109811330230564,0.4349008886790485,0.4349008886790501,10.0,10.0,1
test:ad2a93f58516515f,20347,active,17,96,equal_norm,0.2,decoder_unprojected_diagnostic,DIAGNOSTIC,0,20.301421636553826,20.281931793258284,0.8893611183061265,13.330105850233862,14.338465463455575,0.3433905382586008,0.2937211305045987,0.42820562949419094,0.39427474528938017,0.0762103707876346,0.24690213890932292,0.43493457179914435,0.4652023656120035,8.0,50.0,0
test:ad2a93f58516515f,20347,inactive,7,63,equal_norm,0.025,decoder,OK,1,2.537677704569228,2.537677704569228,4.894095091632634e-18,0.0,0.0,1.0,1.0,0.21503584942415252,0.21503584942415266,0.015389330858783674,0.01538933085878401,0.21558582523405365,0.2155858252340538,2.0,2.0,1
test:ad2a93f58516515f,20347,inactive,7,63,equal_norm,0.025,encoder_grad,OK,1,2.537677704569228,2.537677704569228,1.8560504430427527e-18,0.0,0.0,1.0,1.0,0.6685987480654509,0.6685987480654514,0.16461570566542869,0.16461570566542852,0.6885656224837364,0.6885656224837368,12.0,12.0,1
test:ad2a93f58516515f,20347,inactive,7,63,equal_norm,0.025,jacobian_ln,OK,1,2.537677704569228,2.5376777045692283,2.044325800678625e-16,0.0,0.0,1.0,1.0,1.531101429148688e-14,1.6049274125590932e-14,0.05579789269051331,0.05579789269051289,0.05579789269051331,0.05579789269051289,6.0,6.0,1
test:ad2a93f58516515f,20347,inactive,7,63,equal_norm,0.025,random,OK,1,2.5376777045692287,2.5376777045692287,5.414569585246561e-18,0.0,0.0,1.0,1.0,0.3481488201974558,0.34814882019745524,0.06945711663370821,0.06945711663370753,0.3550097069883427,0.35500970698834206,3.0,3.0,1
test:ad2a93f58516515f,20347,inactive,7,63,equal_norm,0.025,mean_only,OK,0,2.537677704569228,0.0,2.537677704569228,0.0,0.0,1.0,1.0,11.030508587863833,1.3536163373283916e-14,16.142934277461645,0.0,19.551635399459148,1.3536163373283916e-14,601.0,0.0,1
test:ad2a93f58516515f,20347,inactive,7,63,equal_norm,0.05,decoder,OK,1,5.075355409138456,5.075355409138456,9.788190183265268e-18,0.0,0.0,1.0,1.0,0.20759499749370727,0.2075949974937075,0.04819613604937084,0.04819613604937059,0.21311628402001992,0.21311628402002006,5.0,5.0,1
test:ad2a93f58516515f,20347,inactive,7,63,equal_norm,0.05,encoder_grad,OK,1,5.075355409138456,5.075355409138456,3.7121008860855055e-18,0.0,0.0,1.0,1.0,0.6685987480654554,0.6685987480654554,0.24619605966445415,0.24619605966445424,0.712486340717489,0.712486340717489,18.0,18.0,1
test:ad2a93f58516515f,20347,inactive,7,63,equal_norm,0.05,jacobian_ln,OK,1,5.075355409138456,5.0753554091384565,4.08865160135725e-16,0.0,0.0,1.0,1.0,6.37269332964651e-15,7.573475406986126e-15,0.09189725036174293,0.091897250361744,0.09189725036174293,0.091897250361744,10.0,10.0,1
test:ad2a93f58516515f,20347,inactive,7,63,equal_norm,0.05,random,OK,1,5.075355409138457,5.075355409138457,1.0829139170493122e-17,0.0,0.0,1.0,1.0,0.348148820197457,0.3481488201974564,0.07954702062633907,0.0795470206263391,0.3571208891893731,0.35712088918937246,3.0,3.0,1
test:ad2a93f58516515f,20347,inactive,7,63,equal_norm,0.05,mean_only,OK,0,5.075355409138456,0.0,5.075355409138456,0.0,0.0,1.0,1.0,11.030508587863839,6.830802802064264e-15,38.632782673377015,0.0,40.17666010005457,6.830802802064264e-15,4803.0,0.0,1
test:ad2a93f58516515f,20347,inactive,7,63,equal_norm,0.1,decoder,OK,1,10.150710818276911,10.150710818276911,1.9576380366530535e-17,0.0,0.0,1.0,1.0,0.19380597254428245,0.19380597254428283,0.07931596011660333,0.07931596011660284,0.20940815772804502,0.20940815772804516,9.0,9.0,1
test:ad2a93f58516515f,20347,inactive,7,63,equal_norm,0.1,encoder_grad,OK,1,10.150710818276911,10.150710818276911,7.424201772171011e-18,0.16599381995721263,0.16599381995721274,0.9836470746745659,0.9836470746745657,0.6685987480654548,0.6685987480654546,0.39507872651664555,0.3950787265166452,0.7766025277197518,0.7766025277197515,47.0,47.0,1
test:ad2a93f58516515f,20347,inactive,7,63,equal_norm,0.1,jacobian_ln,OK,1,10.150710818276911,10.150710818276913,8.1773032027145e-16,0.0,0.0,1.0,1.0,4.699224503201057e-15,4.75958045901899e-15,0.13114173652705072,0.1311417365270506,0.13114173652705072,0.1311417365270506,18.0,18.0,1
test:ad2a93f58516515f,20347,inactive,7,63,equal_norm,0.1,random,OK,1,10.150710818276915,10.150710818276915,2.1658278340986245e-17,0.0,0.0,1.0,1.0,0.3472489883644109,0.3472489883644108,0.09854003206384396,0.09854003206384387,0.36095982856718306,0.3609598285671829,10.0,10.0,1
test:ad2a93f58516515f,20347,inactive,7,63,equal_norm,0.1,mean_only,OK,0,10.150710818276911,0.0,10.150710818276911,1.2861651866951227,0.0,0.8732930945283387,1.0,11.030508587863842,3.4526927381876923e-15,107.35793143258252,0.0,107.92310948629134,3.4526927381876923e-15,21476.0,0.0,1
test:ad2a93f58516515f,20347,inactive,7,63,equal_norm,0.2,decoder,OK,1,20.301421636553822,20.301421636553822,3.915276073306107e-17,4.129510649153498,4.1295106491535005,0.7965900799993658,0.7965900799993657,0.18014148894389934,0.18014148894389914,0.11784826393329396,0.11784826393329405,0.2152653463774797,0.21526534637747963,22.0,22.0,1
test:ad2a93f58516515f,20347,inactive,7,63,equal_norm,0.2,encoder_grad,OK,1,20.301421636553822,20.301421636553822,1.4848403544342022e-17,10.554720946710717,10.554720946710713,0.48009942925330856,0.48009942925330873,0.6685987480654549,0.6685987480654546,0.7197649995260115,0.7197649995260109,0.9823878767866453,0.9823878767866446,179.0,179.0,1
test:ad2a93f58516515f,20347,inactive,7,63,equal_norm,0.2,jacobian_ln,OK,1,20.301421636553822,20.301421636553826,1.6354606405429e-15,9.603513374400023,9.603513374400029,0.5269536627512601,0.5269536627512599,2.2410456365915565e-15,2.431015413262887e-15,0.2269537083214082,0.22695370832140985,0.2269537083214082,0.22695370832140985,55.0,55.0,1
test:ad2a93f58516515f,20347,inactive,7,63,equal_norm,0.2,random,OK,1,20.30142163655383,20.30142163655383,4.331655668197249e-17,0.0,0.0,1.0,1.0,0.344936562011689,0.34493656201168854,0.17171238327664462,0.1717123832766439,0.3853133457109798,0.38531334571097914,28.0,28.0,1
test:ad2a93f58516515f,20347,inactive,7,63,equal_norm,0.2,mean_only,OK,0,20.301421636553822,0.0,20.301421636553822,12.79506368018652,0.0,0.36974544910708235,1.0,11.03050858786384,1.923534320141621e-15,195.62991687172686,0.0,195.94064533665724,1.923534320141621e-15,24521.0,0.0,1
test:ad2a93f58516515f,20347,inactive,7,63,target_matched,2xq99,decoder,OK,1,37.09856265940639,37.09856265940639,8.890246260220691e-17,16.004376854995947,16.004376854995947,3.1873552241740306e-08,3.1873552241740306e-08,0.40460308285051555,0.4046030828505157,0.5550106186544911,0.5550106186544911,0.6868336344933773,0.6868336344933774,59.0,59.0,1
test:ad2a93f58516515f,20347,inactive,7,63,target_matched,2xq99,encoder_grad,OK,1,25.626220383231903,25.626220383231903,1.502475496387055e-17,16.00437685499594,16.004376854995943,3.187355268570805e-08,3.187355246372418e-08,1.0703535402845705,1.0703535402845707,1.5284946164208058,1.5284946164208055,1.8659990604571859,1.8659990604571859,311.0,311.0,1
test:ad2a93f58516515f,20347,inactive,7,63,target_matched,2xq99,jacobian_ln,OK,,26.85569438656666,26.85569438656666,2.006528481916346e-15,16.00437685499595,16.004376854995954,3.1873552019756436e-08,3.187355179777256e-08,3.3242800972026365e-15,3.140492488002557e-15,0.5576240057095619,0.5576240057095644,0.5576240057095619,0.5576240057095644,88.0,88.0,1
test:ad2a93f58516515f,20347,inactive,7,63,target_matched,2xq99,random,OK,1,3955.838202511886,3955.838202511886,0.0,16.004376854996124,16.004376854996252,3.187354114254664e-08,3.187353315112719e-08,77.15846802962253,77.15846802962254,1544.23141744385,1544.2314174438507,1546.1578508707707,1546.1578508707714,12308.0,12308.0,1
test:ad2a93f58516515f,20347,inactive,7,63,target_matched,2xq99,mean_only,OK,0,23.13199747152182,0.0,23.13199747152182,16.004376854995925,0.0,3.1873553573643546e-08,1.0,15.942994657552608,3.661520269400218e-15,301.160514216575,0.0,301.5822183117609,3.661520269400218e-15,24521.0,0.0,1
test:ad2a93f58516515f,20347,inactive,7,63,target_matched,2xq99,decoder_calib_rescaled,OK_UNMATCHED,1,22.638383486289815,22.638383486289815,0.0,5.781643548199674,5.781643548199675,0.6387461119978969,0.6387461119978969,0.253154594618326,0.2531545946183261,0.18407149591091682,0.18407149591091673,0.3130009015693911,0.31300090156939114,23.0,23.0,1
test:ad2a93f58516515f,20347,inactive,7,63,target_matched,2xq99,decoder_plain,OK_UNMATCHED,1,15.989689699749622,15.989689699749622,1.5814492659612886e-17,1.081299063899293,1.0812990638992914,0.9324372926711664,0.9324372926711665,0.18358779388190272,0.18358779388190266,0.09798530069312418,0.09798530069312408,0.20809996928002167,0.20809996928002156,14.0,14.0,1
test:ad2a93f58516515f,20347,inactive,7,63,target_matched,q50,decoder,OK,1,16.006288584902816,16.006288584902816,1.5814492659612886e-17,1.093033771614851,1.093033771614851,1.7358592225902022e-08,1.7358592225902022e-08,2.6906264700286306,2.690626470028631,1.4371498049270313,1.4371498049270293,3.050388559351174,3.050388559351174,14.0,14.0,1
test:ad2a93f58516515f,20347,inactive,7,63,target_matched,q50,encoder_grad,OK,1,11.056511341425969,11.056511341425969,0.0,1.0930337716148595,1.0930337716148588,1.7358584506383136e-08,1.735858511581884e-08,6.763166775104221,6.76316677510422,4.2713183081112005,4.271318308111197,7.999036499296622,7.9990364992966185,54.0,54.0,1
test:ad2a93f58516515f,20347,inactive,7,63,target_matched,q50,jacobian_ln,OK,,11.586971669112605,11.586971669112605,1.0056603163798883e-15,1.0930337716148597,1.093033771614858,1.7358584303237904e-08,1.7358585928399773e-08,3.159718147655665e-14,3.572185524131265e-14,1.5183997750205558,1.5183997750205516,1.5183997750205558,1.5183997750205516,22.0,22.0,1
test:ad2a93f58516515f,20347,inactive,7,63,target_matched,q50,random,OK,1,1706.7585190806317,1706.7585190806317,2.1315848387522293e-15,1.0930337716147918,1.0930337716147847,1.735864646567944e-08,1.7358652966326925e-08,487.8921474928058,487.89214749280575,9114.198159907943,9114.198159907939,9127.247495584552,9127.247495584548,11511.0,11511.0,1
test:ad2a93f58516515f,20347,inactive,7,63,target_matched,q50,mean_only,OK,0,9.980371220137874,1.538370149106851e-15,9.980371220137874,1.0930337716148537,0.0,1.7358589788159216e-08,1.0,100.71836206588264,3.144920878456372e-14,959.3528190650735,0.0,964.6253261786868,3.144920878456372e-14,21131.0,0.0,1
test:ad2a93f58516515f,20347,inactive,7,63,target_matched,q50,decoder_calib_rescaled,OK_UNMATCHED,1,1.546109411786232,1.546109411786232,2.417711589593792e-18,0.0,0.0,1.0,1.0,0.30466045748442494,0.304660457484426,0.00924387840029277,0.009243878400292364,0.30480066214248697,0.30480066214248797,1.0,1.0,1
test:ad2a93f58516515f,20347,inactive,7,63,target_matched,q50,decoder_plain,OK_UNMATCHED,1,1.0920306987155777,1.0920306987155777,6.087001062749907e-18,0.0,0.0,1.0,1.0,0.21573572046570375,0.21573572046570846,0.0,0.0,0.21573572046570375,0.21573572046570846,0.0,0.0,1
test:ad2a93f58516515f,20347,inactive,7,63,target_matched,q90,decoder,OK,1,19.838829190035284,19.838829190035284,2.4941438852581805e-16,3.8024774116062545,3.802477411606257,1.3631777680822239e-08,1.3631778381558891e-08,0.9413272951187551,0.9413272951187546,0.6025688025166747,0.6025688025166749,1.1176700042060588,1.1176700042060583,22.0,22.0,1
test:ad2a93f58516515f,20347,inactive,7,63,target_matched,q90,encoder_grad,OK,1,13.703878870903761,13.703878870903761,0.0,3.8024774116062554,3.8024774116062545,1.3631777914401123e-08,1.3631777680822239e-08,2.409586069192807,2.4095860691928057,1.8049246172553353,1.8049246172553333,3.0106241709689305,3.0106241709689283,79.0,79.0,1
test:ad2a93f58516515f,20347,inactive,7,63,target_matched,q90,jacobian_ln,OK,,14.36135244931914,14.36135244931914,9.607829328971945e-16,3.802477411606262,3.8024774116062607,1.3631779666242756e-08,1.363177931587443e-08,1.1468600252051955e-14,1.1538445631603058e-14,0.6350306831443888,0.6350306831443886,0.6350306831443888,0.6350306831443886,27.0,27.0,1
test:ad2a93f58516515f,20347,inactive,7,63,target_matched,q90,random,OK,1,2115.424231487066,2115.424231487066,0.0,3.8024774116061835,3.8024774116061693,1.3631758994511485e-08,1.3631755257249335e-08,173.7577074062405,173.7577074062405,3323.445926745953,3323.4459267459524,3327.985061397863,3327.985061397862,11784.0,11784.0,1
test:ad2a93f58516515f,20347,inactive,7,63,target_matched,q90,mean_only,OK,0,12.370068104120792,6.153480596427404e-15,12.370068104120788,3.8024774116062607,0.0,1.363177931587443e-08,1.0,35.884012655022524,9.198467590764578e-15,438.2607732736252,0.0,439.7273789004066,9.198467590764578e-15,23841.0,0.0,1
test:ad2a93f58516515f,20347,inactive,7,63,target_matched,q90,decoder_calib_rescaled,OK_UNMATCHED,1,5.378650016918706,5.378650016918706,2.2282926508592498e-17,0.0,0.0,1.0,1.0,0.29193991787014884,0.29193991787014945,0.07260260529766342,0.07260260529766302,0.30083226878451313,0.30083226878451363,5.0,5.0,1
test:ad2a93f58516515f,20347,inactive,7,63,target_matched,q90,decoder_plain,OK_UNMATCHED,1,3.7989878926721072,3.7989878926721072,1.2028171347438068e-17,0.0,0.0,1.0,1.0,0.21342821560707698,0.21342821560707664,0.03151866088630532,0.031518660886305574,0.2157429702244939,0.21574297022449357,4.0,4.0,1
test:ad2a93f58516515f,20347,inactive,7,63,target_matched,q99,decoder,OK,1,25.779370916261488,25.779370916261488,1.0566538923662903e-16,8.00218842749797,8.002188427497972,3.187355268570805e-08,3.187355246372418e-08,0.5725260942976944,0.5725260942976941,0.4799677256237539,0.4799677256237537,0.7470978157458444,0.7470978157458439,28.0,28.0,1
test:ad2a93f58516515f,20347,inactive,7,63,target_matched,q99,encoder_grad,OK,1,17.807370234428554,17.807370234428554,1.5589887085909784e-17,8.002188427497973,8.002188427497973,3.1873552241740306e-08,3.1873552241740306e-08,1.4878411645115097,1.487841164511509,1.4026756036823724,1.402675603682372,2.0447909868689935,2.044790986868993,127.0,127.0,1
test:ad2a93f58516515f,20347,inactive,7,63,target_matched,q99,jacobian_ln,OK,,18.6617177910941,18.6617177910941,1.1446958593556842e-15,8.002188427497975,8.002188427497973,3.1873552019756436e-08,3.1873552241740306e-08,6.02982644460144e-15,5.520616110891281e-15,0.4868202347107474,0.48682023471074914,0.4868202347107474,0.48682023471074914,46.0,46.0,1
test:ad2a93f58516515f,20347,inactive,7,63,target_matched,q99,random,OK,1,2748.867152712024,2748.867152712024,5.386655784634665e-15,8.00218842749802,8.002188427498048,3.18735464701596e-08,3.1873542918417626e-08,107.25739320348715,107.25739320348717,2098.2664448705077,2098.266444870508,2101.0060023870296,2101.0060023870296,12058.0,12058.0,1
test:ad2a93f58516515f,20347,inactive,7,63,target_matched,q99,mean_only,OK,0,16.074162989200996,3.076740298213702e-15,16.074162989200996,8.002188427497968,0.0,3.187355290769193e-08,1.0,22.157212750603126,4.167161122252366e-15,339.9280966908948,0.0,340.6494576493111,4.167161122252366e-15,24511.0,0.0,1
test:ad2a93f58516515f,20347,inactive,7,63,target_matched,q99,decoder_calib_rescaled,OK_UNMATCHED,1,11.319191743144907,11.319191743144907,0.0,0.0,0.0,1.0,1.0,0.2714744262102276,0.2714744262102275,0.11815255077826652,0.11815255077826634,0.29607159495902874,0.2960715949590285,9.0,9.0,1
test:ad2a93f58516515f,20347,inactive,7,63,target_matched,q99,decoder_plain,OK_UNMATCHED,1,7.994844849874811,7.994844849874811,7.907246329806443e-18,0.0,0.0,1.0,1.0,0.19716762582943348,0.19716762582943345,0.06958662241893135,0.06958662241893132,0.20908699312700063,0.20908699312700058,8.0,8.0,1
test:ad2a93f58516515f,20347,inactive,7,63,equal_norm,0.2,decoder_unprojected_diagnostic,DIAGNOSTIC,0,20.301421636553826,20.281931793258284,0.8893611183061265,3.107372543437571,4.115732156659296,0.846938183679858,0.7972687759258553,0.4976798765484004,0.1799800085230889,0.015260042581042637,0.1176348359033319,0.49791377609060616,0.21501339048062787,1.0,22.0,0
test:1a72b2efdfa32abe,20747,active,20,72,equal_norm,0.025,decoder,OK,1,2.5376777045692283,2.5376777045692283,5.217463338529542e-18,2.044761541913479,2.0447615419134784,0.1942390912661698,0.19423909126617,0.41321492809444754,0.4132149280944479,0.024750129142170986,0.02475012914217097,0.41395548757403083,0.41395548757403117,2.0,2.0,1
test:1a72b2efdfa32abe,20747,active,20,72,equal_norm,0.025,encoder_grad,OK,1,2.5376777045692283,2.5376777045692283,1.3601135249551465e-16,3.077579185326085,3.077579185326085,0.21275412816503184,0.21275412816503184,1.2253511995516644,1.2253511995516637,0.3018588041465731,0.30185880414657285,1.2619842708542377,1.261984270854237,18.0,18.0,1
test:1a72b2efdfa32abe,20747,active,20,72,equal_norm,0.025,jacobian_ln,OK,1,2.5376777045692283,2.5376777045692283,1.2653695595920315e-16,2.7137597174950088,2.713759717495007,0.06938704158519682,0.06938704158519612,3.2295071489413417e-14,3.278137540613263e-14,0.07699436426308337,0.07699436426308183,0.07699436426308337,0.07699436426308183,2.0,2.0,1
test:1a72b2efdfa32abe,20747,active,20,72,equal_norm,0.025,random,OK,1,2.5376777045692283,2.5376777045692283,1.1829236979699286e-17,0.1686973021068594,0.16869730210685985,0.933522961645999,0.9335229616459988,0.3941989241265104,0.39419892412651036,0.026123799622354293,0.026123799622354293,0.39506359575289546,0.39506359575289546,4.0,4.0,1
test:1a72b2efdfa32abe,20747,active,20,72,equal_norm,0.025,mean_only,OK,0,2.537677704569228,0.0,2.537677704569228,3.045295771830845,1.5543122344752192e-15,0.20003249189510655,0.9999999999999993,13.099849922958983,4.527139538579189e-14,17.97054593353261,0.0,22.23840347581755,4.527139538579189e-14,744.0,0.0,1
test:1a72b2efdfa32abe,20747,active,20,72,equal_norm,0.05,decoder,OK,1,5.0753554091384565,5.0753554091384565,1.0434926677059084e-17,4.089523083826957,4.0895230838269585,0.19423909126617,0.19423909126616964,0.40988063004379366,0.40988063004379327,0.06126132419847925,0.061261324198479294,0.4144334454742382,0.41443344547423794,7.0,7.0,1
test:1a72b2efdfa32abe,20747,active,20,72,equal_norm,0.05,encoder_grad,OK,1,5.0753554091384565,5.0753554091384565,2.720227049910293e-16,6.155158370652166,6.155158370652165,0.21275412816503095,0.21275412816503078,1.2253511995516628,1.2253511995516628,0.4652906065809423,0.4652906065809424,1.3107177082862504,1.3107177082862504,51.0,51.0,1
test:1a72b2efdfa32abe,20747,active,20,72,equal_norm,0.05,jacobian_ln,OK,1,5.0753554091384565,5.0753554091384565,2.530739119184063e-16,5.427519434990019,5.427519434990021,0.06938704158519718,0.06938704158519753,1.8176915001085193e-14,1.8359257351038327e-14,0.10591437301789616,0.10591437301789634,0.10591437301789616,0.10591437301789634,4.0,4.0,1
test:1a72b2efdfa32abe,20747,active,20,72,equal_norm,0.05,random,OK,1,5.0753554091384565,5.0753554091384565,2.3658473959398572e-17,0.3373946042137198,0.3373946042137198,0.9335229616459988,0.9335229616459988,0.37656199471143065,0.37656199471143076,0.05312905675297942,0.05312905675297974,0.38029150994008903,0.3802915099400892,5.0,5.0,1
test:1a72b2efdfa32abe,20747,active,20,72,equal_norm,0.05,mean_only,OK,0,5.075355409138456,0.0,5.075355409138456,6.0905915436616835,1.5543122344752192e-15,0.20003249189510533,0.9999999999999997,13.09984992295898,2.2706839048947178e-14,39.0574223231234,0.0,41.19573165427295,2.2706839048947178e-14,4584.0,0.0,1
test:1a72b2efdfa32abe,20747,active,20,72,equal_norm,0.1,decoder,OK,1,10.150710818276913,10.150710818276913,2.086985335411817e-17,8.179046167653917,8.179046167653917,0.19423909126616964,0.19423909126616964,0.40642401205983997,0.40642401205983997,0.1150459895606046,0.11504598956060451,0.422393249582419,0.422393249582419,16.0,16.0,1
test:1a72b2efdfa32abe,20747,active,20,72,equal_norm,0.1,encoder_grad,OK,1,10.150710818276913,10.150710818276913,5.440454099820586e-16,12.310316741304323,12.310316741304321,0.2127541281650301,0.21275412816502992,1.2253511995516635,1.225351199551664,0.7960439411977207,0.7960439411977216,1.4612226108845636,1.4612226108845645,144.0,144.0,1
test:1a72b2efdfa32abe,20747,active,20,72,equal_norm,0.1,jacobian_ln,OK,1,10.150710818276913,10.150710818276913,5.061478238368126e-16,10.855038869980033,10.855038869980037,0.06938704158519665,0.069387041585197,7.493925943891924e-15,7.336517368246172e-15,0.13755774246777733,0.1375577424677774,0.13755774246777733,0.1375577424677774,16.0,16.0,1
test:1a72b2efdfa32abe,20747,active,20,72,equal_norm,0.1,random,OK,1,10.150710818276913,10.150710818276913,4.7316947918797145e-17,0.674789208427436,0.6747892084274346,0.9335229616459992,0.9335229616459993,0.3616883455310202,0.3616883455310201,0.07623744498166943,0.07623744498166948,0.36963577655619284,0.3696357765561928,8.0,8.0,1
test:1a72b2efdfa32abe,20747,active,20,72,equal_norm,0.1,mean_only,OK,0,10.150710818276911,0.0,10.150710818276911,12.181183087323394,3.3306690738754696e-15,0.20003249189510797,0.9999999999999997,13.09984992295898,1.1448560268758063e-14,102.44171725505862,0.0,103.27589990975352,1.1448560268758063e-14,20479.0,0.0,1
test:1a72b2efdfa32abe,20747,active,20,72,equal_norm,0.2,decoder,OK,1,20.301421636553826,20.301421636553826,4.173970670823634e-17,16.35809233530782,16.358092335307823,0.19423909126617034,0.19423909126617017,0.3952694925932203,0.3952694925932205,0.19879507667141158,0.19879507667141175,0.4424448601619125,0.44244486016191265,38.0,38.0,1
test:1a72b2efdfa32abe,20747,active,20,72,equal_norm,0.2,encoder_grad,OK,1,20.301421636553826,20.301421636553826,1.0880908199641172e-15,24.620633482608643,24.62063348260864,0.21275412816502992,0.21275412816502973,1.225351199551664,1.2253511995516642,1.4842578111780036,1.484257811178004,1.9247095397190768,1.9247095397190772,489.0,489.0,1
test:1a72b2efdfa32abe,20747,active,20,72,equal_norm,0.2,jacobian_ln,OK,1,20.301421636553826,20.301421636553826,1.0122956476736252e-15,21.710077739960063,21.71007773996006,0.06938704158519647,0.0693870415851963,5.4302471565296005e-15,5.202704823922292e-15,0.2475950403857666,0.24759504038576655,0.2475950403857666,0.24759504038576655,51.0,51.0,1
test:1a72b2efdfa32abe,20747,active,20,72,equal_norm,0.2,random,OK,1,20.301421636553826,20.301421636553826,9.463389583759429e-17,1.34957841685487,1.3495784168548695,0.9335229616459993,0.9335229616459993,0.3275257039402114,0.32752570394021147,0.1263647084659516,0.1263647084659513,0.35105715529984,0.35105715529983994,23.0,23.0,1
test:1a72b2efdfa32abe,20747,active,20,72,equal_norm,0.2,mean_only,OK,0,20.301421636553822,0.0,20.301421636553822,24.362366174646755,2.6645352591003757e-15,0.20003249189510638,0.9999999999999998,13.09984992295898,5.353533408278139e-15,191.00284065872526,0.0,191.45153749110096,5.353533408278139e-15,24473.0,0.0,1
test:1a72b2efdfa32abe,20747,active,20,72,target_matched,2xq99,decoder,OK,1,17.30232956617916,17.30232956617916,4.310808152910898e-17,13.941541125862278,13.941541125862278,2.9249540840522532e-08,2.9249540840522532e-08,0.4960183349294491,0.496018334929449,0.21682125879829856,0.2168212587982987,0.5413369069748172,0.5413369069748172,31.0,31.0,1
test:1a72b2efdfa32abe,20747,active,20,72,target_matched,2xq99,encoder_grad,OK,1,11.49576857392449,11.495768573924488,9.987431596810347e-16,13.94154112586227,13.94154112586227,2.9249540330863844e-08,2.9249540330863844e-08,1.010387189732064,1.0103871897320644,0.7325100627850127,0.7325100627850132,1.2479796734145798,1.2479796734145803,167.0,167.0,1
test:1a72b2efdfa32abe,20747,active,20,72,target_matched,2xq99,jacobian_ln,OK,,13.03694570096027,13.03694570096027,1.0210503820229307e-15,13.941541125862296,13.941541125862296,2.9249542114669253e-08,2.9249542114669253e-08,5.181993227998198e-15,5.135584027279483e-15,0.15222173244855397,0.15222173244855383,0.15222173244855397,0.15222173244855383,25.0,25.0,1
test:1a72b2efdfa32abe,20747,active,20,72,target_matched,2xq99,random,OK,1,209.7196436492233,209.7196436492233,2.912424552199889e-16,13.941541125862285,13.941541125862285,2.924954135018122e-08,2.924954135018122e-08,3.5125438552672463,3.512543855267246,24.224982699152473,24.224982699152463,24.478311851706856,24.478311851706845,2447.0,2447.0,1
test:1a72b2efdfa32abe,20747,active,20,72,target_matched,2xq99,mean_only,OK,0,11.617636096202732,1.538370149106851e-15,11.617636096202732,13.941541125862281,1.9984014443252818e-15,2.9249541095351875e-08,0.9999999999999999,10.916246347160254,7.810400340368153e-15,100.43024554860841,0.0,101.02177317423045,7.810400340368153e-15,22712.0,0.0,1
test:1a72b2efdfa32abe,20747,active,20,72,target_matched,2xq99,decoder_calib_rescaled,OK_UNMATCHED,1,17.30232956617916,17.30232956617916,4.310808152910898e-17,13.941541125862278,13.941541125862278,2.9249540840522532e-08,2.9249540840522532e-08,0.4960183349294491,0.496018334929449,0.21682125879829856,0.2168212587982987,0.5413369069748172,0.5413369069748172,31.0,31.0,1
test:1a72b2efdfa32abe,20747,active,20,72,target_matched,2xq99,decoder_plain,OK_UNMATCHED,1,13.93938811493432,13.93938811493432,1.8156603424107872e-17,11.23181430167542,11.23181430167542,0.19436348329057854,0.19436348329057854,0.40371752438193836,0.4037175243819384,0.1456244100497933,0.14562441004979337,0.429178643801659,0.4291786438016591,25.0,25.0,1
test:1a72b2efdfa32abe,20747,active,20,72,target_matched,q50,decoder,OK,1,1.016970214046187,1.016970214046187,5.993588854862261e-18,0.8194348633039487,0.8194348633039487,2.1852106740483866e-08,2.1852106740483866e-08,0.5128257211114222,0.5128257211114208,0.014681585440720403,0.014681585440720403,0.5130358361601101,0.5130358361601086,1.0,1.0,1
test:1a72b2efdfa32abe,20747,active,20,72,target_matched,q50,encoder_grad,OK,1,0.6756809354794346,0.6756809354794346,6.367913576965847e-17,0.8194348633039502,0.8194348633039502,2.185210484367392e-08,2.185210484367392e-08,1.010387138099608,1.0103871380996077,0.12922792512200046,0.1292279251220006,1.0186177032962138,1.0186177032962136,5.0,5.0,1
test:1a72b2efdfa32abe,20747,active,20,72,target_matched,q50,jacobian_ln,OK,,0.7662659186616028,0.7662659186616028,2.923492231160406e-17,0.8194348633039509,0.8194348633039509,2.185210403075537e-08,2.185210403075537e-08,1.2335461539278852e-13,1.2317143207204922e-13,0.040134982847723044,0.0401349828477225,0.040134982847723044,0.0401349828477225,1.0,1.0,1
test:1a72b2efdfa32abe,20747,active,20,72,target_matched,q50,random,OK,1,12.326584699238197,12.326584699238197,1.8285126693692425e-17,0.8194348633039487,0.8194348633039493,2.1852106740483866e-08,2.1852105927565316e-08,5.342284701152078,5.342284701152078,1.2871501250348996,1.2871501250349007,5.495157984311361,5.495157984311361,11.0,11.0,1
test:1a72b2efdfa32abe,20747,active,20,72,target_matched,q50,mean_only,OK,0,0.6828438807777857,0.0,0.6828438807777857,0.8194348633039518,1.2212453270876722e-15,2.1852102946863968e-08,0.9999999999999986,10.916245789322089,1.4007888082331824e-13,5.584593136381401,0.0,12.261814818036134,1.4007888082331824e-13,76.0,0.0,1
test:1a72b2efdfa32abe,20747,active,20,72,target_matched,q50,decoder_calib_rescaled,OK_UNMATCHED,1,1.016970214046187,1.016970214046187,5.993588854862261e-18,0.8194348633039487,0.8194348633039487,2.1852106740483866e-08,2.1852106740483866e-08,0.5128257211114222,0.5128257211114208,0.014681585440720403,0.014681585440720403,0.5130358361601101,0.5130358361601086,1.0,1.0,1
test:1a72b2efdfa32abe,20747,active,20,72,target_matched,q50,decoder_plain,OK_UNMATCHED,1,0.8193083168770133,0.8193083168770133,2.8812794051294962e-18,0.6601666296328833,0.6601666296328838,0.19436352445993071,0.1943635244599302,0.4131511155507252,0.41315111555072553,0.006663522828386427,0.006663522828387511,0.41320484849199574,0.413204848491996,1.0,1.0,1
test:1a72b2efdfa32abe,20747,active,20,72,target_matched,q90,decoder,OK,1,3.3255751932511806,3.3255751932511806,4.946844136212064e-18,2.6796185534741936,2.679618553474193,1.6254718508737238e-08,1.6254718674465755e-08,0.5114588411001879,0.5114588411001879,0.04469938278013047,0.044699382780130165,0.5134083958803868,0.5134083958803868,4.0,4.0,1
test:1a72b2efdfa32abe,20747,active,20,72,target_matched,q90,encoder_grad,OK,1,2.20953153450088,2.2095315345008797,1.4026073383296482e-16,2.6796185534741905,2.6796185534741905,1.625471966883684e-08,1.625471966883684e-08,1.0103871437551384,1.0103871437551377,0.234156354679063,0.23415635467906323,1.0371650682038294,1.0371650682038287,14.0,14.0,1
test:1a72b2efdfa32abe,20747,active,20,72,target_matched,q90,jacobian_ln,OK,,2.50575178637348,2.50575178637348,1.0969277927974038e-16,2.679618553474193,2.6796185534741914,1.6254718674465755e-08,1.6254719337379813e-08,2.6643468242508815e-14,2.610743856248547e-14,0.07142775244521493,0.07142775244521436,0.07142775244521493,0.07142775244521436,2.0,2.0,1
test:1a72b2efdfa32abe,20747,active,20,72,target_matched,q90,random,OK,1,40.30893307110602,40.30893307110602,3.011350796566792e-17,2.6796185534741923,2.67961855347419,1.6254719005922784e-08,1.6254719834565356e-08,4.319677922524689,4.319677922524689,3.4819952864341768,3.4819952864341754,5.548324839904117,5.548324839904116,73.0,73.0,1
test:1a72b2efdfa32abe,20747,active,20,72,target_matched,q90,mean_only,OK,0,2.2329549473656805,7.691850745534255e-16,2.2329549473656805,2.6796185534741936,1.2212453270876722e-15,1.6254718508737238e-08,0.9999999999999996,10.91624585042455,4.384975751709843e-14,13.314099270908534,0.0,17.21713282932203,4.384975751709843e-14,575.0,0.0,1
test:1a72b2efdfa32abe,20747,active,20,72,target_matched,q90,decoder_calib_rescaled,OK_UNMATCHED,1,3.3255751932511806,3.3255751932511806,4.946844136212064e-18,2.6796185534741936,2.679618553474193,1.6254718508737238e-08,1.6254718674465755e-08,0.5114588411001879,0.5114588411001879,0.04469938278013047,0.044699382780130165,0.5134083958803868,0.5134083958803868,4.0,4.0,1
test:1a72b2efdfa32abe,20747,active,20,72,target_matched,q90,decoder_plain,OK_UNMATCHED,1,2.6792047363806355,2.6792047363806355,5.194884485600751e-18,2.1587984943870255,2.1587984943870264,0.1943635199504696,0.19436351995046927,0.41315111786329883,0.41315111786329883,0.025810709865719723,0.025810709865719983,0.4139565664842942,0.4139565664842941,3.0,3.0,1
test:1a72b2efdfa32abe,20747,active,20,72,target_matched,q99,decoder,OK,1,8.65116478308958,8.65116478308958,2.155404076455449e-17,6.970770562931135,6.970770562931138,2.9249540330863844e-08,2.924954071310786e-08,0.5052026667371419,0.5052026667371424,0.1271495809859144,0.1271495809859147,0.5209575322645918,0.5209575322645924,14.0,14.0,1
test:1a72b2efdfa32abe,20747,active,20,72,target_matched,q99,encoder_grad,OK,1,5.747884286962245,5.747884286962244,4.9937157984051735e-16,6.970770562931135,6.970770562931135,2.9249540330863844e-08,2.9249540330863844e-08,1.0103871897320635,1.0103871897320635,0.4196550792662789,0.419655079266279,1.0940715967104913,1.0940715967104913,57.0,57.0,1
test:1a72b2efdfa32abe,20747,active,20,72,target_matched,q99,jacobian_ln,OK,,6.518472850480135,6.518472850480135,5.105251910114653e-16,6.970770562931141,6.970770562931141,2.9249541095351875e-08,2.9249541095351875e-08,1.1179377525508883e-14,1.142668136816377e-14,0.10910830176271871,0.1091083017627189,0.10910830176271871,0.1091083017627189,6.0,6.0,1
test:1a72b2efdfa32abe,20747,active,20,72,target_matched,q99,random,OK,1,104.85982182461164,104.85982182461164,1.4562122760999444e-16,6.970770562931142,6.970770562931141,2.9249541222766548e-08,2.9249541095351875e-08,3.859515149951319,3.8595151499513185,10.65280069106215,10.652800691062145,11.330402453408174,11.33040245340817,597.0,597.0,1
test:1a72b2efdfa32abe,20747,active,20,72,target_matched,q99,mean_only,OK,0,5.808818048101366,7.691850745534255e-16,5.808818048101366,6.970770562931132,1.2212453270876722e-15,2.9249539821205155e-08,0.9999999999999999,10.916246347160254,1.6775561208123876e-14,39.18507848579997,0.0,40.67720258634059,1.6775561208123876e-14,6608.0,0.0,1
test:1a72b2efdfa32abe,20747,active,20,72,target_matched,q99,decoder_calib_rescaled,OK_UNMATCHED,1,8.65116478308958,8.65116478308958,2.155404076455449e-17,6.970770562931135,6.970770562931138,2.9249540330863844e-08,2.924954071310786e-08,0.5052026667371419,0.5052026667371424,0.1271495809859144,0.1271495809859147,0.5209575322645918,0.5209575322645924,14.0,14.0,1
test:1a72b2efdfa32abe,20747,active,20,72,target_matched,q99,decoder_plain,OK_UNMATCHED,1,6.96969405746716,6.96969405746716,9.078301712053936e-18,5.615907150837713,5.615907150837715,0.19436348329057815,0.1943634832905779,0.40809671183445406,0.40809671183445395,0.08562921026370249,0.08562921026370234,0.41698355826156835,0.41698355826156824,9.0,9.0,1
test:1a72b2efdfa32abe,20747,active,20,72,equal_norm,0.2,decoder_unprojected_diagnostic,DIAGNOSTIC,0,20.301421636553833,20.29750174665519,0.3989276997975037,15.876207628132056,16.354933841185886,0.21797559131763386,0.19439467121044213,0.32390157981262196,0.3951977407746194,0.10527649664864833,0.19872627676884697,0.34058093627172553,0.4423498472835405,17.0,38.0,0
test:7238106a1b1a6dad,20747,inactive,3,30,equal_norm,0.025,decoder,OK,1,2.5376777045692283,2.5376777045692283,5.217463338529542e-18,0.0,0.0,1.0,1.0,0.32531939722793063,0.3253193972279306,0.007662107462488882,0.007662107462488882,0.32540961587437894,0.32540961587437883,1.0,1.0,1
test:7238106a1b1a6dad,20747,inactive,3,30,equal_norm,0.025,encoder_grad,OK,1,2.5376777045692283,2.5376777045692283,1.3601135249551465e-16,0.0,0.0,1.0,1.0,1.2131027394952225,1.2131027394952298,0.30150140114861246,0.301501401148615,1.2500085405569796,1.2500085405569874,12.0,12.0,1
test:7238106a1b1a6dad,20747,inactive,3,30,equal_norm,0.025,jacobian_ln,OK,1,2.5376777045692283,2.5376777045692283,4.569934664133514e-17,0.0,0.0,1.0,1.0,2.7744725308601488e-14,2.7817015710382633e-14,0.02346261250039413,0.023462612500393835,0.02346261250039413,0.023462612500393835,3.0,3.0,1
test:7238106a1b1a6dad,20747,inactive,3,30,equal_norm,0.025,random,OK,1,2.5376777045692283,2.5376777045692283,2.1169724165680503e-19,0.0,0.0,1.0,1.0,0.37950108295316143,0.3795010829531612,0.028211071315674192,0.028211071315674192,0.3805482052347644,0.3805482052347642,3.0,3.0,1
test:7238106a1b1a6dad,20747,inactive,3,30,equal_norm,0.025,mean_only,OK,0,2.537677704569228,0.0,2.537677704569228,0.0,0.0,1.0,1.0,13.071687656270303,2.303262634204048e-14,14.622147967426482,0.0,19.61316469528576,2.303262634204048e-14,516.0,0.0,1
test:7238106a1b1a6dad,20747,inactive,3,30,equal_norm,0.05,decoder,OK,1,5.0753554091384565,5.0753554091384565,1.0434926677059084e-17,0.0,0.0,1.0,1.0,0.32226780699566215,0.3222678069956622,0.030368425892663746,0.03036842589266438,0.32369550617361303,0.3236955061736132,3.0,3.0,1
test:7238106a1b1a6dad,20747,inactive,3,30,equal_norm,0.05,encoder_grad,OK,1,5.0753554091384565,5.0753554091384565,2.720227049910293e-16,0.0,0.0,1.0,1.0,1.213102739495222,1.2131027394952212,0.39826337812943535,0.39826337812943463,1.2768053786422904,1.2768053786422893,29.0,29.0,1
test:7238106a1b1a6dad,20747,inactive,3,30,equal_norm,0.05,jacobian_ln,OK,1,5.0753554091384565,5.0753554091384565,9.139869328267027e-17,0.0,0.0,1.0,1.0,1.2544839552508293e-14,1.2590414731434882e-14,0.050408630740539064,0.05040863074053917,0.050408630740539064,0.05040863074053917,4.0,4.0,1
test:7238106a1b1a6dad,20747,inactive,3,30,equal_norm,0.05,random,OK,1,5.0753554091384565,5.0753554091384565,4.2339448331361006e-19,0.0,0.0,1.0,1.0,0.37907930099719733,0.37907930099719767,0.08026205637624564,0.08026205637624535,0.38748305013028295,0.3874830501302832,10.0,10.0,1
test:7238106a1b1a6dad,20747,inactive,3,30,equal_norm,0.05,mean_only,OK,0,5.075355409138456,0.0,5.075355409138456,0.0,0.0,1.0,1.0,13.071687656270301,1.159679145161137e-14,33.870894014072505,0.0,36.30573617895142,1.159679145161137e-14,3479.0,0.0,1
test:7238106a1b1a6dad,20747,inactive,3,30,equal_norm,0.1,decoder,OK,1,10.150710818276913,10.150710818276913,2.086985335411817e-17,0.0,0.0,1.0,1.0,0.3074932898051474,0.30749328980514723,0.06596731050774689,0.06596731050774664,0.3144897602956539,0.31448976029565373,8.0,8.0,1
test:7238106a1b1a6dad,20747,inactive,3,30,equal_norm,0.1,encoder_grad,OK,1,10.150710818276913,10.150710818276913,5.440454099820586e-16,0.0,0.0,1.0,1.0,1.2131027394952234,1.2131027394952238,0.6059496770967662,0.6059496770967665,1.3560211162605438,1.3560211162605442,69.0,69.0,1
test:7238106a1b1a6dad,20747,inactive,3,30,equal_norm,0.1,jacobian_ln,OK,1,10.150710818276913,10.150710818276913,1.8279738656534055e-16,0.0,0.0,1.0,1.0,8.639608070564425e-15,8.996630432263794e-15,0.12120989648401571,0.12120989648401538,0.12120989648401571,0.12120989648401538,18.0,18.0,1
test:7238106a1b1a6dad,20747,inactive,3,30,equal_norm,0.1,random,OK,1,10.150710818276913,10.150710818276913,8.467889666272201e-19,0.0,0.0,1.0,1.0,0.3759708169650346,0.3759708169650347,0.1597958785690502,0.15979587856905003,0.40852022963007617,0.40852022963007617,15.0,15.0,1
test:7238106a1b1a6dad,20747,inactive,3,30,equal_norm,0.1,mean_only,OK,0,10.150710818276911,0.0,10.150710818276911,0.0,0.0,1.0,1.0,13.071687656270303,5.803873240383269e-15,97.07224014330518,0.0,97.94839878539415,5.803873240383269e-15,19897.0,0.0,1
test:7238106a1b1a6dad,20747,inactive,3,30,equal_norm,0.2,decoder,OK,1,20.301421636553826,20.301421636553826,4.173970670823634e-17,2.0496063665125175,2.0496063665125166,0.8990412418162517,0.8990412418162517,0.29039962646565065,0.29039962646565065,0.12774988165294007,0.12774988165293993,0.31725695471294185,0.31725695471294174,16.0,16.0,1
test:7238106a1b1a6dad,20747,inactive,3,30,equal_norm,0.2,encoder_grad,OK,1,20.301421636553826,20.301421636553826,1.0880908199641172e-15,10.312147513813326,10.312147513813327,0.4920480223850522,0.4920480223850521,1.213102739495222,1.2131027394952234,1.0372740822966606,1.0372740822966622,1.5961064433098415,1.5961064433098433,228.0,228.0,1
test:7238106a1b1a6dad,20747,inactive,3,30,equal_norm,0.2,jacobian_ln,OK,1,20.301421636553826,20.301421636553826,3.655947731306811e-16,7.037494303609895,7.037494303609897,0.653349688395731,0.653349688395731,4.46958503586801e-15,4.470924318468204e-15,0.21949471207255078,0.2194947120725507,0.21949471207255078,0.2194947120725507,40.0,40.0,1
test:7238106a1b1a6dad,20747,inactive,3,30,equal_norm,0.2,random,OK,1,20.301421636553826,20.301421636553826,1.6935779332544402e-18,0.0,0.0,1.0,1.0,0.3575711558468437,0.3575711558468436,0.2337001905452994,0.2337001905452994,0.4271684802915086,0.4271684802915086,26.0,26.0,1
test:7238106a1b1a6dad,20747,inactive,3,30,equal_norm,0.2,mean_only,OK,0,20.301421636553822,0.0,20.301421636553822,10.053880205851454,0.0,0.5047696586549749,1.0,13.071687656270301,2.9406349721608775e-15,188.65835936709254,0.0,189.11067018353597,2.9406349721608775e-15,24475.0,0.0,1
test:7238106a1b1a6dad,20747,inactive,3,30,target_matched,2xq99,decoder,OK,1,35.060060766060026,35.060060766060026,8.473752691269908e-17,13.94154112586228,13.941541125862281,2.9249540967937202e-08,2.9249541095351875e-08,0.6814237766540353,0.6814237766540352,0.507677104754156,0.5076771047541557,0.8497496137574944,0.8497496137574941,37.0,37.0,1
test:7238106a1b1a6dad,20747,inactive,3,30,target_matched,2xq99,encoder_grad,OK,1,23.294108646628843,23.294108646628843,1.9993288243368866e-15,13.941541125862273,13.941541125862276,2.9249540458278517e-08,2.924954071310786e-08,2.0269027833062943,2.026902783306296,1.9778673981781634,1.9778673981781663,2.8320124183609896,2.832012418360993,310.0,310.0,1
test:7238106a1b1a6dad,20747,inactive,3,30,target_matched,2xq99,jacobian_ln,OK,,26.867621162103276,26.867621162103276,3.4620835038611533e-16,13.941541125862273,13.941541125862273,2.9249540458278517e-08,2.9249540458278517e-08,6.513187617759407e-15,6.3936863070063555e-15,0.5333483231362137,0.5333483231362137,0.5333483231362137,0.5333483231362137,56.0,56.0,1
test:7238106a1b1a6dad,20747,inactive,3,30,target_matched,2xq99,mean_only,OK,0,23.541051274795915,9.230220894641107e-15,23.541051274795915,13.941541125862274,0.0,2.9249540585693186e-08,1.0,22.072257500220797,4.7968276999713485e-15,344.2536316866802,0.0,344.9605013340289,4.7968276999713485e-15,24476.0,0.0,1
test:7238106a1b1a6dad,20747,inactive,3,30,target_matched,2xq99,decoder_calib_rescaled,OK_UNMATCHED,1,17.30232956617916,17.30232956617916,4.310808152910898e-17,0.0,0.0,1.0,1.0,0.36376726480591826,0.36376726480591826,0.13890075072833472,0.13890075072833463,0.389384182392241,0.38938418239224093,14.0,14.0,1
test:7238106a1b1a6dad,20747,inactive,3,30,target_matched,2xq99,decoder_plain,OK_UNMATCHED,1,13.93938811493432,13.93938811493432,1.8156603424107872e-17,0.0,0.0,1.0,1.0,0.2975040791185903,0.2975040791185902,0.0935722976137248,0.09357229761372478,0.3118724931328698,0.31187249313286963,9.0,9.0,1
test:7238106a1b1a6dad,20747,inactive,3,30,target_matched,q50,decoder,OK,1,18.77470141392706,18.77470141392706,8.993834424997155e-17,0.8194348633039432,0.8194348633039454,2.1852113379318684e-08,2.1852110669590187e-08,6.686060124114906,6.686060124114911,2.7476641562113953,2.7476641562113993,7.228627691243222,7.228627691243228,14.0,14.0,1
test:7238106a1b1a6dad,20747,inactive,3,30,target_matched,q50,encoder_grad,OK,1,12.474021008183788,12.474021008183788,9.825581575014843e-16,0.8194348633039483,0.8194348633039481,2.185210714694314e-08,2.1852107417915988e-08,18.466713785613297,18.466713785613297,10.651830420742463,10.65183042074246,21.318560208232043,21.318560208232043,92.0,92.0,1
test:7238106a1b1a6dad,20747,inactive,3,30,target_matched,q50,jacobian_ln,OK,,14.387640922439957,14.387640922439957,3.834635482169963e-16,0.8194348633039461,0.8194348633039485,2.1852109856671637e-08,2.185210687597029e-08,1.1138371391440753e-13,1.0794863618354192e-13,2.9469181183425515,2.946918118342561,2.9469181183425515,2.946918118342561,24.0,24.0,1
test:7238106a1b1a6dad,20747,inactive,3,30,target_matched,q50,mean_only,OK,0,12.606259059370945,4.6151104473205536e-15,12.606259059370945,0.8194348633039412,0.0,2.185211581807433e-08,1.0,201.09600974253505,8.386631913525073e-14,1960.4242594705606,0.0,1970.711263035523,8.386631913525073e-14,23484.0,0.0,1
test:7238106a1b1a6dad,20747,inactive,3,30,target_matched,q50,decoder_calib_rescaled,OK_UNMATCHED,1,1.016970214046187,1.016970214046187,5.993588854862261e-18,0.0,0.0,1.0,1.0,0.41052771488897266,0.41052771488897205,0.0,0.0,0.41052771488897266,0.41052771488897205,0.0,0.0,1
test:7238106a1b1a6dad,20747,inactive,3,30,target_matched,q50,decoder_plain,OK_UNMATCHED,1,0.8193083168770133,0.8193083168770133,2.8812794051294962e-18,0.0,0.0,1.0,1.0,0.3332948842233797,0.3332948842233799,0.0,0.0,0.3332948842233797,0.3332948842233799,0.0,0.0,1
test:7238106a1b1a6dad,20747,inactive,3,30,target_matched,q90,decoder,OK,1,21.083306393132055,21.083306393132055,1.126161088826573e-16,2.679618553474192,2.6796185534741914,1.6254719171651298e-08,1.6254719337379813e-08,2.2800557734832423,2.280055773483241,1.0349421639883092,1.034942163988308,2.5039488039884263,2.5039488039884246,16.0,16.0,1
test:7238106a1b1a6dad,20747,inactive,3,30,target_matched,q90,encoder_grad,OK,1,14.007871607205232,14.007871607205232,1.016400004841003e-15,2.6796185534741883,2.679618553474192,1.6254720497479416e-08,1.6254719171651298e-08,6.341569596497853,6.341569596497859,3.9833159835668246,3.983315983566829,7.488812400652382,7.488812400652389,110.0,110.0,1
test:7238106a1b1a6dad,20747,inactive,3,30,target_matched,q90,jacobian_ln,OK,,16.15679712579344,16.15679712579344,3.718275578909299e-16,2.6796185534741843,2.6796185534741825,1.6254721989036045e-08,1.6254722651950105e-08,2.880300931550063e-14,3.041994012655457e-14,1.1039986727765223,1.103998672776521,1.1039986727765223,1.103998672776521,30.0,30.0,1
test:7238106a1b1a6dad,20747,inactive,3,30,target_matched,q90,mean_only,OK,0,14.156370125958816,0.0,14.156370125958816,2.679618553474187,0.0,1.625472099466496e-08,1.0,69.0574596089644,2.4093249226926972e-14,759.244931555458,0.0,762.3790388122537,2.4093249226926972e-14,24166.0,0.0,1
test:7238106a1b1a6dad,20747,inactive,3,30,target_matched,q90,decoder_calib_rescaled,OK_UNMATCHED,1,3.3255751932511806,3.3255751932511806,4.946844136212064e-18,0.0,0.0,1.0,1.0,0.40301465229345274,0.4030146522934524,0.02072512722339309,0.020725127223393064,0.40354719781165427,0.40354719781165393,2.0,2.0,1
test:7238106a1b1a6dad,20747,inactive,3,30,target_matched,q90,decoder_plain,OK_UNMATCHED,1,2.6792047363806355,2.6792047363806355,5.194884485600751e-18,0.0,0.0,1.0,1.0,0.32512499693010716,0.3251249969301061,0.009626840378375408,0.009626840378375408,0.32526748943672945,0.32526748943672845,1.0,1.0,1
test:7238106a1b1a6dad,20747,inactive,3,30,target_matched,q99,decoder,OK,1,26.408895982970453,26.408895982970453,9.133193549440402e-17,6.970770562931136,6.9707705629311345,2.9249540458278517e-08,2.924954020344917e-08,1.0732778766898599,1.0732778766898603,0.5981771391782593,0.5981771391782593,1.2287153008029894,1.2287153008029896,23.0,23.0,1
test:7238106a1b1a6dad,20747,inactive,3,30,target_matched,q99,encoder_grad,OK,1,17.5462243596666,17.5462243596666,1.0968223693813559e-15,6.970770562931141,6.970770562931141,2.9249541095351875e-08,2.9249541095351875e-08,3.0535180831031186,3.053518083103121,2.2934141491854327,2.293414149185436,3.81886385506497,3.8188638550649734,169.0,169.0,1
test:7238106a1b1a6dad,20747,inactive,3,30,target_matched,q99,jacobian_ln,OK,,20.23796300052956,20.23796300052956,3.671717528720129e-16,6.970770562931129,6.970770562931129,2.924953943896114e-08,2.924953943896114e-08,1.109891012716336e-14,1.1644615933752075e-14,0.6356633163361375,0.6356633163361366,0.6356633163361375,0.6356633163361366,40.0,40.0,1
test:7238106a1b1a6dad,20747,inactive,3,30,target_matched,q99,mean_only,OK,0,17.732233226694504,0.0,17.732233226694504,6.970770562931141,0.0,2.9249541095351875e-08,1.0,33.251736574110666,8.576246559698163e-15,440.22202185290655,0.0,441.4760542877212,8.576246559698163e-15,24468.0,0.0,1
test:7238106a1b1a6dad,20747,inactive,3,30,target_matched,q99,decoder_calib_rescaled,OK_UNMATCHED,1,8.65116478308958,8.65116478308958,2.155404076455449e-17,0.0,0.0,1.0,1.0,0.3861447984515454,0.38614479845154553,0.06585420372344958,0.06585420372344948,0.39172002950989654,0.39172002950989665,7.0,7.0,1
test:7238106a1b1a6dad,20747,inactive,3,30,target_matched,q99,decoder_plain,OK_UNMATCHED,1,6.96969405746716,6.96969405746716,9.078301712053936e-18,0.0,0.0,1.0,1.0,0.31673176924774377,0.31673176924774366,0.042052822081486196,0.042052822081485704,0.3195112728775358,0.3195112728775356,4.0,4.0,1
test:7238106a1b1a6dad,20747,inactive,3,30,equal_norm,0.2,decoder_unprojected_diagnostic,DIAGNOSTIC,0,20.301421636553833,20.29750174665519,0.3989276997975037,1.5677216593367522,2.0464478723905715,0.9227777418677153,0.899196821760524,0.3286131010774442,0.29034679863652013,0.06106506657080882,0.12770583872704838,0.33423870594985233,0.31719086481715525,8.0,16.0,0
test:659e9256d60de113,22630,active,15,40,equal_norm,0.025,decoder,OK,1,2.5376777045692287,2.5376777045692287,1.7195732500432957e-17,2.4008292916669234,2.4008292916669234,0.05392665495945961,0.05392665495945961,0.5924435068059152,0.592443506805915,0.06880668558549234,0.06880668558549201,0.5964257445296534,0.596425744529653,7.0,7.0,1
test:659e9256d60de113,22630,active,15,40,equal_norm,0.025,encoder_grad,OK,1,2.5376777045692283,2.5376777045692283,1.472898633619336e-17,4.674606617150673,4.674606617150669,0.8420804571097908,0.8420804571097894,0.5760527189439474,0.5760527189439432,0.1502026374047707,0.15020263740476855,0.5953129994264055,0.5953129994264008,8.0,8.0,1
test:659e9256d60de113,22630,active,15,40,equal_norm,0.025,jacobian_ln,OK,1,2.537677704569228,2.537677704569228,2.8609792490763984e-17,4.427283518727354,4.427283518727343,0.7446200538052805,0.7446200538052763,2.0173360886861438e-14,2.3985154556915316e-14,0.06618180606364288,0.06618180606364157,0.06618180606364288,0.06618180606364157,4.0,4.0,1
test:659e9256d60de113,22630,active,15,40,equal_norm,0.025,random,OK,1,2.5376777045692283,2.5376777045692283,0.0,0.03280197210369096,0.03280197210369096,0.9870740199731074,0.9870740199731074,0.3733899974980885,0.37338999749808804,0.07715201404694912,0.07715201404694907,0.3812774888491624,0.38127748884916196,5.0,5.0,1
test:659e9256d60de113,22630,active,15,40,equal_norm,0.025,mean_only,OK,0,2.537677704569228,0.0,2.537677704569228,6.913822786778049,7.105427357601002e-15,1.7244683633308802,0.9999999999999972,10.998897921139914,1.3836588575993484e-14,15.423309200682985,0.0,18.943448001341476,1.3836588575993484e-14,726.0,0.0,1
test:659e9256d60de113,22630,active,15,40,equal_norm,0.05,decoder,OK,1,5.075355409138457,5.075355409138457,3.4391465000865914e-17,4.801658583333854,4.801658583333854,0.05392665495945822,0.05392665495945822,0.5924435068059144,0.5924435068059143,0.10888267179881742,0.10888267179881692,0.6023659560221997,0.6023659560221993,11.0,11.0,1
test:659e9256d60de113,22630,active,15,40,equal_norm,0.05,encoder_grad,OK,1,5.0753554091384565,5.0753554091384565,2.945797267238672e-17,9.349213234301363,9.349213234301363,0.8420804571097943,0.8420804571097943,0.5760527189439494,0.5760527189439495,0.2112242541423452,0.21122425414234505,0.6135571860394977,0.6135571860394977,20.0,20.0,1
test:659e9256d60de113,22630,active,15,40,equal_norm,0.05,jacobian_ln,OK,1,5.075355409138456,5.075355409138456,5.721958498152797e-17,8.854567037454665,8.854567037454665,0.7446200538052721,0.7446200538052721,1.2751533288323645e-14,1.2265023334782128e-14,0.0811035805120432,0.08110358051204351,0.0811035805120432,0.08110358051204351,5.0,5.0,1
test:659e9256d60de113,22630,active,15,40,equal_norm,0.05,random,OK,1,5.0753554091384565,5.0753554091384565,0.0,0.0656039442073677,0.0656039442073677,0.9870740199731102,0.9870740199731102,0.3685681941208283,0.3685681941208285,0.10650177482886314,0.10650177482886307,0.3836471578927524,0.3836471578927525,9.0,9.0,1
test:659e9256d60de113,22630,active,15,40,equal_norm,0.05,mean_only,OK,0,5.075355409138456,0.0,5.075355409138456,13.827645573556097,3.552713678800501e-15,1.7244683633308802,0.9999999999999993,10.998897921139916,6.338761802567813e-15,39.79012739975488,0.0,41.282320598149276,6.338761802567813e-15,5729.0,0.0,1
test:659e9256d60de113,22630,active,15,40,equal_norm,0.1,decoder,OK,1,10.150710818276915,10.150710818276915,6.878293000173183e-17,9.603317166667651,9.603317166667651,0.05392665495946382,0.05392665495946382,0.5924435068059136,0.5924435068059128,0.20008212000313616,0.20008212000313533,0.6253176500798918,0.6253176500798909,23.0,23.0,1
test:659e9256d60de113,22630,active,15,40,equal_norm,0.1,encoder_grad,OK,1,10.150710818276913,10.150710818276913,5.891594534477344e-17,18.698426468602676,18.698426468602676,0.8420804571097894,0.8420804571097894,0.5760527189439515,0.5760527189439516,0.3195632942768104,0.31956329427681057,0.6587544565707062,0.6587544565707063,41.0,41.0,1
test:659e9256d60de113,22630,active,15,40,equal_norm,0.1,jacobian_ln,OK,1,10.150710818276911,10.150710818276911,1.1443916996305594e-16,17.709134074909322,17.709134074909322,0.7446200538052714,0.7446200538052714,9.405742416714155e-15,9.99550195126323e-15,0.15258908886442962,0.15258908886442946,0.15258908886442962,0.15258908886442946,15.0,15.0,1
test:659e9256d60de113,22630,active,15,40,equal_norm,0.1,random,OK,1,10.150710818276913,10.150710818276913,0.0,0.1312078884147425,0.1312078884147425,0.9870740199731095,0.9870740199731095,0.36659501464417965,0.3665950146441799,0.1629887259176084,0.1629887259176087,0.4011947526304545,0.40119475263045484,18.0,18.0,1
test:659e9256d60de113,22630,active,15,40,equal_norm,0.1,mean_only,OK,0,10.150710818276911,0.0,10.150710818276911,27.655291147112187,7.105427357601002e-15,1.7244683633308795,0.9999999999999993,10.99889792113992,3.466544248670606e-15,114.79818250033662,0.0,115.32388504061183,3.466544248670606e-15,22562.0,0.0,1
test:659e9256d60de113,22630,active,15,40,equal_norm,0.2,decoder,OK,1,20.30142163655383,20.30142163655383,1.3756586000346366e-16,19.206634333335316,19.20663433333531,0.05392665495946312,0.053926654959463464,0.5923062599090854,0.5923062599090848,0.3566410968929107,0.35664109689291007,0.6913895989385922,0.6913895989385915,60.0,60.0,1
test:659e9256d60de113,22630,active,15,40,equal_norm,0.2,encoder_grad,OK,1,20.301421636553826,20.301421636553826,1.1783189068954688e-16,37.3968529372054,37.396852937205395,0.8420804571097918,0.8420804571097915,0.5759849596959954,0.575984959695995,0.5243939366857775,0.5243939366857768,0.7789400969450762,0.7789400969450755,125.0,125.0,1
test:659e9256d60de113,22630,active,15,40,equal_norm,0.2,jacobian_ln,OK,1,20.301421636553822,20.301421636553822,2.2887833992611187e-16,35.418268149818665,35.418268149818665,0.7446200538052724,0.7446200538052724,8.368298164385576e-15,8.35957622453174e-15,0.25377534797620305,0.25377534797620316,0.25377534797620305,0.25377534797620316,40.0,40.0,1
test:659e9256d60de113,22630,active,15,40,equal_norm,0.2,random,OK,1,20.301421636553826,20.301421636553826,0.0,0.26241577682947437,0.2624157768294708,0.9870740199731101,0.9870740199731102,0.334927273127033,0.3349272731270328,0.22934924575237342,0.22934924575237328,0.40592777043643213,0.40592777043643186,46.0,46.0,1
test:659e9256d60de113,22630,active,15,40,equal_norm,0.2,mean_only,OK,0,20.301421636553822,0.0,20.301421636553822,55.31058229422433,7.105427357601002e-15,1.7244683633308775,0.9999999999999997,10.99889792113992,1.6762457704930984e-15,201.76673402812446,0.0,202.0663027717773,1.6762457704930984e-15,24507.0,0.0,1
test:659e9256d60de113,22630,active,15,40,target_matched,2xq99,decoder,OK,1,69.3522320819788,69.3522320819788,4.1051049941978724e-17,65.61229975150079,65.6122997515008,4.1050160371158566e-08,4.105016058774685e-08,0.6258940495231449,0.6258940495231451,0.9452965348386659,0.9452965348386666,1.1337234671675762,1.1337234671675767,540.0,540.0,1
test:659e9256d60de113,22630,active,15,40,target_matched,2xq99,encoder_grad,OK,1,35.61858437756322,35.61858437756322,2.3878306783906403e-17,65.61229975150076,65.61229975150076,4.1050159937982e-08,4.1050159937982e-08,0.31200910207922594,0.312009102079226,0.5497086992930643,0.5497086992930644,0.6320833282556639,0.632083328255664,460.0,460.0,1
test:659e9256d60de113,22630,active,15,40,target_matched,2xq99,jacobian_ln,OK,,37.60835950997771,37.60835950997771,6.727312940072271e-16,65.61229975150077,65.61229975150077,4.105016015457028e-08,4.105016015457028e-08,4.648970785487721e-15,4.736850027355599e-15,0.27129564127884065,0.27129564127884037,0.27129564127884065,0.27129564127884037,162.0,162.0,1
test:659e9256d60de113,22630,active,15,40,target_matched,2xq99,random,OK,1,5076.001823871974,5076.001823871974,2.3160859559832578e-14,65.61229975150056,65.61229975150047,4.105015690574605e-08,4.105015560621636e-08,19.804954457730023,19.804954457730027,576.683396716969,576.6833967169691,577.0233758437294,577.0233758437295,14620.0,14620.0,1
test:659e9256d60de113,22630,active,15,40,target_matched,2xq99,mean_only,OK,0,24.082606014044167,6.153480596427404e-15,24.082606014044167,65.6122997515007,1.4210854715202004e-14,4.105015907162887e-08,0.9999999999999998,4.037080599166665,8.776883647532248e-16,79.77246768324501,0.0,79.87455552326122,8.776883647532248e-16,24508.0,0.0,1
test:659e9256d60de113,22630,active,15,40,target_matched,2xq99,decoder_calib_rescaled,OK_UNMATCHED,1,69.3522320819788,69.3522320819788,4.1051049941978724e-17,65.61229975150079,65.6122997515008,4.1050160371158566e-08,4.105016058774685e-08,0.6258940495231449,0.6258940495231451,0.9452965348386659,0.9452965348386666,1.1337234671675762,1.1337234671675767,540.0,540.0,1
test:659e9256d60de113,22630,active,15,40,target_matched,2xq99,decoder_plain,OK_UNMATCHED,1,65.56158568980374,65.56158568980374,2.02993687711123e-16,62.02607015414131,62.026070154141294,0.05465784715307621,0.05465784715307642,0.5917054405476818,0.5917054405476821,0.8541539748189638,0.8541539748189647,1.0390834139147642,1.039083413914765,483.0,483.0,1
test:659e9256d60de113,22630,active,15,40,target_matched,q50,decoder,OK,1,3.2121185121201243,3.2121185121201243,1.3856370464503816e-17,3.0388997776660673,3.0388997776660673,3.8683604874134524e-08,3.8683604874134524e-08,0.6262131079259827,0.6262131079259833,0.0884586140431074,0.08845861404310765,0.6324300616959522,0.6324300616959528,8.0,8.0,1
test:659e9256d60de113,22630,active,15,40,target_matched,q50,encoder_grad,OK,1,1.649710626753039,1.649710626753039,5.14683872554528e-19,3.0388997776660815,3.0388997776660815,3.86836095504504e-08,3.86836095504504e-08,0.3127185563499035,0.3127185563499008,0.07019601996512177,0.07019601996512087,0.3205001976668837,0.320500197666881,6.0,6.0,1
test:659e9256d60de113,22630,active,15,40,target_matched,q50,jacobian_ln,OK,,1.7418690670211163,1.7418690670211163,1.730304806727877e-17,3.0388997776660602,3.038899777666064,3.8683602535976584e-08,3.8683603705055554e-08,1.8071108866913865e-14,1.7972032503258344e-14,0.032390149136592584,0.0323901491365927,0.032390149136592584,0.0323901491365927,3.0,3.0,1
test:659e9256d60de113,22630,active,15,40,target_matched,q50,random,OK,1,235.10013934002092,235.10013934002092,2.458836977398138e-15,3.0388997776660744,3.0388997776660602,3.868360721229246e-08,3.8683602535976584e-08,20.62479799415678,20.624797994156765,269.6715000518163,269.67150005181594,270.45905463211346,270.4590546321131,6211.0,6211.0,1
test:659e9256d60de113,22630,active,15,40,target_matched,q50,mean_only,OK,0,1.1154101645404384,1.9229626863835638e-16,1.1154101645404384,3.0388997776660673,3.552713678800501e-15,3.8683604874134524e-08,0.9999999999999988,4.037080589612677,1.1144630333403946e-14,2.6755755764637588,0.0,4.843214258361571,1.1144630333403946e-14,141.0,0.0,1
test:659e9256d60de113,22630,active,15,40,target_matched,q50,decoder_calib_rescaled,OK_UNMATCHED,1,3.2121185121201252,3.2121185121201252,4.124913742876083e-18,3.0388997776660673,3.0388997776660602,3.8683604874134524e-08,3.8683602535976584e-08,0.6262131079259834,0.6262131079259814,0.08845861404310718,0.08845861404310668,0.6324300616959528,0.6324300616959507,8.0,8.0,1
test:659e9256d60de113,22630,active,15,40,target_matched,q50,decoder_plain,OK_UNMATCHED,1,3.036550904796196,3.036550904796196,1.6707578344027901e-18,2.872799940175991,2.872799940175991,0.05465784939027715,0.05465784939027715,0.5919856232866068,0.5919856232866064,0.08023720899179684,0.0802372089917968,0.5973985168083575,0.5973985168083573,8.0,8.0,1
test:659e9256d60de113,22630,active,15,40,target_matched,q90,decoder,OK,1,18.192525653808616,18.192525653808616,2.9027475788800784e-17,17.211464009169646,17.211464009169646,4.703085681341012e-09,4.703085681341012e-09,0.6260987603031084,0.6260987603031082,0.34674703729126044,0.34674703729126005,0.7157046636171626,0.7157046636171623,50.0,50.0,1
test:659e9256d60de113,22630,active,15,40,target_matched,q90,encoder_grad,OK,1,9.343491775076501,9.343491775076501,0.0,17.21146400916966,17.211464009169646,4.703086507003186e-09,4.703085681341012e-09,0.3127185457235658,0.3127185457235653,0.16602325970302667,0.16602325970302623,0.35405735637306074,0.35405735637306013,36.0,36.0,1
test:659e9256d60de113,22630,active,15,40,target_matched,q90,jacobian_ln,OK,,9.865450968819125,9.865450968819125,5.577195412159574e-17,17.21146400916963,17.21146400916963,4.703084855678839e-09,4.703084855678839e-09,5.402922311641133e-15,5.2733306000921026e-15,0.08543808297695991,0.08543808297696,0.08543808297695991,0.08543808297696,15.0,15.0,1
test:659e9256d60de113,22630,active,15,40,target_matched,q90,random,OK,1,1331.5403214479402,1331.5403214479402,8.46272006579349e-15,17.211464009169646,17.21146400916968,4.703085681341012e-09,4.7030877454964464e-09,19.845468680928906,19.84546868092891,522.0132909011137,522.0132909011137,522.3903889856479,522.3903889856479,13380.0,13380.0,1
test:659e9256d60de113,22630,active,15,40,target_matched,q90,mean_only,OK,0,6.317365924187915,3.076740298213702e-15,6.317365924187915,17.21146400916963,3.552713678800501e-15,4.703084855678839e-09,0.9999999999999998,4.037080452430602,1.892982187173385e-15,20.933747744476012,0.0,21.319470284431357,1.892982187173385e-15,10502.0,0.0,1
test:659e9256d60de113,22630,active,15,40,target_matched,q90,decoder_calib_rescaled,OK_UNMATCHED,1,18.192525653808616,18.192525653808616,1.5389179538239402e-17,17.211464009169646,17.211464009169646,4.703085681341012e-09,4.703085681341012e-09,0.6260987603031082,0.6260987603031083,0.34674703729126033,0.3467470372912605,0.7157046636171625,0.7157046636171626,50.0,50.0,1
test:659e9256d60de113,22630,active,15,40,target_matched,q90,decoder_plain,OK_UNMATCHED,1,17.19816066130707,17.19816066130707,0.0,16.270721772160037,16.270721772160037,0.054657881513496855,0.054657881513496855,0.5918950807941492,0.5918950807941497,0.3139154156414182,0.3139154156414182,0.6699870706555738,0.6699870706555742,45.0,45.0,1
test:659e9256d60de113,22630,active,15,40,target_matched,q99,decoder,OK,1,34.6761160409894,34.6761160409894,2.0525524970989362e-17,32.8061498757504,32.80614987575039,4.105016058774685e-08,4.1050160371158566e-08,0.6259856527363673,0.6259856527363674,0.5577296453415042,0.5577296453415043,0.8384034796710566,0.8384034796710568,144.0,144.0,1
test:659e9256d60de113,22630,active,15,40,target_matched,q99,encoder_grad,OK,1,17.80929218878161,17.80929218878161,1.1939153391953202e-17,32.80614987575042,32.80614987575042,4.105016123751169e-08,4.105016123751169e-08,0.3126889637655469,0.3126889637655466,0.25231108795518326,0.252311087955183,0.40179008594774923,0.4017900859477489,102.0,102.0,1
test:659e9256d60de113,22630,active,15,40,target_matched,q99,jacobian_ln,OK,,18.804179754988855,18.804179754988855,3.3636564700361354e-16,32.80614987575039,32.80614987575039,4.1050160371158566e-08,4.1050160371158566e-08,5.064527876582119e-15,5.02608374008627e-15,0.13680068824720756,0.13680068824720776,0.13680068824720756,0.13680068824720776,38.0,38.0,1
test:659e9256d60de113,22630,active,15,40,target_matched,q99,random,OK,1,2538.000911935987,2538.000911935987,1.1580429779916289e-14,32.80614987575047,32.806149875750584,4.105016275362967e-08,4.1050166219042184e-08,19.813943423993425,19.813943423993432,556.7756820203601,556.7756820203604,557.1281292873717,557.1281292873718,14191.0,14191.0,1
test:659e9256d60de113,22630,active,15,40,target_matched,q99,mean_only,OK,0,12.041303007022083,3.076740298213702e-15,12.041303007022083,32.806149875750386,0.0,4.105016015457028e-08,1.0,4.037080599166665,1.0528363646427364e-15,50.97500665111192,0.0,51.13461961181556,1.0528363646427364e-15,24110.0,0.0,1
test:659e9256d60de113,22630,active,15,40,target_matched,q99,decoder_calib_rescaled,OK_UNMATCHED,1,34.6761160409894,34.6761160409894,2.0525524970989362e-17,32.8061498757504,32.80614987575039,4.105016058774685e-08,4.1050160371158566e-08,0.6259856527363673,0.6259856527363674,0.5577296453415042,0.5577296453415043,0.8384034796710566,0.8384034796710568,144.0,144.0,1
test:659e9256d60de113,22630,active,15,40,target_matched,q99,decoder_plain,OK_UNMATCHED,1,32.78079284490187,32.78079284490187,1.014968438555615e-16,31.013035077070626,31.013035077070633,0.054657847153077074,0.05465784715307686,0.5917754332671894,0.5917754332671896,0.5054613807324624,0.5054613807324628,0.7782604774948662,0.7782604774948666,130.0,130.0,1
test:659e9256d60de113,22630,active,15,40,equal_norm,0.2,decoder_unprojected_diagnostic,DIAGNOSTIC,0,20.301421636553833,20.28474620303777,0.8226736555164301,16.9495097487142,19.190858149793776,0.16510726937036443,0.054703752418397575,0.34164409349164643,0.5918199389363015,0.06472962421392234,0.35612669985551504,0.3477220310371554,0.6907076563008026,9.0,60.0,0
test:b6626494bd663bdd,22630,inactive,8,102,equal_norm,0.025,decoder,OK,1,2.5376777045692287,2.5376777045692287,1.7195732500432957e-17,0.0,0.0,1.0,1.0,0.25479322582602265,0.2547932258260211,0.09206068439540084,0.09206068439540158,0.27091466837028255,0.27091466837028133,2.0,2.0,1
test:b6626494bd663bdd,22630,inactive,8,102,equal_norm,0.025,encoder_grad,OK,1,2.5376777045692283,2.5376777045692283,1.472898633619336e-17,0.0,0.0,1.0,1.0,0.506863246816755,0.50686324681676,0.15384542863303569,0.1538454286330373,0.5296968632009305,0.5296968632009357,3.0,3.0,1
test:b6626494bd663bdd,22630,inactive,8,102,equal_norm,0.025,jacobian_ln,OK,1,2.5376777045692283,2.5376777045692283,1.0624030646156636e-16,0.0,0.0,1.0,1.0,2.0978697001583008e-14,2.1617879811399148e-14,0.09002710184565468,0.09002710184565448,0.09002710184565468,0.09002710184565448,2.0,2.0,1
test:b6626494bd663bdd,22630,inactive,8,102,equal_norm,0.025,random,OK,1,2.5376777045692283,2.5376777045692283,1.7069729412327383e-18,0.0,0.0,1.0,1.0,0.374921012919195,0.3749210129191963,0.0,0.0,0.374921012919195,0.3749210129191963,0.0,0.0,1
test:b6626494bd663bdd,22630,inactive,8,102,equal_norm,0.025,mean_only,OK,0,2.537677704569228,0.0,2.537677704569228,0.0,0.0,1.0,1.0,11.86457332860574,2.154362025644066e-14,15.885527675680757,0.0,19.82720579922148,2.154362025644066e-14,500.0,0.0,1
test:b6626494bd663bdd,22630,inactive,8,102,equal_norm,0.05,decoder,OK,1,5.075355409138457,5.075355409138457,3.4391465000865914e-17,0.0,0.0,1.0,1.0,0.2515040163189469,0.2515040163189458,0.10049411655607354,0.10049411655607403,0.2708382131216841,0.27083821312168327,3.0,3.0,1
test:b6626494bd663bdd,22630,inactive,8,102,equal_norm,0.05,encoder_grad,OK,1,5.0753554091384565,5.0753554091384565,2.945797267238672e-17,0.0,0.0,1.0,1.0,0.506863246816754,0.5068632468167559,0.19277846650261807,0.19277846650261907,0.5422857992984167,0.5422857992984188,11.0,11.0,1
test:b6626494bd663bdd,22630,inactive,8,102,equal_norm,0.05,jacobian_ln,OK,1,5.0753554091384565,5.0753554091384565,2.1248061292313273e-16,0.0,0.0,1.0,1.0,1.1448388511271171e-14,1.2398889688385862e-14,0.0984479029806398,0.09844790298064002,0.0984479029806398,0.09844790298064002,3.0,3.0,1
test:b6626494bd663bdd,22630,inactive,8,102,equal_norm,0.05,random,OK,1,5.0753554091384565,5.0753554091384565,3.4139458824654766e-18,0.0,0.0,1.0,1.0,0.37378024728015224,0.3737802472801531,0.035270320020236084,0.03527032002023687,0.37544063276521045,0.37544063276521134,3.0,3.0,1
test:b6626494bd663bdd,22630,inactive,8,102,equal_norm,0.05,mean_only,OK,0,5.075355409138456,0.0,5.075355409138456,0.0,0.0,1.0,1.0,11.864573328605738,9.840184575979945e-15,34.63838651545217,0.0,36.6140126271858,9.840184575979945e-15,3758.0,0.0,1
test:b6626494bd663bdd,22630,inactive,8,102,equal_norm,0.1,decoder,OK,1,10.150710818276915,10.150710818276915,6.878293000173183e-17,0.0,0.0,1.0,1.0,0.24492366478802416,0.2449236647880235,0.1099270237595626,0.10992702375956291,0.2684614537058009,0.2684614537058004,6.0,6.0,1
test:b6626494bd663bdd,22630,inactive,8,102,equal_norm,0.1,encoder_grad,OK,1,10.150710818276913,10.150710818276913,5.891594534477344e-17,3.9060778985683218,3.9060778985683253,0.6151916968530411,0.6151916968530406,0.5068632468167541,0.506863246816755,0.3394893084893127,0.3394893084893134,0.6100519170957284,0.6100519170957296,30.0,30.0,1
test:b6626494bd663bdd,22630,inactive,8,102,equal_norm,0.1,jacobian_ln,OK,1,10.150710818276913,10.150710818276913,4.2496122584626546e-16,3.09371693376111,3.0937169337611143,0.6952216533792196,0.6952216533792192,5.808447849222177e-15,5.614156652266299e-15,0.15040102281273346,0.1504010228127338,0.15040102281273346,0.1504010228127338,13.0,13.0,1
test:b6626494bd663bdd,22630,inactive,8,102,equal_norm,0.1,random,OK,1,10.150710818276913,10.150710818276913,6.827891764930953e-18,0.0,0.0,1.0,1.0,0.37186727237091566,0.371867272370916,0.10328755091748391,0.10328755091748408,0.38594505623873016,0.38594505623873054,9.0,9.0,1
test:b6626494bd663bdd,22630,inactive,8,102,equal_norm,0.1,mean_only,OK,0,10.150710818276911,0.0,10.150710818276911,12.862942577077774,0.0,0.2671962093680433,1.0,11.864573328605738,5.667857047345459e-15,100.80788339473573,0.0,101.50368197654949,5.667857047345459e-15,20785.0,0.0,1
test:b6626494bd663bdd,22630,inactive,8,102,equal_norm,0.2,decoder,OK,1,20.30142163655383,20.30142163655383,1.3756586000346366e-16,4.414285763300937,4.414285763300941,0.7825627319408796,0.7825627319408793,0.230072646360851,0.23007264636085106,0.13245288720851223,0.13245288720851253,0.26547540363159083,0.265475403631591,14.0,14.0,1
test:b6626494bd663bdd,22630,inactive,8,102,equal_norm,0.2,encoder_grad,OK,1,20.301421636553826,20.301421636553826,1.1783189068954688e-16,22.604504367171003,22.604504367171014,0.11344438012837445,0.11344438012837497,0.5068632468167541,0.5068632468167548,0.5811448649004602,0.581144864900461,0.7711288510837835,0.7711288510837845,79.0,79.0,1
test:b6626494bd663bdd,22630,inactive,8,102,equal_norm,0.2,jacobian_ln,OK,1,20.301421636553826,20.301421636553826,8.499224516925309e-16,20.979782437556587,20.979782437556594,0.03341442360219626,0.03341442360219661,4.271214349112157e-15,4.070696690081496e-15,0.3144766548043859,0.3144766548043863,0.3144766548043859,0.3144766548043863,34.0,34.0,1
test:b6626494bd663bdd,22630,inactive,8,102,equal_norm,0.2,random,OK,1,20.301421636553826,20.301421636553826,1.3655783529861906e-17,0.0,0.0,1.0,1.0,0.35581507100425197,0.355815071004252,0.17822802720295622,0.17822802720295614,0.397956774580379,0.397956774580379,28.0,28.0,1
test:b6626494bd663bdd,22630,inactive,8,102,equal_norm,0.2,mean_only,OK,0,20.301421636553822,0.0,20.301421636553822,40.51823372418991,0.0,0.995832286349459,1.0,11.864573328605736,2.6736153778823836e-15,192.2353364262554,0.0,192.60112323448547,2.6736153778823836e-15,24501.0,0.0,1
test:b6626494bd663bdd,22630,inactive,8,102,target_matched,2xq99,decoder,OK,1,84.98775156463628,84.98775156463628,1.762153760922172e-17,65.61229975150077,65.61229975150079,4.105016015457028e-08,4.1050160371158566e-08,0.24863815090175806,0.24863815090175806,0.4798263168597108,0.4798263168597111,0.540420414524656,0.5404204145246563,182.0,182.0,1
test:b6626494bd663bdd,22630,inactive,8,102,target_matched,2xq99,encoder_grad,OK,1,43.64882440389372,43.64882440389372,8.131516293641283e-18,65.61229975150076,65.61229975150077,4.1050159937982e-08,4.105016015457028e-08,0.3371926662377069,0.33719266623770716,0.6609836626481901,0.6609836626481908,0.7420231104570194,0.7420231104570201,339.0,339.0,1
test:b6626494bd663bdd,22630,inactive,8,102,target_matched,2xq99,jacobian_ln,OK,,45.63129512099597,45.63129512099597,1.6566463248054506e-15,65.61229975150076,65.61229975150076,4.1050159937982e-08,4.1050159937982e-08,3.1498555247980334e-15,3.258950796135919e-15,0.38581015402457763,0.3858101540245776,0.38581015402457763,0.3858101540245776,108.0,108.0,1
test:b6626494bd663bdd,22630,inactive,8,102,target_matched,2xq99,mean_only,OK,0,29.51204994427914,6.153480596427404e-15,29.51204994427914,65.61229975150071,0.0,4.1050159288217156e-08,1.0,5.336619881707292,1.1547275291905962e-15,101.75662400073767,0.0,101.89646725863138,1.1547275291905962e-15,24505.0,0.0,1
test:b6626494bd663bdd,22630,inactive,8,102,target_matched,2xq99,decoder_calib_rescaled,OK_UNMATCHED,1,69.3522320819788,69.3522320819788,4.1051049941978724e-17,50.81995118146635,50.819951181466365,0.22545081547044746,0.22545081547044724,0.20662882659032744,0.20662882659032744,0.31229121357544337,0.3122912135754439,0.37446131182609343,0.37446131182609393,113.0,113.0,1
test:b6626494bd663bdd,22630,inactive,8,102,target_matched,2xq99,decoder_plain,OK_UNMATCHED,1,65.56158568980374,65.56158568980374,2.02993687711123e-16,47.233721584106945,47.233721584106945,0.28010870367368296,0.28010870367368296,0.19605943425359804,0.19605943425359798,0.27876385269100706,0.2787638526910075,0.34080579121689586,0.3408057912168962,101.0,101.0,1
test:b6626494bd663bdd,22630,inactive,8,102,target_matched,q50,decoder,OK,1,18.84763799477759,18.84763799477759,3.956535835719864e-17,3.038899777666074,3.0388997776660784,3.868360706615759e-08,3.8683608527506297e-08,1.4379850652058517,1.437985065205851,0.8020147293515965,0.8020147293515985,1.6465201711038928,1.6465201711038933,11.0,11.0,1
test:b6626494bd663bdd,22630,inactive,8,102,target_matched,q50,encoder_grad,OK,1,9.679950653083539,9.679950653083539,5.787320106165843e-17,3.0388997776660704,3.038899777666071,3.868360589707862e-08,3.8683606043213494e-08,1.6145354840377413,1.6145354840377417,1.0378353941159757,1.0378353941159755,1.919329865994078,1.9193298659940785,30.0,30.0,1
test:b6626494bd663bdd,22630,inactive,8,102,target_matched,q50,jacobian_ln,OK,,10.11960095237135,10.11960095237135,4.2507451108009287e-16,3.038899777666065,3.03889977766607,3.868360414346017e-08,3.868360575094375e-08,2.1812770280117493e-14,2.111203525223499e-14,0.4988490467424302,0.4988490467424337,0.4988490467424302,0.4988490467424337,13.0,13.0,1
test:b6626494bd663bdd,22630,inactive,8,102,target_matched,q50,mean_only,OK,0,6.5448540947754825,1.538370149106851e-15,6.5448540947754825,3.0388997776660602,0.0,3.8683602535976584e-08,1.0,25.552638080698006,1.5645608615329903e-14,110.29269699981309,0.0,113.21402883201232,1.5645608615329903e-14,8292.0,0.0,1
test:b6626494bd663bdd,22630,inactive,8,102,target_matched,q50,decoder_calib_rescaled,OK_UNMATCHED,1,3.2121185121201252,3.2121185121201252,4.124913742876083e-18,0.0,0.0,1.0,1.0,0.26893543028122774,0.268935430281227,0.10094015364383091,0.10094015364383117,0.28725455658385873,0.2872545565838581,3.0,3.0,1
test:b6626494bd663bdd,22630,inactive,8,102,target_matched,q50,decoder_plain,OK_UNMATCHED,1,3.036550904796196,3.036550904796196,1.6707578344027901e-18,0.0,0.0,1.0,1.0,0.2543324239958705,0.2543324239958683,0.09467079739718165,0.0946707973971823,0.2713808058345938,0.2713808058345919,2.0,2.0,1
test:b6626494bd663bdd,22630,inactive,8,102,target_matched,q90,decoder,OK,1,33.82804513646607,33.82804513646607,2.619375006920454e-17,17.21146400916965,17.211464009169653,4.703085887756556e-09,4.703086094172099e-09,0.41524969418768337,0.4152496941876833,0.32095629512553187,0.32095629512553225,0.5248287834176705,0.5248287834176707,27.0,27.0,1
test:b6626494bd663bdd,22630,inactive,8,102,target_matched,q90,encoder_grad,OK,1,17.373731801407,17.373731801407,4.5752593028080826e-17,17.211464009169646,17.211464009169646,4.703085681341012e-09,4.703085681341012e-09,0.5116419124044083,0.5116419124044094,0.5250269947407453,0.5250269947407464,0.7330967137665663,0.7330967137665679,63.0,63.0,1
test:b6626494bd663bdd,22630,inactive,8,102,target_matched,q90,jacobian_ln,OK,,18.162823260649258,18.162823260649258,8.684634250290383e-16,17.211464009169635,17.21146400916964,4.703085062094382e-09,4.7030852685099255e-09,4.843247055465693e-15,4.649921825682502e-15,0.30041083296624604,0.3004108329662463,0.30041083296624604,0.3004108329662463,28.0,28.0,1
test:b6626494bd663bdd,22630,inactive,8,102,target_matched,q90,mean_only,OK,0,11.746809854422931,1.538370149106851e-15,11.746809854422931,17.211464009169642,0.0,4.703085474925469e-09,1.0,8.097561647818463,2.5929731606984896e-15,82.9799470023511,0.0,83.37410934548697,2.5929731606984896e-15,23230.0,0.0,1
test:b6626494bd663bdd,22630,inactive,8,102,target_matched,q90,decoder_calib_rescaled,OK_UNMATCHED,1,18.192525653808616,18.192525653808616,1.5389179538239402e-17,2.4191154391352683,2.419115439135269,0.8594474328724298,0.8594474328724298,0.24599906089138945,0.24599906089138956,0.13519128829907104,0.13519128829907137,0.2806995233188116,0.2806995233188119,11.0,11.0,1
test:b6626494bd663bdd,22630,inactive,8,102,target_matched,q90,decoder_plain,OK_UNMATCHED,1,17.19816066130707,17.19816066130707,0.0,1.4783732021256641,1.4783732021256637,0.9141053190890122,0.9141053190890122,0.2339851898075049,0.23398518980750482,0.1256347552323997,0.12563475523239978,0.26558079895120257,0.26558079895120257,10.0,10.0,1
test:b6626494bd663bdd,22630,inactive,8,102,target_matched,q99,decoder,OK,1,50.31163552364686,50.31163552364686,0.0,32.8061498757504,32.80614987575041,4.105016058774685e-08,4.1050160804335126e-08,0.3081002975917737,0.3081002975917738,0.3325509537258282,0.33255095372582877,0.4533386484738506,0.45333864847385097,64.0,64.0,1
test:b6626494bd663bdd,22630,inactive,8,102,target_matched,q99,encoder_grad,OK,1,25.839532215112108,25.839532215112108,8.234941960872449e-18,32.806149875750386,32.80614987575039,4.105016015457028e-08,4.1050160371158566e-08,0.399227281877105,0.3992272818771053,0.540420960580721,0.5404209605807215,0.6718907926366983,0.6718907926366989,111.0,111.0,1
test:b6626494bd663bdd,22630,inactive,8,102,target_matched,q99,jacobian_ln,OK,,27.013128907798986,27.01312890779899,9.141274918195303e-16,32.80614987575037,32.80614987575037,4.1050159721393716e-08,4.1050159721393716e-08,3.705014932126097e-15,3.718046710495166e-15,0.3228698200113091,0.32286982001130904,0.3228698200113091,0.32286982001130904,52.0,52.0,1
test:b6626494bd663bdd,22630,inactive,8,102,target_matched,q99,mean_only,OK,0,17.470746937257136,0.0,17.470746937257136,32.806149875750364,0.0,4.105015950480543e-08,1.0,6.318418112579558,2.0641471896841207e-15,93.30178777498747,0.0,93.51548539923309,2.0641471896841207e-15,24488.0,0.0,1
test:b6626494bd663bdd,22630,inactive,8,102,target_matched,q99,decoder_calib_rescaled,OK_UNMATCHED,1,34.6761160409894,34.6761160409894,2.0525524970989362e-17,18.013801305716008,18.013801305716015,0.45090167199105374,0.4509016719910535,0.22238999524989006,0.22238999524988998,0.17471703182615894,0.1747170318261592,0.2828132797401656,0.2828132797401657,33.0,33.0,1
test:b6626494bd663bdd,22630,inactive,8,102,target_matched,q99,decoder_plain,OK_UNMATCHED,1,32.78079284490187,32.78079284490187,1.014968438555615e-16,16.220686507036273,16.22068650703628,0.5055595601942903,0.50555956019429,0.21228491190986926,0.21228491190986915,0.16074371361403705,0.1607437136140374,0.26627697101141234,0.2662769710114124,25.0,25.0,1
test:b6626494bd663bdd,22630,inactive,8,102,equal_norm,0.2,decoder_unprojected_diagnostic,DIAGNOSTIC,0,20.301421636553833,20.28474620303777,0.8226736555164301,2.157161178679833,4.398509579759396,0.8937433463517803,0.7833398293998142,0.4421218985632092,0.22990344263370083,0.027739612617956797,0.13230786768374078,0.4429912632291194,0.26525641327938826,1.0,14.0,0
