budget,continuation,continuation_ids,continuation_nll_unedited_model,doc_id,drift_all_nontarget_mean,edit_mean_component_max,edit_norm_per_position_median,hits,hits_per_generated_token,kl_prompt_teacher_forced,method,n_generated_tokens,n_newly_active_mean,n_words,prompt_ids,rate,rho,role,seconds_generation,seconds_row,status,success,target_active_after_frac,target_change_mean
none," the Buffalo Bulls Hall of Fame.

The Bulls have been a perennial contender for the NBA's Most Valuable Player award since the 1980-81 season.",262 14905 18075 4789 286 18864 13 198 198 464 18075 423 587 257 39983 24190 329 262 7403 338 4042 3254 7153 7853 5764 1201 262 7169 12 6659 1622 13,1.2492794804110936,test:7532b9906d6a5e9a,0.0,0.0,0.0,0,0.0,0.0,no_edit,32,0.0,24,50256 355 257 711 2488 12 31 416 2488 12 31 711 49032 329 262 14905 18075 764 679 12007 2972 5581 290 5243 5701 2523 290 373 4191 28948 276 656,0.0,0.0,reference,7.321810275999951,7.946894601999929,OK,0,0.0,0.0
0.1," the Buffalo Bulls Hall of Fame.

The Bulls have been a perennial contender for the NBA's Most Valuable Player award since the Bulls won the championship in",262 14905 18075 4789 286 18864 13 198 198 464 18075 423 587 257 39983 24190 329 262 7403 338 4042 3254 7153 7853 5764 1201 262 18075 1839 262 12184 287,1.3930931968811222,test:7532b9906d6a5e9a,3.5390382257440134,2.3129646346357427e-18,10.156868323228968,0,0.0,0.02104540861594153,decoder,32,8.451612903225806,28,50256 355 257 711 2488 12 31 416 2488 12 31 711 49032 329 262 14905 18075 764 679 12007 2972 5581 290 5243 5701 2523 290 373 4191 28948 276 656,0.0,10.156868323228968,actor,6.436186588000055,6.908531112999981,OK,0,0.6451612903225806,1.2722335944623797
0.1," the Buffalo Bulls Hall of Fame. He was also a member of the Buffalo Bulls Hall of Fame.

In the early 1990s, he was named the",262 14905 18075 4789 286 18864 13 679 373 635 257 2888 286 262 14905 18075 4789 286 18864 13 198 198 818 262 1903 6303 82 11 339 373 3706 262,1.210999219613971,test:7532b9906d6a5e9a,8.686310852470292,2.544261098099317e-17,10.156868323228965,0,0.0,0.019918215771819195,encoder_grad,32,58.83870967741935,26,50256 355 257 711 2488 12 31 416 2488 12 31 711 49032 329 262 14905 18075 764 679 12007 2972 5581 290 5243 5701 2523 290 373 4191 28948 276 656,0.0,10.156868323228968,actor,6.331701243999987,6.769155498000146,OK,0,0.9032258064516129,3.1695699936339574
0.1," the Buffalo Bulls Hall of Fame.

The Bulls have been a perennial contender for the NBA's Most Valuable Player award since the inception of the league in",262 14905 18075 4789 286 18864 13 198 198 464 18075 423 587 257 39983 24190 329 262 7403 338 4042 3254 7153 7853 5764 1201 262 30839 286 262 4652 287,1.252959129468695,test:7532b9906d6a5e9a,1.6555693142315024,5.695675412790517e-17,10.156868323228968,0,0.0,0.01613614303095221,jacobian_ln,32,17.35483870967742,28,50256 355 257 711 2488 12 31 416 2488 12 31 711 49032 329 262 14905 18075 764 679 12007 2972 5581 290 5243 5701 2523 290 373 4191 28948 276 656,0.0,10.156868323228968,actor,7.286895601999959,8.226606091999884,OK,0,0.8387096774193549,2.2930596173150817
0.1," the Basketball Hall of Fame. He is also a member of the Buffalo Bulls Hall of Fame.

The Buffalo Bulls are a team that has won the NBA",262 25911 4789 286 18864 13 679 318 635 257 2888 286 262 14905 18075 4789 286 18864 13 198 198 464 14905 18075 389 257 1074 326 468 1839 262 7403,1.312067137194981,test:7532b9906d6a5e9a,3.5939580315574897,8.0953762212251e-18,10.156868323228966,0,0.0,0.02781455730002316,diffmean,32,10.870967741935484,28,50256 355 257 711 2488 12 31 416 2488 12 31 711 49032 329 262 14905 18075 764 679 12007 2972 5581 290 5243 5701 2523 290 373 4191 28948 276 656,0.0,10.156868323228968,actor,6.339865652999833,6.793945748999931,OK,0,0.0,0.0
0.8," the Buffalo Bulls Hall of Fame.

The Bulls have been a perennial contender for the NBA's Most Valuable Player award since the 1980-81 season.",262 14905 18075 4789 286 18864 13 198 198 464 18075 423 587 257 39983 24190 329 262 7403 338 4042 3254 7153 7853 5764 1201 262 7169 12 6659 1622 13,1.2492794804110936,test:7532b9906d6a5e9a,1.3532253940378586e-13,2.9320353302699136,81.25494658583195,0,0.0,-1.5912094652571132e-17,mean_only,32,0.0,24,50256 355 257 711 2488 12 31 416 2488 12 31 711 49032 329 262 14905 18075 764 679 12007 2972 5581 290 5243 5701 2523 290 373 4191 28948 276 656,0.0,81.25494658583175,control_fixed_amplitude,6.108128147999878,6.568380869999828,OK,0,0.0,0.0
none," O'Brien .

, and directed by Olly O'Brien . The film was nominated for an Academy Award for Best Picture in 2009 and a Best",440 6 20118 764 198 198 11 290 7924 416 440 12810 440 6 20118 764 383 2646 373 19332 329 281 8581 11289 329 6705 17741 287 3717 290 257 6705,1.0898380709896849,test:b6626494bd663bdd,0.0,0.0,0.0,0,0.0,0.0,no_edit,32,0.0,23,50256 290 28040 2763 764 347 2852 353 31636 287 734 7328 287 3648 837 47743 3851 13001 416 26479 6342 1004 756 72 837 290 43823 24265 7924 416 440 12810,0.0,0.0,reference,6.214464530000214,6.654928112000107,OK,0,0.0,0.0
0.1," O'Brien .

, and directed by Olly O'Brien . The film was released in the UK on May 1, 2009.

is",440 6 20118 764 198 198 11 290 7924 416 440 12810 440 6 20118 764 383 2646 373 2716 287 262 3482 319 1737 352 11 3717 13 198 198 271,1.192565562879208,test:b6626494bd663bdd,3.5212256657588377,2.3129646346357427e-18,10.156868323228968,0,0.0,0.023825157930601804,decoder,32,9.516129032258064,18,50256 290 28040 2763 764 347 2852 353 31636 287 734 7328 287 3648 837 47743 3851 13001 416 26479 6342 1004 756 72 837 290 43823 24265 7924 416 440 12810,0.0,10.156868323228968,actor,6.137260365999964,6.572698660000015,OK,0,0.9354838709677419,2.399528939415721
0.1," O'Brien .

, and directed by Olly O'Brien . The film was nominated for an Academy Award for Best Picture in 2009 and a Best",440 6 20118 764 198 198 11 290 7924 416 440 12810 440 6 20118 764 383 2646 373 19332 329 281 8581 11289 329 6705 17741 287 3717 290 257 6705,1.0898380709896849,test:b6626494bd663bdd,9.241854133271087,2.544261098099317e-17,10.156868323228965,0,0.0,0.025501223090934368,encoder_grad,32,55.38709677419355,23,50256 290 28040 2763 764 347 2852 353 31636 287 734 7328 287 3648 837 47743 3851 13001 416 26479 6342 1004 756 72 837 290 43823 24265 7924 416 440 12810,0.0,10.156868323228968,actor,6.291987152000047,6.752297980000094,OK,0,1.0,4.771375783339801
0.1," O'Brien .

, and directed by Olly O'Brien . The film was nominated for an Academy Award for Best Picture in 2009 and a Best",440 6 20118 764 198 198 11 290 7924 416 440 12810 440 6 20118 764 383 2646 373 19332 329 281 8581 11289 329 6705 17741 287 3717 290 257 6705,1.0898380709896849,test:b6626494bd663bdd,1.6728870004605678,5.66676335485757e-17,10.156868323228968,0,0.0,0.020534727755355003,jacobian_ln,32,15.258064516129032,23,50256 290 28040 2763 764 347 2852 353 31636 287 734 7328 287 3648 837 47743 3851 13001 416 26479 6342 1004 756 72 837 290 43823 24265 7924 416 440 12810,0.0,10.156868323228968,actor,7.334242114000062,8.265855938999948,OK,0,1.0,3.83565787133046
0.1," O'Brien .

, and directed by Olly O'Brien . The film was nominated for an Academy Award for Best Picture in 2009.

",440 6 20118 764 198 198 11 290 7924 416 440 12810 440 6 20118 764 383 2646 373 19332 329 281 8581 11289 329 6705 17741 287 3717 13 198 198,0.9977038920938487,test:b6626494bd663bdd,3.736861375154387,8.0953762212251e-18,10.156868323228966,0,0.0,0.04399894430475704,diffmean,32,9.870967741935484,20,50256 290 28040 2763 764 347 2852 353 31636 287 734 7328 287 3648 837 47743 3851 13001 416 26479 6342 1004 756 72 837 290 43823 24265 7924 416 440 12810,0.0,10.156868323228968,actor,6.261750027000062,6.7302420169999095,OK,0,0.0,0.0
0.8," O'Brien .

, and directed by Olly O'Brien . The film was nominated for an Academy Award for Best Picture in 2009 and a Best",440 6 20118 764 198 198 11 290 7924 416 440 12810 440 6 20118 764 383 2646 373 19332 329 281 8581 11289 329 6705 17741 287 3717 290 257 6705,1.0898380709896849,test:b6626494bd663bdd,1.3877651100351993e-13,2.9320353302699136,81.25494658583195,0,0.0,6.783247982809563e-17,mean_only,32,0.0,23,50256 290 28040 2763 764 347 2852 353 31636 287 734 7328 287 3648 837 47743 3851 13001 416 26479 6342 1004 756 72 837 290 43823 24265 7924 416 440 12810,0.0,81.25494658583175,control_fixed_amplitude,6.03913226099985,6.434554083999956,OK,0,0.0,0.0
none,"s.

D.C. that ran from 30 June to 20 October 1996 . San Lorenzo Head 4 was again loaned in 2005 , this time to",82 13 198 198 35 13 34 13 326 4966 422 1542 2795 284 1160 3267 8235 764 2986 41721 7123 604 373 757 8063 276 287 5075 837 428 640 284,0.41911063712228797,test:7ed714b3dd307a73,0.0,0.0,0.0,0,0.0,0.0,no_edit,32,0.0,19,50256 360 13 34 13 326 4966 422 1542 2795 284 1160 3267 8235 764 2986 41721 7123 604 373 757 8063 276 287 5075 837 428 640 284 262 390 6960,0.0,0.0,reference,6.278429920000008,6.707656529000133,OK,0,0.0,0.0
0.1," Boys.

D.C. that ran from 30 June to 20 October 1996 . San Lorenzo Head 4 was again loaned in 2005 , this time to",17528 13 198 198 35 13 34 13 326 4966 422 1542 2795 284 1160 3267 8235 764 2986 41721 7123 604 373 757 8063 276 287 5075 837 428 640 284,0.407093314665735,test:7ed714b3dd307a73,3.425048740654747,2.3129646346357427e-18,10.156868323228968,0,0.0,0.020382970642563267,decoder,32,8.225806451612904,19,50256 360 13 34 13 326 4966 422 1542 2795 284 1160 3267 8235 764 2986 41721 7123 604 373 757 8063 276 287 5075 837 428 640 284 262 390 6960,0.0,10.156868323228968,actor,5.976525818000027,6.407251293999934,OK,0,0.7096774193548387,1.3821484933872057
0.1,"s.

D.C. that ran from 30 June to 20 October 1996 . San Lorenzo Head 4 was again loaned in 2005 , this time to",82 13 198 198 35 13 34 13 326 4966 422 1542 2795 284 1160 3267 8235 764 2986 41721 7123 604 373 757 8063 276 287 5075 837 428 640 284,0.41911063712228797,test:7ed714b3dd307a73,8.774401053312323,2.544261098099317e-17,10.156868323228965,0,0.0,0.021539984948096856,encoder_grad,32,59.87096774193548,19,50256 360 13 34 13 326 4966 422 1542 2795 284 1160 3267 8235 764 2986 41721 7123 604 373 757 8063 276 287 5075 837 428 640 284 262 390 6960,0.0,10.156868323228968,actor,6.238857021000058,6.653177853999978,OK,0,1.0,3.4820436918654165
0.1," Boys.

The D.C. Head 4 was a team that had been playing in the D.C. United States National Team Development Program (US",17528 13 198 198 464 360 13 34 13 7123 604 373 257 1074 326 550 587 2712 287 262 360 13 34 13 1578 1829 2351 4816 7712 6118 357 2937,1.6690532744645907,test:7ed714b3dd307a73,1.4755096743367384,6.042620107985878e-17,10.156868323228968,0,0.0,0.01903939676788493,jacobian_ln,32,15.548387096774194,23,50256 360 13 34 13 326 4966 422 1542 2795 284 1160 3267 8235 764 2986 41721 7123 604 373 757 8063 276 287 5075 837 428 640 284 262 390 6960,0.0,10.156868323228968,actor,7.14548205899996,8.008859733999998,OK,0,0.9354838709677419,2.567810968739001
0.1,", who has been a regular on the club's bench since the end of the season.

D.C. that ran from 30 June to 20 October",11 508 468 587 257 3218 319 262 3430 338 7624 1201 262 886 286 262 1622 13 198 198 35 13 34 13 326 4966 422 1542 2795 284 1160 3267,1.2781122598584393,test:7ed714b3dd307a73,3.22120356669863,8.0953762212251e-18,10.156868323228966,0,0.0,0.04593516991613329,diffmean,32,5.064516129032258,24,50256 360 13 34 13 326 4966 422 1542 2795 284 1160 3267 8235 764 2986 41721 7123 604 373 757 8063 276 287 5075 837 428 640 284 262 390 6960,0.0,10.156868323228968,actor,6.233155500999828,6.712568214999919,OK,0,0.0,0.0
0.8,"s.

D.C. that ran from 30 June to 20 October 1996 . San Lorenzo Head 4 was again loaned in 2005 , this time to",82 13 198 198 35 13 34 13 326 4966 422 1542 2795 284 1160 3267 8235 764 2986 41721 7123 604 373 757 8063 276 287 5075 837 428 640 284,0.41911063712228797,test:7ed714b3dd307a73,1.3393853416700994e-13,2.9320353302699136,81.25494658583195,0,0.0,2.911156063179263e-17,mean_only,32,0.0,19,50256 360 13 34 13 326 4966 422 1542 2795 284 1160 3267 8235 764 2986 41721 7123 604 373 757 8063 276 287 5075 837 428 640 284 262 390 6960,0.0,81.25494658583175,control_fixed_amplitude,6.268929522000008,6.714764405000096,OK,0,0.0,0.0
none," man who is trying to find his way back to his family. 


 = = Plot = = 


The film is presumed lost . 

",582 508 318 2111 284 1064 465 835 736 284 465 1641 13 220 628 198 796 796 28114 796 796 220 628 198 464 2646 318 25751 2626 764 220 628,1.0065557978089539,test:293017fea256d33e,0.0,0.0,0.0,0,0.0,0.0,no_edit,32,0.0,18,50256 262 7110 764 383 2646 318 25751 2626 764 220 628 796 796 28114 796 796 220 628 383 2646 5679 36999 11955 263 837 257 3504 2488 12 31 9722,0.0,0.0,reference,6.323856918999809,6.795611235999786,OK,0,0.03225806451612903,0.0
0.1," man who is trying to find his way back to his old life. 


 = = Plot = = 


The film is presumed lost . ",582 508 318 2111 284 1064 465 835 736 284 465 1468 1204 13 220 628 198 796 796 28114 796 796 220 628 198 464 2646 318 25751 2626 764 220,1.0223616043254227,test:293017fea256d33e,4.975194053275431,2.3129646346357427e-18,10.156868323228968,0,0.0,0.028258146414748112,decoder,32,13.709677419354838,19,50256 262 7110 764 383 2646 318 25751 2626 764 220 628 796 796 28114 796 796 220 628 383 2646 5679 36999 11955 263 837 257 3504 2488 12 31 9722,0.0,10.156868323228968,actor,6.077817656999969,6.531133252000018,OK,0,0.9354838709677419,3.4340083057045145
0.1," man who is trying to find his way back to his family. 


 = = Plot = = 


The film is presumed lost . 

",582 508 318 2111 284 1064 465 835 736 284 465 1641 13 220 628 198 796 796 28114 796 796 220 628 198 464 2646 318 25751 2626 764 220 628,1.0065557978089539,test:293017fea256d33e,10.60945485400136,2.544261098099317e-17,10.156868323228965,0,0.0,0.03382874405779376,encoder_grad,32,70.35483870967742,18,50256 262 7110 764 383 2646 318 25751 2626 764 220 628 796 796 28114 796 796 220 628 383 2646 5679 36999 11955 263 837 257 3504 2488 12 31 9722,0.0,10.156868323228968,actor,5.869204150999849,6.275338277999936,OK,0,1.0,5.822837862279321
0.1," man who is trying to find his way back to his family. 


 = = Plot = = 


The film follows Ezra Greer , a",582 508 318 2111 284 1064 465 835 736 284 465 1641 13 220 628 198 796 796 28114 796 796 220 628 198 464 2646 5679 36999 11955 263 837 257,0.9985230583083716,test:293017fea256d33e,2.1698184770549553,6.534125092845973e-17,10.156868323228968,0,0.0,0.02045248301509814,jacobian_ln,32,18.129032258064516,19,50256 262 7110 764 383 2646 318 25751 2626 764 220 628 796 796 28114 796 796 220 628 383 2646 5679 36999 11955 263 837 257 3504 2488 12 31 9722,0.0,10.156868323228968,actor,7.211055748000035,8.11078529800011,OK,0,1.0,4.511550558850682
0.1," man who has been living in a small town for the past few years. 


Ezra is a very smart, intelligent, and intelligent man.",582 508 468 587 2877 287 257 1402 3240 329 262 1613 1178 812 13 220 628 198 36 89 430 318 257 845 4451 11 12661 11 290 12661 582 13,1.607609309044581,test:293017fea256d33e,4.00973140642713,8.0953762212251e-18,10.156868323228966,0,0.0,0.03146791748136242,diffmean,32,12.838709677419354,23,50256 262 7110 764 383 2646 318 25751 2626 764 220 628 796 796 28114 796 796 220 628 383 2646 5679 36999 11955 263 837 257 3504 2488 12 31 9722,0.0,10.156868323228968,actor,6.031262249999827,6.4667936029998145,OK,0,0.03225806451612903,0.01804374158525354
0.8," man who is trying to find his way back to his family. 


 = = Plot = = 


The film is presumed lost . 

",582 508 318 2111 284 1064 465 835 736 284 465 1641 13 220 628 198 796 796 28114 796 796 220 628 198 464 2646 318 25751 2626 764 220 628,1.0065557978089539,test:293017fea256d33e,1.42758116867017e-13,2.9320353302699136,81.25494658583195,0,0.0,-7.762256578411364e-17,mean_only,32,0.0,18,50256 262 7110 764 383 2646 318 25751 2626 764 220 628 796 796 28114 796 796 220 628 383 2646 5679 36999 11955 263 837 257 3504 2488 12 31 9722,0.0,81.25494658583175,control_fixed_amplitude,6.081184287000042,6.541744995000045,OK,0,0.03225806451612903,2.6502098007181157e-16
none," be completed in less than a week.

The HLZ was a joint project between the U.S. and NATO. The U.S. was",307 5668 287 1342 621 257 1285 13 198 198 464 38312 57 373 257 6466 1628 1022 262 471 13 50 13 290 11332 13 383 471 13 50 13 373,1.2982033818762557,test:aedfe98c3cffbebf,0.0,0.0,0.0,0,0.0,0.0,no_edit,32,0.0,23,50256 2773 5006 550 284 307 5445 656 284 307 3888 764 24872 7588 547 4624 287 262 38312 57 287 257 11332 366 575 366 3912 764 383 2104 4365 561,0.0,0.0,reference,6.174639221999996,6.611830698999938,OK,0,0.0,0.0
0.1," be over by the time the car was moved.

. Chemical lights were placed in the HLZ in a NATO "" Y "" pattern . The entire mission",307 625 416 262 640 262 1097 373 3888 13 198 198 13 24872 7588 547 4624 287 262 38312 57 287 257 11332 366 575 366 3912 764 383 2104 4365,0.7684601320497926,test:aedfe98c3cffbebf,3.8072826860881865,2.3129646346357427e-18,10.156868323228968,0,0.0,0.03553122942438021,decoder,32,9.903225806451612,24,50256 2773 5006 550 284 307 5445 656 284 307 3888 764 24872 7588 547 4624 287 262 38312 57 287 257 11332 366 575 366 3912 764 383 2104 4365 561,0.0,10.156868323228968,actor,5.957388503000175,6.419920222000201,OK,0,0.7419354838709677,1.504978965643685
0.1," be completed by the end of the year.

The U.S. Army was also involved in the ""Y"" pattern. The Army was involved in",307 5668 416 262 886 286 262 614 13 198 198 464 471 13 50 13 5407 373 635 2950 287 262 366 56 1 3912 13 383 5407 373 2950 287,1.45145346681519,test:aedfe98c3cffbebf,9.038324914269378,2.544261098099317e-17,10.156868323228965,0,0.0,0.03477741010984901,encoder_grad,32,67.19354838709677,24,50256 2773 5006 550 284 307 5445 656 284 307 3888 764 24872 7588 547 4624 287 262 38312 57 287 257 11332 366 575 366 3912 764 383 2104 4365 561,0.0,10.156868323228968,actor,6.341680527000108,6.773708655000064,OK,0,0.967741935483871,3.683843225533549
0.1," be over by the time the cars were moved.

. Chemical lights were placed in the HLZ in a NATO "" Y "" pattern . The entire mission",307 625 416 262 640 262 5006 547 3888 13 198 198 13 24872 7588 547 4624 287 262 38312 57 287 257 11332 366 575 366 3912 764 383 2104 4365,0.7494872022686024,test:aedfe98c3cffbebf,1.805437166399776,5.4354668913939954e-17,10.156868323228968,0,0.0,0.02144186916868325,jacobian_ln,32,18.0,24,50256 2773 5006 550 284 307 5445 656 284 307 3888 764 24872 7588 547 4624 287 262 38312 57 287 257 11332 366 575 366 3912 764 383 2104 4365 561,0.0,10.156868323228968,actor,7.248021878999907,8.191787263999913,OK,0,0.967741935483871,2.489253184610655
0.1," be completed in less than a year.

The mission was to ""explore the possibility of a new, more efficient, and more efficient way to transport",307 5668 287 1342 621 257 614 13 198 198 464 4365 373 284 366 20676 382 262 5885 286 257 649 11 517 6942 11 290 517 6942 835 284 4839,1.9171838901892924,test:aedfe98c3cffbebf,3.8632584881699463,8.0953762212251e-18,10.156868323228966,0,0.0,0.07633508166690406,diffmean,32,5.903225806451613,25,50256 2773 5006 550 284 307 5445 656 284 307 3888 764 24872 7588 547 4624 287 262 38312 57 287 257 11332 366 575 366 3912 764 383 2104 4365 561,0.0,10.156868323228968,actor,6.254650916999935,6.720166556000095,OK,0,0.0,0.0
0.8," be completed in less than a week.

The HLZ was a joint project between the U.S. and NATO. The U.S. was",307 5668 287 1342 621 257 1285 13 198 198 464 38312 57 373 257 6466 1628 1022 262 471 13 50 13 290 11332 13 383 471 13 50 13 373,1.2982033818762557,test:aedfe98c3cffbebf,1.2887810456364464e-13,2.9320353302699136,81.25494658583195,0,0.0,4.5501037377764663e-17,mean_only,32,0.0,23,50256 2773 5006 550 284 307 5445 656 284 307 3888 764 24872 7588 547 4624 287 262 38312 57 287 257 11332 366 575 366 3912 764 383 2104 4365 561,0.0,81.25494658583175,control_fixed_amplitude,6.283445396999923,6.713408438999977,OK,0,0.0,0.0
none,"illa de L'Espagne, who was a member of the famous French Grammar Society. The other is the Latin Grammar Society of London, which",5049 390 406 6 36 2777 21080 11 508 373 257 2888 286 262 5863 4141 20159 3876 7023 13 383 584 318 262 9133 20159 3876 7023 286 3576 11 543,1.7817204655188066,test:80ca63c824efbbb0,0.0,0.0,0.0,0,0.0,0.0,no_edit,32,0.0,24,50256 764 383 24230 318 530 286 691 734 16997 807 400 2488 12 31 4289 9133 14599 76 945 422 4492 837 290 373 1912 319 262 2499 286 1736 2304,0.0,0.0,reference,6.232076838000012,6.6650142989999495,OK,0,0.0,0.0
0.1,"illa de L'Aquila and the Latin Vulgate. The other is the Latin Vulgate, which was written by the late Latin poet and poet, and",5049 390 406 6 32 43652 290 262 9133 25442 10494 13 383 584 318 262 9133 25442 10494 11 543 373 3194 416 262 2739 9133 21810 290 21810 11 290,2.080525817328351,test:80ca63c824efbbb0,3.540048484911297,2.3129646346357427e-18,10.156868323228968,0,0.0,0.025503567825050817,decoder,32,7.903225806451613,25,50256 764 383 24230 318 530 286 691 734 16997 807 400 2488 12 31 4289 9133 14599 76 945 422 4492 837 290 373 1912 319 262 2499 286 1736 2304,0.0,10.156868323228968,actor,6.179482623000013,6.640787156999977,OK,0,0.6774193548387096,1.0927577746769455
0.1,"illa of the same name. The other is the Latin Grammar of the same name, which was written by the same person. The Latin Grammar of the",5049 286 262 976 1438 13 383 584 318 262 9133 20159 3876 286 262 976 1438 11 543 373 3194 416 262 976 1048 13 383 9133 20159 3876 286 262,1.6620814493401075,test:80ca63c824efbbb0,8.71411242092704,2.544261098099317e-17,10.156868323228965,0,0.0,0.03198748607709608,encoder_grad,32,59.645161290322584,27,50256 764 383 24230 318 530 286 691 734 16997 807 400 2488 12 31 4289 9133 14599 76 945 422 4492 837 290 373 1912 319 262 2499 286 1736 2304,0.0,10.156868323228968,actor,6.154793314000017,6.610838694999984,OK,0,0.9032258064516129,3.1702407826587633
0.1,"illa of the same name. The other is the Latin Grammar of the same name, which was written by the same person. The Latin Grammar of the",5049 286 262 976 1438 13 383 584 318 262 9133 20159 3876 286 262 976 1438 11 543 373 3194 416 262 976 1048 13 383 9133 20159 3876 286 262,1.6620814493401075,test:80ca63c824efbbb0,1.5603477322887882,5.175258369997474e-17,10.156868323228968,0,0.0,0.020540093029158317,jacobian_ln,32,15.741935483870968,27,50256 764 383 24230 318 530 286 691 734 16997 807 400 2488 12 31 4289 9133 14599 76 945 422 4492 837 290 373 1912 319 262 2499 286 1736 2304,0.0,10.156868323228968,actor,7.285541637000051,8.144130958000005,OK,0,0.9032258064516129,2.2551684633081304
0.1,"illa della Vesta , who was born in 1610. The other is the original Latin Grammar of the same name, which was published in 1610",5049 390 8466 569 18059 837 508 373 4642 287 1467 940 13 383 584 318 262 2656 9133 20159 3876 286 262 976 1438 11 543 373 3199 287 1467 940,1.9898491429696636,test:80ca63c824efbbb0,3.347339407133118,8.0953762212251e-18,10.156868323228966,0,0.0,0.06095849290429223,diffmean,32,7.935483870967742,22,50256 764 383 24230 318 530 286 691 734 16997 807 400 2488 12 31 4289 9133 14599 76 945 422 4492 837 290 373 1912 319 262 2499 286 1736 2304,0.0,10.156868323228968,actor,6.167310241999985,6.62320489800004,OK,0,0.0,0.0
0.8,"illa de L'Espagne, who was a member of the famous French Grammar Society. The other is the Latin Grammar Society of London, which",5049 390 406 6 36 2777 21080 11 508 373 257 2888 286 262 5863 4141 20159 3876 7023 13 383 584 318 262 9133 20159 3876 7023 286 3576 11 543,1.7817204655188066,test:80ca63c824efbbb0,1.3522796514918248e-13,2.9320353302699136,81.25494658583195,0,0.0,-3.7899453471613036e-17,mean_only,32,0.0,24,50256 764 383 24230 318 530 286 691 734 16997 807 400 2488 12 31 4289 9133 14599 76 945 422 4492 837 290 373 1912 319 262 2499 286 1736 2304,0.0,81.25494658583175,control_fixed_amplitude,6.358128179000005,6.789091584000062,OK,0,0.0,0.0
none," a member of the committee, wrote: ""The case is a case of the same kind as the one before us, and the same kind of case as the",257 2888 286 262 5583 11 2630 25 366 464 1339 318 257 1339 286 262 976 1611 355 262 530 878 514 11 290 262 976 1611 286 1339 355 262,1.982286996822473,test:360e2cb2dfdbe219,0.0,0.0,0.0,0,0.0,0.0,no_edit,32,0.0,28,50256 282 10266 2488 12 31 23191 1022 1367 2425 290 1367 1795 764 220 198 383 1339 12725 14604 416 734 11811 8786 764 1757 286 4849 47967 837 508 373,0.0,0.0,reference,6.306682758000079,6.738084208000146,OK,0,0.0,0.0
0.1," a member of the court, and John of Salisbury , who was a member of the court, were both present.

The case was brought by the",257 2888 286 262 2184 11 290 1757 286 4849 47967 837 508 373 257 2888 286 262 2184 11 547 1111 1944 13 198 198 464 1339 373 3181 416 262,1.5369927064289015,test:360e2cb2dfdbe219,3.5004770407175463,2.3129646346357427e-18,10.156868323228968,0,0.0,0.024789636528265057,decoder,32,10.064516129032258,25,50256 282 10266 2488 12 31 23191 1022 1367 2425 290 1367 1795 764 220 198 383 1339 12725 14604 416 734 11811 8786 764 1757 286 4849 47967 837 508 373,0.0,10.156868323228968,actor,6.008928165000043,6.4281227609999405,OK,0,0.7096774193548387,1.5622194876053568
0.1," a member of the court, wrote:

""The case is a very interesting one. It is a case of the first of its kind in the history",257 2888 286 262 2184 11 2630 25 198 198 1 464 1339 318 257 845 3499 530 13 632 318 257 1339 286 262 717 286 663 1611 287 262 2106,1.7982971690238103,test:360e2cb2dfdbe219,9.630579278200484,2.544261098099317e-17,10.156868323228965,0,0.0,0.025171526277013717,encoder_grad,32,69.12903225806451,26,50256 282 10266 2488 12 31 23191 1022 1367 2425 290 1367 1795 764 220 198 383 1339 12725 14604 416 734 11811 8786 764 1757 286 4849 47967 837 508 373,0.0,10.156868323228968,actor,6.317639124999914,6.76859231200001,OK,0,1.0,3.798862272679907
0.1," a member of the committee, and John of Salisbury , who was a member of the committee, were both present.

The first was John of Sal",257 2888 286 262 5583 11 290 1757 286 4849 47967 837 508 373 257 2888 286 262 5583 11 547 1111 1944 13 198 198 464 717 373 1757 286 4849,1.4797232782416958,test:360e2cb2dfdbe219,1.546449320054486,4.7415775010032725e-17,10.156868323228968,0,0.0,0.017824746340239256,jacobian_ln,32,16.806451612903224,25,50256 282 10266 2488 12 31 23191 1022 1367 2425 290 1367 1795 764 220 198 383 1339 12725 14604 416 734 11811 8786 764 1757 286 4849 47967 837 508 373,0.0,10.156868323228968,actor,7.016279520999888,7.927206930000011,OK,0,0.967741935483871,2.741684295523872
0.1," a member of the committee, wrote: ""The case is a classic example of the power of the media to influence the public opinion of a political party. It",257 2888 286 262 5583 11 2630 25 366 464 1339 318 257 6833 1672 286 262 1176 286 262 2056 284 4588 262 1171 4459 286 257 1964 2151 13 632,1.8178318603727965,test:360e2cb2dfdbe219,3.4113519442596045,8.0953762212251e-18,10.156868323228966,0,0.0,0.049758695857575176,diffmean,32,8.451612903225806,28,50256 282 10266 2488 12 31 23191 1022 1367 2425 290 1367 1795 764 220 198 383 1339 12725 14604 416 734 11811 8786 764 1757 286 4849 47967 837 508 373,0.0,10.156868323228968,actor,6.304440558999886,6.751955716999873,OK,0,0.0,0.0
0.8," a member of the committee, wrote: ""The case is a case of the same kind as the one before us, and the same kind of case as the",257 2888 286 262 5583 11 2630 25 366 464 1339 318 257 1339 286 262 976 1611 355 262 530 878 514 11 290 262 976 1611 286 1339 355 262,1.982286996822473,test:360e2cb2dfdbe219,1.3891523355754788e-13,2.9320353302699136,81.25494658583195,0,0.0,3.398527441237664e-18,mean_only,32,0.0,28,50256 282 10266 2488 12 31 23191 1022 1367 2425 290 1367 1795 764 220 198 383 1339 12725 14604 416 734 11811 8786 764 1757 286 4849 47967 837 508 373,0.0,81.25494658583175,control_fixed_amplitude,6.079309755000168,6.51501088100008,OK,0,0.0,0.0
none, ). The first public library in Bintulu was built in 1971 by Bintulu District Council ( BDC ). The first public library in Bintulu was,6739 383 717 1171 5888 287 347 600 15712 373 3170 287 16382 416 347 600 15712 5665 4281 357 347 9697 6739 383 717 1171 5888 287 347 600 15712 373,0.33605923442547797,test:174c77152576f6c0,0.0,0.0,0.0,0,0.0,0.0,no_edit,32,0.0,21,50256 628 796 796 796 46267 796 796 796 220 628 383 717 1171 5888 287 347 600 15712 373 3170 287 16382 416 347 600 15712 5665 4281 357 347 9697,0.0,0.0,reference,6.084211365999863,6.5498237929998595,OK,0,0.0,0.0
0.1, ). The first public library in Bintulu was built in 1971 by Bintulu District Council ( BDC ). The first public library in Bintulu was,6739 383 717 1171 5888 287 347 600 15712 373 3170 287 16382 416 347 600 15712 5665 4281 357 347 9697 6739 383 717 1171 5888 287 347 600 15712 373,0.33605923442547797,test:174c77152576f6c0,3.525610726180688,2.3129646346357427e-18,10.156868323228968,0,0.0,0.028602447142965302,decoder,32,8.741935483870968,21,50256 628 796 796 796 46267 796 796 796 220 628 383 717 1171 5888 287 347 600 15712 373 3170 287 16382 416 347 600 15712 5665 4281 357 347 9697,0.0,10.156868323228968,actor,6.172954644000129,6.59080126899994,OK,0,0.5806451612903226,0.9703175422023483
0.1, ). The first public library in Bintulu was built in 1971 by Bintulu District Council ( BDC ). The first public library in Bintulu was,6739 383 717 1171 5888 287 347 600 15712 373 3170 287 16382 416 347 600 15712 5665 4281 357 347 9697 6739 383 717 1171 5888 287 347 600 15712 373,0.33605923442547797,test:174c77152576f6c0,8.971969557156703,2.544261098099317e-17,10.156868323228965,0,0.0,0.04060937749540746,encoder_grad,32,61.0,21,50256 628 796 796 796 46267 796 796 796 220 628 383 717 1171 5888 287 347 600 15712 373 3170 287 16382 416 347 600 15712 5665 4281 357 347 9697,0.0,10.156868323228968,actor,6.186482925999826,6.580613242000027,OK,0,0.967741935483871,2.8414157114200007
0.1, ). The first public library in Bintulu was built in 1971 by Bintulu District Council ( BDC ). The first public library in Bintulu was,6739 383 717 1171 5888 287 347 600 15712 373 3170 287 16382 416 347 600 15712 5665 4281 357 347 9697 6739 383 717 1171 5888 287 347 600 15712 373,0.33605923442547797,test:174c77152576f6c0,1.698732592443876,6.013708050052931e-17,10.156868323228968,0,0.0,0.027121590110718657,jacobian_ln,32,17.64516129032258,21,50256 628 796 796 796 46267 796 796 796 220 628 383 717 1171 5888 287 347 600 15712 373 3170 287 16382 416 347 600 15712 5665 4281 357 347 9697,0.0,10.156868323228968,actor,7.248974463999957,8.16115581500003,OK,0,0.8387096774193549,1.8559239218829304
0.1," ). The library was named after the Bintulu language, which is the official language of the district. The library was named after the Bintulu language,",6739 383 5888 373 3706 706 262 347 600 15712 3303 11 543 318 262 1743 3303 286 262 4783 13 383 5888 373 3706 706 262 347 600 15712 3303 11,1.257101656202221,test:174c77152576f6c0,3.3026029297738306,8.0953762212251e-18,10.156868323228966,0,0.0,0.06610182320190355,diffmean,32,8.516129032258064,24,50256 628 796 796 796 46267 796 796 796 220 628 383 717 1171 5888 287 347 600 15712 373 3170 287 16382 416 347 600 15712 5665 4281 357 347 9697,0.0,10.156868323228968,actor,6.15934785599984,6.557067262999908,OK,0,0.0,0.0
0.8, ). The first public library in Bintulu was built in 1971 by Bintulu District Council ( BDC ). The first public library in Bintulu was,6739 383 717 1171 5888 287 347 600 15712 373 3170 287 16382 416 347 600 15712 5665 4281 357 347 9697 6739 383 717 1171 5888 287 347 600 15712 373,0.33605923442547797,test:174c77152576f6c0,1.4240400926352792e-13,2.9320353302699136,81.25494658583195,0,0.0,1.7199257863047605e-17,mean_only,32,0.0,21,50256 628 796 796 796 46267 796 796 796 220 628 383 717 1171 5888 287 347 600 15712 373 3170 287 16382 416 347 600 15712 5665 4281 357 347 9697,0.0,81.25494658583175,control_fixed_amplitude,6.2653084619998936,6.697318511000049,OK,0,0.0,0.0
none, and reconnaissance operations in the North Pacific and in the Pacific Ocean. The squadron was assigned to the Pacific Fleet in the Pacific Fleet's Pacific Fleet Command. The squadron,290 39471 4560 287 262 2258 8211 290 287 262 8211 10692 13 383 40733 373 8686 284 262 8211 20001 287 262 8211 20001 338 8211 20001 9455 13 383 40733,1.7981209148032136,test:32ce6129bc044329,0.0,0.0,0.0,0,0.0,0.0,no_edit,32,0.0,30,50256 1755 13471 764 2735 27918 25264 3790 290 1450 837 262 40733 34233 284 327 958 5907 319 1367 3389 22458 764 3574 327 958 5907 340 3767 284 3189 39471,0.0,0.0,reference,6.017044619999979,6.469406032000052,OK,0,0.0,0.0
0.1, and reconnaissance of the enemy and to conduct reconnaissance of the enemy's position in the area. The squadron was assigned to the task of conducting reconnaissance of the enemy's,290 39471 286 262 4472 290 284 3189 39471 286 262 4472 338 2292 287 262 1989 13 383 40733 373 8686 284 262 4876 286 14523 39471 286 262 4472 338,1.630047068704921,test:32ce6129bc044329,3.8527572367364695,2.3129646346357427e-18,10.156868323228968,0,0.0,0.03467319369315068,decoder,32,11.806451612903226,31,50256 1755 13471 764 2735 27918 25264 3790 290 1450 837 262 40733 34233 284 327 958 5907 319 1367 3389 22458 764 3574 327 958 5907 340 3767 284 3189 39471,0.0,10.156868323228968,actor,6.346546956999873,6.7654289219999555,OK,0,0.9032258064516129,2.3690657961321415
0.1, and reconnaissance of the enemy's positions and to conduct reconnaissance of the enemy's positions and to conduct reconnaissance of the enemy's positions and to conduct reconnaissance of the enemy,290 39471 286 262 4472 338 6116 290 284 3189 39471 286 262 4472 338 6116 290 284 3189 39471 286 262 4472 338 6116 290 284 3189 39471 286 262 4472,1.0660631610746958,test:32ce6129bc044329,9.523574244086397,2.544261098099317e-17,10.156868323228965,0,0.0,0.031118489013409648,encoder_grad,32,62.064516129032256,32,50256 1755 13471 764 2735 27918 25264 3790 290 1450 837 262 40733 34233 284 327 958 5907 319 1367 3389 22458 764 3574 327 958 5907 340 3767 284 3189 39471,0.0,10.156868323228968,actor,6.2224635970001145,6.69740817700017,OK,0,1.0,4.736782930894846
0.1, and reconnaissance of the enemy's positions and to conduct reconnaissance of the enemy's positions and to conduct reconnaissance of the enemy's positions and to conduct reconnaissance of the enemy,290 39471 286 262 4472 338 6116 290 284 3189 39471 286 262 4472 338 6116 290 284 3189 39471 286 262 4472 338 6116 290 284 3189 39471 286 262 4472,1.0660631610746958,test:32ce6129bc044329,1.7475450490773778,5.724587470723463e-17,10.156868323228968,0,0.0,0.021816573672709755,jacobian_ln,32,15.580645161290322,32,50256 1755 13471 764 2735 27918 25264 3790 290 1450 837 262 40733 34233 284 327 958 5907 319 1367 3389 22458 764 3574 327 958 5907 340 3767 284 3189 39471,0.0,10.156868323228968,actor,7.3169231059998765,8.230668871000034,OK,0,1.0,3.5812394540966155
0.1," missions in the Pacific and in the Pacific Ocean.

The squadron was assigned to the Pacific Fleet in the early 1950s.

The squadron was assigned",10566 287 262 8211 290 287 262 8211 10692 13 198 198 464 40733 373 8686 284 262 8211 20001 287 262 1903 11445 82 13 198 198 464 40733 373 8686,1.696116848185225,test:32ce6129bc044329,4.034488258918487,8.0953762212251e-18,10.156868323228966,0,0.0,0.05688225216997695,diffmean,32,4.612903225806452,25,50256 1755 13471 764 2735 27918 25264 3790 290 1450 837 262 40733 34233 284 327 958 5907 319 1367 3389 22458 764 3574 327 958 5907 340 3767 284 3189 39471,0.0,10.156868323228968,actor,6.234887141999934,6.694746364999901,OK,0,0.0,0.0
0.8, and reconnaissance operations in the North Pacific and in the Pacific Ocean. The squadron was assigned to the Pacific Fleet in the Pacific Fleet's Pacific Fleet Command. The squadron,290 39471 4560 287 262 2258 8211 290 287 262 8211 10692 13 383 40733 373 8686 284 262 8211 20001 287 262 8211 20001 338 8211 20001 9455 13 383 40733,1.7981209148032136,test:32ce6129bc044329,1.3313436113352813e-13,2.9320353302699136,81.25494658583195,0,0.0,-4.951342406419903e-17,mean_only,32,0.0,30,50256 1755 13471 764 2735 27918 25264 3790 290 1450 837 262 40733 34233 284 327 958 5907 319 1367 3389 22458 764 3574 327 958 5907 340 3767 284 3189 39471,0.0,81.25494658583175,control_fixed_amplitude,6.188310697999896,6.681299511999896,OK,0,0.0,0.0
none, we play . We play the game . We play the game . We play the game . We play the game . We play the game . We play the game,356 711 764 775 711 262 983 764 775 711 262 983 764 775 711 262 983 764 775 711 262 983 764 775 711 262 983 764 775 711 262 983,0.7197378049926381,test:851d3ea379a11191,0.0,0.0,0.0,0,0.0,0.0,no_edit,32,0.0,26,50256 20019 1139 764 366 7178 262 1306 983 764 7178 262 1306 7797 764 1320 705 82 674 2962 764 632 705 82 14262 764 632 705 82 635 262 835,0.0,0.0,reference,6.079970522999929,6.4791600889998335,OK,0,0.0,0.0
0.1, we play . We play the game . We play the game . We play the game . We play the game . We play the game . We play the game,356 711 764 775 711 262 983 764 775 711 262 983 764 775 711 262 983 764 775 711 262 983 764 775 711 262 983 764 775 711 262 983,0.7197378049926381,test:851d3ea379a11191,3.7672273729876897,2.3129646346357427e-18,10.156868323228968,0,0.0,0.022404656017315297,decoder,32,11.483870967741936,26,50256 20019 1139 764 366 7178 262 1306 983 764 7178 262 1306 7797 764 1320 705 82 674 2962 764 632 705 82 14262 764 632 705 82 635 262 835,0.0,10.156868323228968,actor,5.908194155999809,6.3578497739999875,OK,0,0.9354838709677419,2.191165588046972
0.1, we play . We play the game the way we play . We play the game the way we play . We play the game the way we play . We play,356 711 764 775 711 262 983 262 835 356 711 764 775 711 262 983 262 835 356 711 764 775 711 262 983 262 835 356 711 764 775 711,0.7342283126068244,test:851d3ea379a11191,9.673752491999798,2.544261098099317e-17,10.156868323228965,0,0.0,0.02123587662903445,encoder_grad,32,71.93548387096774,28,50256 20019 1139 764 366 7178 262 1306 983 764 7178 262 1306 7797 764 1320 705 82 674 2962 764 632 705 82 14262 764 632 705 82 635 262 835,0.0,10.156868323228968,actor,6.24158710100005,6.845061612999871,OK,0,0.967741935483871,4.501873261721331
0.1, we play . We play the game . We play the game . We play the game . We play the game . We play the game . We play the game,356 711 764 775 711 262 983 764 775 711 262 983 764 775 711 262 983 764 775 711 262 983 764 775 711 262 983 764 775 711 262 983,0.7197378049926381,test:851d3ea379a11191,1.8306502830484648,5.088522196198634e-17,10.156868323228968,0,0.0,0.013842943657575858,jacobian_ln,32,17.93548387096774,26,50256 20019 1139 764 366 7178 262 1306 983 764 7178 262 1306 7797 764 1320 705 82 674 2962 764 632 705 82 14262 764 632 705 82 635 262 835,0.0,10.156868323228968,actor,7.971176889999924,8.945154279000008,OK,0,0.967741935483871,3.477193639926568
0.1, we play . We play the game . We play the game . We play the game . We play the game . We play the game . We play the game,356 711 764 775 711 262 983 764 775 711 262 983 764 775 711 262 983 764 775 711 262 983 764 775 711 262 983 764 775 711 262 983,0.7197378049926381,test:851d3ea379a11191,3.3508675701374417,8.0953762212251e-18,10.156868323228966,0,0.0,0.027798026670577146,diffmean,32,10.67741935483871,26,50256 20019 1139 764 366 7178 262 1306 983 764 7178 262 1306 7797 764 1320 705 82 674 2962 764 632 705 82 14262 764 632 705 82 635 262 835,0.0,10.156868323228968,actor,6.606205930999977,7.042696144000047,OK,0,0.0,0.0
0.8, we play . We play the game . We play the game . We play the game . We play the game . We play the game . We play the game,356 711 764 775 711 262 983 764 775 711 262 983 764 775 711 262 983 764 775 711 262 983 764 775 711 262 983 764 775 711 262 983,0.7197378049926381,test:851d3ea379a11191,1.3868569584103494e-13,2.9320353302699136,81.25494658583195,0,0.0,1.489169838516861e-17,mean_only,32,0.0,26,50256 20019 1139 764 366 7178 262 1306 983 764 7178 262 1306 7797 764 1320 705 82 674 2962 764 632 705 82 14262 764 632 705 82 635 262 835,0.0,81.25494658583175,control_fixed_amplitude,6.262210881999863,6.718040978999852,OK,0,0.0,0.0
none, by Anonymous<|endoftext|>The U.S. Department of Justice has filed a lawsuit against the company that owns the National Security Agency's (NSA) Tailored Access Operations,416 19200 50256 464 471 13 50 13 2732 286 4796 468 5717 257 8087 1028 262 1664 326 12216 262 2351 4765 7732 338 357 47549 8 21759 1850 8798 16205,1.416701619283922,test:86764e345664bea4,0.0,0.0,0.0,0,0.0,0.0,no_edit,32,0.0,27,50256 82 12435 2837 287 262 3496 11506 422 262 3465 286 412 19 284 327 20724 107 718 764 42410 341 3407 10047 13042 837 19132 3951 290 25355 764 22503,0.0,0.0,reference,6.5402063349999935,7.061340588999883,OK,0,0.0,0.0
0.1," by Anonymous<|endoftext|>The first time I saw the new ""The Last of Us"" trailer, I was so excited. It was so good, I was so excited",416 19200 50256 464 717 640 314 2497 262 649 366 464 4586 286 4021 1 12268 11 314 373 523 6568 13 632 373 523 922 11 314 373 523 6568,1.8686233051359475,test:86764e345664bea4,3.6398534873742743,2.3129646346357427e-18,10.156868323228968,0,0.0,0.02412385419121748,decoder,32,10.419354838709678,27,50256 82 12435 2837 287 262 3496 11506 422 262 3465 286 412 19 284 327 20724 107 718 764 42410 341 3407 10047 13042 837 19132 3951 290 25355 764 22503,0.0,10.156868323228968,actor,6.03747898000006,6.519591075000108,OK,0,0.6129032258064516,0.8824561275029421
0.1," by Anonymous<|endoftext|>The first time I saw the new ""The Last of Us"" trailer, I was so excited. It was so much fun to see the characters",416 19200 50256 464 717 640 314 2497 262 649 366 464 4586 286 4021 1 12268 11 314 373 523 6568 13 632 373 523 881 1257 284 766 262 3435,1.8567431071113036,test:86764e345664bea4,9.12018319470324,2.544261098099317e-17,10.156868323228965,0,0.0,0.023301913143359443,encoder_grad,32,61.0,28,50256 82 12435 2837 287 262 3496 11506 422 262 3465 286 412 19 284 327 20724 107 718 764 42410 341 3407 10047 13042 837 19132 3951 290 25355 764 22503,0.0,10.156868323228968,actor,6.2844780860000355,6.702283511000132,OK,0,0.967741935483871,2.9741499290768276
0.1," by Anonymous<|endoftext|>The first time I saw the new ""The Last of Us"" trailer, I was so excited. It was so much fun to see the world",416 19200 50256 464 717 640 314 2497 262 649 366 464 4586 286 4021 1 12268 11 314 373 523 6568 13 632 373 523 881 1257 284 766 262 995,1.8628118605835988,test:86764e345664bea4,1.767049186901704,6.360652745248292e-17,10.156868323228968,0,0.0,0.017145920083783454,jacobian_ln,32,16.129032258064516,28,50256 82 12435 2837 287 262 3496 11506 422 262 3465 286 412 19 284 327 20724 107 718 764 42410 341 3407 10047 13042 837 19132 3951 290 25355 764 22503,0.0,10.156868323228968,actor,7.096681862000196,8.038725364000129,OK,0,0.9354838709677419,2.04472156292596
0.1," by Anonymous<|endoftext|>The first time I saw the new Star Wars movie, I was so excited. I was so excited to see the new Star Wars movie. I",416 19200 50256 464 717 640 314 2497 262 649 2907 6176 3807 11 314 373 523 6568 13 314 373 523 6568 284 766 262 649 2907 6176 3807 13 314,1.688774632983842,test:86764e345664bea4,3.540847677593724,8.0953762212251e-18,10.156868323228966,2,0.0625,0.023283547869074144,diffmean,32,11.612903225806452,29,50256 82 12435 2837 287 262 3496 11506 422 262 3465 286 412 19 284 327 20724 107 718 764 42410 341 3407 10047 13042 837 19132 3951 290 25355 764 22503,0.06896551724137931,10.156868323228968,actor,6.321054065999988,6.799241724000012,OK,1,0.0,0.0
0.8, by Anonymous<|endoftext|>The U.S. Department of Justice has filed a lawsuit against the company that owns the National Security Agency's (NSA) Tailored Access Operations,416 19200 50256 464 471 13 50 13 2732 286 4796 468 5717 257 8087 1028 262 1664 326 12216 262 2351 4765 7732 338 357 47549 8 21759 1850 8798 16205,1.416701619283922,test:86764e345664bea4,1.3839202498425076e-13,2.9320353302699136,81.25494658583195,0,0.0,-3.4384295247444176e-17,mean_only,32,0.0,27,50256 82 12435 2837 287 262 3496 11506 422 262 3465 286 412 19 284 327 20724 107 718 764 42410 341 3407 10047 13042 837 19132 3951 290 25355 764 22503,0.0,81.25494658583175,control_fixed_amplitude,6.367326811000112,6.827961082999991,OK,0,0.0,0.0
none," and NY 94 are not connected, the two are connected by the Hudson River. The termini of NY 93 and NY 94 are connected by the Hudson River.",290 6645 10048 389 407 5884 11 262 734 389 5884 416 262 19995 5866 13 383 5651 72 286 6645 10261 290 6645 10048 389 5884 416 262 19995 5866 13,1.3423878462101688,test:7238106a1b1a6dad,0.0,0.0,0.0,0,0.0,0.0,no_edit,32,0.0,25,50256 4494 278 286 1181 27239 287 968 1971 837 14320 262 4736 290 15425 286 6960 27928 837 13656 634 837 290 45868 764 2893 262 5651 72 286 6645 10261,0.0,0.0,reference,6.1156911079999645,6.539777933000096,OK,0,0.0,0.0
0.1," and NY 94 are not connected, the two are connected by the Hudson River. The termini of NY 94 and NY 95 are connected by the Hudson River.",290 6645 10048 389 407 5884 11 262 734 389 5884 416 262 19995 5866 13 383 5651 72 286 6645 10048 290 6645 6957 389 5884 416 262 19995 5866 13,1.3667198356704742,test:7238106a1b1a6dad,3.288364014765079,2.3129646346357427e-18,10.156868323228968,0,0.0,0.020048046585434263,decoder,32,6.741935483870968,25,50256 4494 278 286 1181 27239 287 968 1971 837 14320 262 4736 290 15425 286 6960 27928 837 13656 634 837 290 45868 764 2893 262 5651 72 286 6645 10261,0.0,10.156868323228968,actor,6.200347751999971,6.669205726999962,OK,0,0.41935483870967744,0.7894513016843402
0.1," and NY 94 are not connected, the two are connected by the Hudson River. The termini of NY 94 and NY 95 are connected by the Hudson River.",290 6645 10048 389 407 5884 11 262 734 389 5884 416 262 19995 5866 13 383 5651 72 286 6645 10048 290 6645 6957 389 5884 416 262 19995 5866 13,1.3667198356704742,test:7238106a1b1a6dad,8.340220040853977,2.544261098099317e-17,10.156868323228965,0,0.0,0.021387861246951627,encoder_grad,32,55.74193548387097,25,50256 4494 278 286 1181 27239 287 968 1971 837 14320 262 4736 290 15425 286 6960 27928 837 13656 634 837 290 45868 764 2893 262 5651 72 286 6645 10261,0.0,10.156868323228968,actor,6.216371164000066,6.628273512000078,OK,0,0.9032258064516129,2.568962674096827
0.1," and NY 94 are not connected, the two are connected by the Hudson River. The termini of NY 94 is the terminus of the Hudson River. The",290 6645 10048 389 407 5884 11 262 734 389 5884 416 262 19995 5866 13 383 5651 72 286 6645 10048 318 262 5651 385 286 262 19995 5866 13 383,1.5944976660125227,test:7238106a1b1a6dad,1.395802331929744,5.3198186596622086e-17,10.156868323228968,0,0.0,0.017373434938045332,jacobian_ln,32,14.580645161290322,25,50256 4494 278 286 1181 27239 287 968 1971 837 14320 262 4736 290 15425 286 6960 27928 837 13656 634 837 290 45868 764 2893 262 5651 72 286 6645 10261,0.0,10.156868323228968,actor,7.381995421000056,8.344090886999993,OK,0,0.9032258064516129,1.7841122940492544
0.1," and NY 94 are located in the Bronx, the termini of NY 94 is located in the Bronx.

, connecting the cities and villages of , connecting",290 6645 10048 389 5140 287 262 32486 11 262 5651 72 286 6645 10048 318 5140 287 262 32486 13 198 198 11 14320 262 4736 290 15425 286 837 14320,1.0334991430947862,test:7238106a1b1a6dad,3.7132852701142967,8.0953762212251e-18,10.156868323228966,0,0.0,0.04194154567955662,diffmean,32,5.516129032258065,23,50256 4494 278 286 1181 27239 287 968 1971 837 14320 262 4736 290 15425 286 6960 27928 837 13656 634 837 290 45868 764 2893 262 5651 72 286 6645 10261,0.0,10.156868323228968,actor,6.050203850000116,6.512442415000123,OK,0,0.0,0.0
0.8," and NY 94 are not connected, the two are connected by the Hudson River. The termini of NY 93 and NY 94 are connected by the Hudson River.",290 6645 10048 389 407 5884 11 262 734 389 5884 416 262 19995 5866 13 383 5651 72 286 6645 10261 290 6645 10048 389 5884 416 262 19995 5866 13,1.3423878462101688,test:7238106a1b1a6dad,1.4324284596837504e-13,2.9320353302699136,81.25494658583195,0,0.0,-1.171005937092203e-16,mean_only,32,0.0,25,50256 4494 278 286 1181 27239 287 968 1971 837 14320 262 4736 290 15425 286 6960 27928 837 13656 634 837 290 45868 764 2893 262 5651 72 286 6645 10261,0.0,81.25494658583175,control_fixed_amplitude,6.148740465999936,6.5704481299999316,OK,0,0.0,0.0
none," since the All-Star break.

) . Kershaw also became just the second lefthander to have a 240 @-@ plus strikeouts in",1201 262 1439 12 8248 2270 13 198 198 8 764 49521 26615 635 2627 655 262 1218 443 69 400 4066 284 423 257 14956 2488 12 31 5556 36431 287,0.4437184827114094,test:c47f3338ce69a81c,0.0,0.0,0.0,1,0.03125,0.0,no_edit,32,0.0,18,50256 11114 5556 7127 583 21648 21730 1267 764 49521 26615 635 2627 655 262 1218 443 69 400 4066 284 423 257 14956 2488 12 31 5556 36431 287 257 1622,0.05555555555555555,0.0,reference,6.189206284999955,6.613362353999946,OK,1,0.0,0.0
0.1," since the All-Star break.

) . Kershaw also became just the second lefthander to have a 240 @-@ plus strikeouts in",1201 262 1439 12 8248 2270 13 198 198 8 764 49521 26615 635 2627 655 262 1218 443 69 400 4066 284 423 257 14956 2488 12 31 5556 36431 287,0.4437184827114094,test:c47f3338ce69a81c,3.5332038836492754,2.3129646346357427e-18,10.156868323228968,1,0.03125,0.022639261552460793,decoder,32,9.612903225806452,18,50256 11114 5556 7127 583 21648 21730 1267 764 49521 26615 635 2627 655 262 1218 443 69 400 4066 284 423 257 14956 2488 12 31 5556 36431 287 257 1622,0.05555555555555555,10.156868323228968,actor,6.384988137000164,6.900661593999985,OK,1,0.5161290322580645,1.2001735776128417
0.1," since the All-Star break.

) . Kershaw also became just the second lefthander to have a 240 @-@ plus strikeouts in",1201 262 1439 12 8248 2270 13 198 198 8 764 49521 26615 635 2627 655 262 1218 443 69 400 4066 284 423 257 14956 2488 12 31 5556 36431 287,0.4437184827114094,test:c47f3338ce69a81c,9.169063438433513,2.544261098099317e-17,10.156868323228965,1,0.03125,0.02717839486668467,encoder_grad,32,66.51612903225806,18,50256 11114 5556 7127 583 21648 21730 1267 764 49521 26615 635 2627 655 262 1218 443 69 400 4066 284 423 257 14956 2488 12 31 5556 36431 287 257 1622,0.05555555555555555,10.156868323228968,actor,6.301653465000072,6.733092981000027,OK,1,0.9354838709677419,3.0826648909334393
0.1," since the All-Star break.

) . Kershaw also became just the second lefthander to have a 240 @-@ plus strikeouts in",1201 262 1439 12 8248 2270 13 198 198 8 764 49521 26615 635 2627 655 262 1218 443 69 400 4066 284 423 257 14956 2488 12 31 5556 36431 287,0.4437184827114094,test:c47f3338ce69a81c,1.631798527055879,5.955883934187038e-17,10.156868323228968,1,0.03125,0.01936698610257464,jacobian_ln,32,16.903225806451612,18,50256 11114 5556 7127 583 21648 21730 1267 764 49521 26615 635 2627 655 262 1218 443 69 400 4066 284 423 257 14956 2488 12 31 5556 36431 287 257 1622,0.05555555555555555,10.156868323228968,actor,7.387220568999965,8.270680874999925,OK,1,0.8709677419354839,2.215480333272557
0.1," since Mike Trout in 2009.

) . Kershaw also became just the second lefthander to have a 240 @-@ plus strikeouts in a",1201 4995 42542 287 3717 13 198 198 8 764 49521 26615 635 2627 655 262 1218 443 69 400 4066 284 423 257 14956 2488 12 31 5556 36431 287 257,0.4953539081603698,test:c47f3338ce69a81c,3.4014707342326274,8.0953762212251e-18,10.156868323228966,0,0.0,0.030304897914529463,diffmean,32,10.419354838709678,18,50256 11114 5556 7127 583 21648 21730 1267 764 49521 26615 635 2627 655 262 1218 443 69 400 4066 284 423 257 14956 2488 12 31 5556 36431 287 257 1622,0.0,10.156868323228968,actor,6.013060531000065,6.446613881000076,OK,0,0.0,0.0
0.8," since the All-Star break.

) . Kershaw also became just the second lefthander to have a 240 @-@ plus strikeouts in",1201 262 1439 12 8248 2270 13 198 198 8 764 49521 26615 635 2627 655 262 1218 443 69 400 4066 284 423 257 14956 2488 12 31 5556 36431 287,0.4437184827114094,test:c47f3338ce69a81c,1.4321812398511853e-13,2.9320353302699136,81.25494658583195,1,0.03125,5.4607486822017794e-17,mean_only,32,0.0,18,50256 11114 5556 7127 583 21648 21730 1267 764 49521 26615 635 2627 655 262 1218 443 69 400 4066 284 423 257 14956 2488 12 31 5556 36431 287 257 1622,0.05555555555555555,81.25494658583175,control_fixed_amplitude,6.0034869080000135,6.456619717999956,OK,1,0.0,0.0
none," in a very different way from the one they were in before. He thought that the fight scenes were better done, but he was wrong. He thought that the",287 257 845 1180 835 422 262 530 484 547 287 878 13 679 1807 326 262 1907 8188 547 1365 1760 11 475 339 373 2642 13 679 1807 326 262,1.657759906208503,test:e7686b3c5b7055f1,0.0,0.0,0.0,0,0.0,0.0,no_edit,32,0.0,29,50256 837 40807 262 1907 326 373 546 284 1282 764 5658 1807 326 749 1907 8188 319 262 905 547 407 880 2488 12 31 1760 837 355 484 389 18976,0.0,0.0,reference,6.188131153999848,6.64870552299999,OK,0,0.0,0.0
0.1, in a very different way from the one they were in before. He thought that the fight scenes were better done in a way that would make the audience feel more,287 257 845 1180 835 422 262 530 484 547 287 878 13 679 1807 326 262 1907 8188 547 1365 1760 287 257 835 326 561 787 262 5386 1254 517,1.6526764593588035,test:e7686b3c5b7055f1,4.258606429444593,2.3129646346357427e-18,10.156868323228968,0,0.0,0.04448183367728298,decoder,32,13.064516129032258,31,50256 837 40807 262 1907 326 373 546 284 1282 764 5658 1807 326 749 1907 8188 319 262 905 547 407 880 2488 12 31 1760 837 355 484 389 18976,0.0,10.156868323228968,actor,6.27480008800012,6.723913792000076,OK,0,1.0,3.856233741226431
0.1," in a very different way from the one they were in before. He thought that the fight scenes were better done, but he was wrong. He thought that the",287 257 845 1180 835 422 262 530 484 547 287 878 13 679 1807 326 262 1907 8188 547 1365 1760 11 475 339 373 2642 13 679 1807 326 262,1.657759906208503,test:e7686b3c5b7055f1,10.642304239384778,2.544261098099317e-17,10.156868323228965,0,0.0,0.038746566521710796,encoder_grad,32,81.83870967741936,29,50256 837 40807 262 1907 326 373 546 284 1282 764 5658 1807 326 749 1907 8188 319 262 905 547 407 880 2488 12 31 1760 837 355 484 389 18976,0.0,10.156868323228968,actor,6.203827544999967,6.636207323000008,OK,0,1.0,6.268408063900279
0.1," in a very different way from the fight scenes on the show. He thought that the fight scenes were better done, but he was wrong. He thought that the",287 257 845 1180 835 422 262 1907 8188 319 262 905 13 679 1807 326 262 1907 8188 547 1365 1760 11 475 339 373 2642 13 679 1807 326 262,1.4733955375879122,test:e7686b3c5b7055f1,1.9010735430558836,6.38956480318124e-17,10.156868323228968,0,0.0,0.021494392474989625,jacobian_ln,32,18.64516129032258,29,50256 837 40807 262 1907 326 373 546 284 1282 764 5658 1807 326 749 1907 8188 319 262 905 547 407 880 2488 12 31 1760 837 355 484 389 18976,0.0,10.156868323228968,actor,7.21371519399986,8.071234183999877,OK,0,1.0,4.858602983658312
0.1," in a very different way from the one we see in the show. He thought that the fight scenes were better done, but he was wrong. He thought that",287 257 845 1180 835 422 262 530 356 766 287 262 905 13 679 1807 326 262 1907 8188 547 1365 1760 11 475 339 373 2642 13 679 1807 326,1.648230172424036,test:e7686b3c5b7055f1,3.67849888179458,8.0953762212251e-18,10.156868323228966,0,0.0,0.048581686873541516,diffmean,32,9.741935483870968,29,50256 837 40807 262 1907 326 373 546 284 1282 764 5658 1807 326 749 1907 8188 319 262 905 547 407 880 2488 12 31 1760 837 355 484 389 18976,0.0,10.156868323228968,actor,6.322165694999967,6.80780363000008,OK,0,0.03225806451612903,0.012166984593789244
0.8," in a very different way from the one they were in before. He thought that the fight scenes were better done, but he was wrong. He thought that the",287 257 845 1180 835 422 262 530 484 547 287 878 13 679 1807 326 262 1907 8188 547 1365 1760 11 475 339 373 2642 13 679 1807 326 262,1.657759906208503,test:e7686b3c5b7055f1,1.3602880864650083e-13,2.9320353302699136,81.25494658583195,0,0.0,1.884399525097663e-17,mean_only,32,0.0,29,50256 837 40807 262 1907 326 373 546 284 1282 764 5658 1807 326 749 1907 8188 319 262 905 547 407 880 2488 12 31 1760 837 355 484 389 18976,0.0,81.25494658583175,control_fixed_amplitude,5.973567933999902,6.387523764999969,OK,0,0.0,0.0
none,". The second Type UB I to enter service was UB @-@ 10 , which formed the nucleus of the Flanders Flotilla. The third",13 383 1218 5994 471 33 314 284 3802 2139 373 471 33 2488 12 31 838 837 543 7042 262 29984 286 262 376 32358 1610 313 5049 13 383 2368,0.5085113986665315,test:931d32f1d57640fb,0.0,0.0,0.0,0,0.0,0.0,no_edit,32,0.0,20,50256 796 220 628 383 717 5994 471 33 314 284 3802 2139 373 471 33 2488 12 31 838 837 543 7042 262 29984 286 262 376 32358 1610 313 5049,0.0,0.0,reference,6.046857221999971,6.4911895310001455,OK,0,0.0,0.0
0.1,". The second Type UB I to enter service was UB @-@ 10 , which formed the nucleus of the Flanders Flotilla. The third",13 383 1218 5994 471 33 314 284 3802 2139 373 471 33 2488 12 31 838 837 543 7042 262 29984 286 262 376 32358 1610 313 5049 13 383 2368,0.5085113986665315,test:931d32f1d57640fb,3.8458843044049895,2.3129646346357427e-18,10.156868323228968,0,0.0,0.02638892019069567,decoder,32,10.064516129032258,20,50256 796 220 628 383 717 5994 471 33 314 284 3802 2139 373 471 33 2488 12 31 838 837 543 7042 262 29984 286 262 376 32358 1610 313 5049,0.0,10.156868323228968,actor,6.080112522000036,6.497743349000075,OK,0,0.6451612903225806,1.124505080683351
0.1,". The second was UB @-@ 10 , which formed the nucleus of the Flanders Flotilla. The third was UB @-@ 10",13 383 1218 373 471 33 2488 12 31 838 837 543 7042 262 29984 286 262 376 32358 1610 313 5049 13 383 2368 373 471 33 2488 12 31 838,0.5995381924529377,test:931d32f1d57640fb,9.068842073990472,2.544261098099317e-17,10.156868323228965,0,0.0,0.0227554157601076,encoder_grad,32,65.41935483870968,16,50256 796 220 628 383 717 5994 471 33 314 284 3802 2139 373 471 33 2488 12 31 838 837 543 7042 262 29984 286 262 376 32358 1610 313 5049,0.0,10.156868323228968,actor,6.253723772000058,6.696291017000021,OK,0,1.0,3.313871123895954
0.1,". The second was UB @-@ 10 , which formed the nucleus of the Flanders Flotilla. The third was UB @-@ 10",13 383 1218 373 471 33 2488 12 31 838 837 543 7042 262 29984 286 262 376 32358 1610 313 5049 13 383 2368 373 471 33 2488 12 31 838,0.5995381924529377,test:931d32f1d57640fb,1.8234189850230138,5.724587470723463e-17,10.156868323228968,0,0.0,0.01660165652936617,jacobian_ln,32,19.70967741935484,16,50256 796 220 628 383 717 5994 471 33 314 284 3802 2139 373 471 33 2488 12 31 838 837 543 7042 262 29984 286 262 376 32358 1610 313 5049,0.0,10.156868323228968,actor,7.284565193999924,8.228588791999982,OK,0,0.9354838709677419,2.1999241408610053
0.1,". The first Type UB I to enter service was UB @-@ 10 , which formed the nucleus of the Flanders Flotilla.

",13 383 717 5994 471 33 314 284 3802 2139 373 471 33 2488 12 31 838 837 543 7042 262 29984 286 262 376 32358 1610 313 5049 13 198 198,0.44221282068572887,test:931d32f1d57640fb,3.4082255275383324,8.0953762212251e-18,10.156868323228966,0,0.0,0.05586708738634939,diffmean,32,8.064516129032258,18,50256 796 220 628 383 717 5994 471 33 314 284 3802 2139 373 471 33 2488 12 31 838 837 543 7042 262 29984 286 262 376 32358 1610 313 5049,0.0,10.156868323228968,actor,6.090154542000164,6.527842065000186,OK,0,0.0,0.0
0.8,". The second Type UB I to enter service was UB @-@ 10 , which formed the nucleus of the Flanders Flotilla. The third",13 383 1218 5994 471 33 314 284 3802 2139 373 471 33 2488 12 31 838 837 543 7042 262 29984 286 262 376 32358 1610 313 5049 13 383 2368,0.5085113986665315,test:931d32f1d57640fb,1.4309924760044435e-13,2.9320353302699136,81.25494658583195,0,0.0,9.785989823721781e-17,mean_only,32,0.0,20,50256 796 220 628 383 717 5994 471 33 314 284 3802 2139 373 471 33 2488 12 31 838 837 543 7042 262 29984 286 262 376 32358 1610 313 5049,0.0,81.25494658583175,control_fixed_amplitude,6.116959814999973,6.553710327000317,OK,0,0.0,0.0
none," their clients. 

The book "" The Dreaming of a Dreamer "" , by John D. D'Arcy , is a collection of short",511 7534 13 220 198 198 464 1492 366 383 7610 278 286 257 7610 263 366 837 416 1757 360 13 360 6 3163 948 837 318 257 4947 286 1790,1.9179463782223047,test:47726f51038b956b,0.0,0.0,0.0,0,0.0,0.0,no_edit,32,0.0,19,50256 3002 286 257 1492 319 262 5874 11202 286 6268 837 20843 19009 764 220 198 5694 6638 7912 6777 7521 1948 366 4320 654 366 837 393 3923 837 329,0.0,0.0,reference,6.199106198999743,6.650903919000029,OK,0,0.0,0.0
0.1," their clients. These dreams are often based on the physical world, such as the physical world of a person or a place, or on the physical world of a",511 7534 13 2312 10625 389 1690 1912 319 262 3518 995 11 884 355 262 3518 995 286 257 1048 393 257 1295 11 393 319 262 3518 995 286 257,1.5374004821745528,test:47726f51038b956b,3.25563730653826,2.3129646346357427e-18,10.156868323228968,0,0.0,0.02227740069134381,decoder,32,8.451612903225806,29,50256 3002 286 257 1492 319 262 5874 11202 286 6268 837 20843 19009 764 220 198 5694 6638 7912 6777 7521 1948 366 4320 654 366 837 393 3923 837 329,0.0,10.156868323228968,actor,6.159096274000149,6.588149790999978,OK,0,0.8709677419354839,1.4904021317430007
0.1," their clients. 

The book "" The Dreaming of a Dreamer "" by John C. Macdonald is a collection of short stories, often written",511 7534 13 220 198 198 464 1492 366 383 7610 278 286 257 7610 263 366 416 1757 327 13 4100 40915 318 257 4947 286 1790 3923 11 1690 3194,1.9874542274981843,test:47726f51038b956b,9.044604648019764,2.544261098099317e-17,10.156868323228965,0,0.0,0.022913200840363003,encoder_grad,32,62.0,21,50256 3002 286 257 1492 319 262 5874 11202 286 6268 837 20843 19009 764 220 198 5694 6638 7912 6777 7521 1948 366 4320 654 366 837 393 3923 837 329,0.0,10.156868323228968,actor,7.078862974999993,7.526900614000169,OK,0,1.0,3.794656200158687
0.1," their clients. 

The book "" The Art of Motion "" by John D. D'Arcy , published by the Australian Museum of Art in the",511 7534 13 220 198 198 464 1492 366 383 3683 286 20843 366 416 1757 360 13 360 6 3163 948 837 3199 416 262 6638 9594 286 3683 287 262,2.046983474933704,test:47726f51038b956b,1.5574255033782518,5.4643789493269423e-17,10.156868323228968,0,0.0,0.017828250862857404,jacobian_ln,32,15.67741935483871,22,50256 3002 286 257 1492 319 262 5874 11202 286 6268 837 20843 19009 764 220 198 5694 6638 7912 6777 7521 1948 366 4320 654 366 837 393 3923 837 329,0.0,10.156868323228968,actor,6.739523720999841,7.65714194300017,OK,0,0.967741935483871,2.8586188179026326
0.1," their characters. 

, , , , , , , , , , , , , , , , , , , , , , , , , ,",511 3435 13 220 198 198 11 837 837 837 837 837 837 837 837 837 837 837 837 837 837 837 837 837 837 837 837 837 837 837 837 837,0.6514039921069806,test:47726f51038b956b,3.583029939183321,8.0953762212251e-18,10.156868323228966,0,0.0,0.03968451614372494,diffmean,32,11.35483870967742,2,50256 3002 286 257 1492 319 262 5874 11202 286 6268 837 20843 19009 764 220 198 5694 6638 7912 6777 7521 1948 366 4320 654 366 837 393 3923 837 329,0.0,10.156868323228968,actor,6.151650726999833,6.580001909000202,OK,0,0.0,0.0
0.8," their clients. 

The book "" The Dreaming of a Dreamer "" , by John D. D'Arcy , is a collection of short",511 7534 13 220 198 198 464 1492 366 383 7610 278 286 257 7610 263 366 837 416 1757 360 13 360 6 3163 948 837 318 257 4947 286 1790,1.9179463782223047,test:47726f51038b956b,1.3429560934073288e-13,2.9320353302699136,81.25494658583195,0,0.0,1.7301747052148012e-17,mean_only,32,0.0,19,50256 3002 286 257 1492 319 262 5874 11202 286 6268 837 20843 19009 764 220 198 5694 6638 7912 6777 7521 1948 366 4320 654 366 837 393 3923 837 329,0.0,81.25494658583175,control_fixed_amplitude,6.127872745999866,6.543854754000222,OK,0,0.0,0.0
none," April 1, 2004. The album was released on April 1, 2004. The album was released on April 1, 2004. The album was released on April 1",3035 352 11 5472 13 383 5062 373 2716 319 3035 352 11 5472 13 383 5062 373 2716 319 3035 352 11 5472 13 383 5062 373 2716 319 3035 352,0.794026229726563,test:b17acc1224fd99d3,0.0,0.0,0.0,0,0.0,0.0,no_edit,32,0.0,19,50256 5514 287 33391 9232 357 5472 1267 796 796 796 220 628 30920 18468 1364 449 425 13407 837 13011 511 5544 8034 5062 837 5514 287 33391 9232 837 319,0.0,0.0,reference,6.047474348999913,6.557814876000066,OK,0,0.0,0.0
0.1," April 1, 2004. The album is a collection of songs from the album, including ""The Last Time"", ""The Last Time"", ""The Last Time"",",3035 352 11 5472 13 383 5062 318 257 4947 286 7259 422 262 5062 11 1390 366 464 4586 3862 1600 366 464 4586 3862 1600 366 464 4586 3862 1600,1.6240509928488902,test:b17acc1224fd99d3,3.590756413907598,2.3129646346357427e-18,10.156868323228968,0,0.0,0.020959654343205077,decoder,32,10.258064516129032,21,50256 5514 287 33391 9232 357 5472 1267 796 796 796 220 628 30920 18468 1364 449 425 13407 837 13011 511 5544 8034 5062 837 5514 287 33391 9232 837 319,0.0,10.156868323228968,actor,6.266297058999953,6.765167847000157,OK,0,0.7096774193548387,1.2961753972437227
0.1," April 24, 2004. The album is titled ""The Last Days of the World"" and features the band's first single, ""The Last Days of the World",3035 1987 11 5472 13 383 5062 318 11946 366 464 4586 12579 286 262 2159 1 290 3033 262 4097 338 717 2060 11 366 464 4586 12579 286 262 2159,1.6848953568151235,test:b17acc1224fd99d3,9.265720337453997,2.544261098099317e-17,10.156868323228965,0,0.0,0.01815019299731428,encoder_grad,32,68.96774193548387,24,50256 5514 287 33391 9232 357 5472 1267 796 796 796 220 628 30920 18468 1364 449 425 13407 837 13011 511 5544 8034 5062 837 5514 287 33391 9232 837 319,0.0,10.156868323228968,actor,6.200245518999964,6.6610643029998755,OK,0,1.0,3.442633132379663
0.1," April 1, 2004. The album is a collection of songs from the album, including ""The Way I Feel"" by the band, ""The Way I Feel",3035 352 11 5472 13 383 5062 318 257 4947 286 7259 422 262 5062 11 1390 366 464 6378 314 18571 1 416 262 4097 11 366 464 6378 314 18571,1.7369797182894782,test:b17acc1224fd99d3,1.5824573921937028,6.100444223851771e-17,10.156868323228968,0,0.0,0.015937076979080072,jacobian_ln,32,16.903225806451612,23,50256 5514 287 33391 9232 357 5472 1267 796 796 796 220 628 30920 18468 1364 449 425 13407 837 13011 511 5544 8034 5062 837 5514 287 33391 9232 837 319,0.0,10.156868323228968,actor,6.841937620999943,7.871801948000211,OK,0,0.967741935483871,2.368577850825716
0.1," May 24, 2004. The album is a collection of songs from the album, which is a collection of songs from the album, which is a collection of songs",1737 1987 11 5472 13 383 5062 318 257 4947 286 7259 422 262 5062 11 543 318 257 4947 286 7259 422 262 5062 11 543 318 257 4947 286 7259,1.3717509505326468,test:b17acc1224fd99d3,3.5462131054410873,8.0953762212251e-18,10.156868323228966,0,0.0,0.029508029819188004,diffmean,32,10.193548387096774,26,50256 5514 287 33391 9232 357 5472 1267 796 796 796 220 628 30920 18468 1364 449 425 13407 837 13011 511 5544 8034 5062 837 5514 287 33391 9232 837 319,0.0,10.156868323228968,actor,6.0468833689997155,6.519345805999819,OK,0,0.0,0.0
0.8," April 1, 2004. The album was released on April 1, 2004. The album was released on April 1, 2004. The album was released on April 1",3035 352 11 5472 13 383 5062 373 2716 319 3035 352 11 5472 13 383 5062 373 2716 319 3035 352 11 5472 13 383 5062 373 2716 319 3035 352,0.794026229726563,test:b17acc1224fd99d3,1.5125601119275075e-13,2.9320353302699136,81.25494658583195,0,0.0,-7.839219430940444e-17,mean_only,32,0.0,19,50256 5514 287 33391 9232 357 5472 1267 796 796 796 220 628 30920 18468 1364 449 425 13407 837 13011 511 5544 8034 5062 837 5514 287 33391 9232 837 319,0.0,81.25494658583175,control_fixed_amplitude,6.215012300000126,6.659121478000088,OK,0,0.0,0.0
none,"Navy aircraft , and was reported to be in the process of being evacuated.

The storm was expected to be a Category 4 storm by the end of",45 2830 6215 837 290 373 2098 284 307 287 262 1429 286 852 23724 13 198 198 464 6388 373 2938 284 307 257 21743 604 6388 416 262 886 286,1.7790571229843744,test:d69768ef34abee31,0.0,0.0,0.0,0,0.0,0.0,no_edit,32,0.0,26,50256 340 550 24135 284 19690 6388 3722 837 290 373 645 2392 852 7728 319 416 262 1306 1110 764 554 7840 6026 26361 837 509 4951 64 9694 3933 2488,0.0,0.0,reference,6.245226831999844,6.6737965129996155,OK,0,0.0,0.0
0.1,"Navy ships and destroyed a number of aircraft .

, and was no longer being warned on by the next day . In northern Luzon , Kros",45 2830 7937 290 6572 257 1271 286 6215 764 198 198 11 290 373 645 2392 852 7728 319 416 262 1306 1110 764 554 7840 6026 26361 837 509 4951,1.060301626143477,test:d69768ef34abee31,3.7453827617996374,2.3129646346357427e-18,10.156868323228968,0,0.0,0.030559363085190736,decoder,32,8.516129032258064,23,50256 340 550 24135 284 19690 6388 3722 837 290 373 645 2392 852 7728 319 416 262 1306 1110 764 554 7840 6026 26361 837 509 4951 64 9694 3933 2488,0.0,10.156868323228968,actor,6.204627463000179,6.7771600860000945,OK,0,0.7741935483870968,1.4111322058369302
0.1,"Navy ships and destroyed a number of aircraft , including a destroyer , a destroyer , a destroyer , a destroyer , a destroyer , a destroyer , a destroyer ,",45 2830 7937 290 6572 257 1271 286 6215 837 1390 257 41056 837 257 41056 837 257 41056 837 257 41056 837 257 41056 837 257 41056 837 257 41056 837,1.4719634997866085,test:d69768ef34abee31,8.558531888813912,2.544261098099317e-17,10.156868323228965,0,0.0,0.024850520554573187,encoder_grad,32,63.193548387096776,23,50256 340 550 24135 284 19690 6388 3722 837 290 373 645 2392 852 7728 319 416 262 1306 1110 764 554 7840 6026 26361 837 509 4951 64 9694 3933 2488,0.0,10.156868323228968,actor,6.354150325000319,6.7804110450001644,OK,0,0.967741935483871,3.64975779794558
0.1,"Navy ships and destroyed a number of aircraft , including a destroyer , a destroyer , a destroyer , a destroyer , a destroyer , a destroyer , a destroyer ,",45 2830 7937 290 6572 257 1271 286 6215 837 1390 257 41056 837 257 41056 837 257 41056 837 257 41056 837 257 41056 837 257 41056 837 257 41056 837,1.4719634997866085,test:d69768ef34abee31,1.7221908018892351,5.0017860223997936e-17,10.156868323228968,0,0.0,0.023388455073365923,jacobian_ln,32,19.258064516129032,23,50256 340 550 24135 284 19690 6388 3722 837 290 373 645 2392 852 7728 319 416 262 1306 1110 764 554 7840 6026 26361 837 509 4951 64 9694 3933 2488,0.0,10.156868323228968,actor,7.199301414999809,8.078319307999664,OK,0,0.967741935483871,2.6360652992021913
0.1,"NWS-TV, and was reported to be in the tropical storm category .

, and was reported to be in the tropical storm category . In the",45 19416 12 6849 11 290 373 2098 284 307 287 262 19690 6388 6536 764 198 198 11 290 373 2098 284 307 287 262 19690 6388 6536 764 554 262,1.5328279594514562,test:d69768ef34abee31,3.510754299120143,8.0953762212251e-18,10.156868323228966,0,0.0,0.06313151296421957,diffmean,32,7.0,24,50256 340 550 24135 284 19690 6388 3722 837 290 373 645 2392 852 7728 319 416 262 1306 1110 764 554 7840 6026 26361 837 509 4951 64 9694 3933 2488,0.0,10.156868323228968,actor,5.907049318999725,6.357746207999753,OK,0,0.0,0.0
0.8,"Navy aircraft , and was reported to be in the process of being evacuated.

The storm was expected to be a Category 4 storm by the end of",45 2830 6215 837 290 373 2098 284 307 287 262 1429 286 852 23724 13 198 198 464 6388 373 2938 284 307 257 21743 604 6388 416 262 886 286,1.7790571229843744,test:d69768ef34abee31,1.313517347941488e-13,2.9320353302699136,81.25494658583195,0,0.0,-2.667235844720751e-17,mean_only,32,0.0,26,50256 340 550 24135 284 19690 6388 3722 837 290 373 645 2392 852 7728 319 416 262 1306 1110 764 554 7840 6026 26361 837 509 4951 64 9694 3933 2488,0.0,81.25494658583175,control_fixed_amplitude,6.266275114000109,6.7077420129999155,OK,0,0.0,0.0
none," debris in a truck crash in the town of El Paso , Texas , on Saturday.

The accident happened in the town of El Paso, about 30 miles",16468 287 257 7779 7014 287 262 3240 286 2574 39245 837 3936 837 319 3909 13 198 198 464 5778 3022 287 262 3240 286 2574 39245 11 546 1542 4608,1.4890152451456988,test:9880810cb2ebc332,0.0,0.0,0.0,0,0.0,0.0,no_edit,32,0.0,25,50256 1605 5318 8383 837 373 2923 618 465 32772 17948 866 287 33231 837 257 20439 805 3724 706 3598 6787 37993 48769 837 290 257 1200 373 2923 416 32726,0.0,0.0,reference,6.229422343000351,6.698379869000291,OK,0,0.0,0.0
0.1," explosives in a car accident , according to the police.

The police said the accident happened in the town of Gomez, about 30 miles south of San Francisco",20732 287 257 1097 5778 837 1864 284 262 1644 13 198 198 464 1644 531 262 5778 3022 287 262 3240 286 33231 11 546 1542 4608 5366 286 2986 6033,1.7211958296390861,test:9880810cb2ebc332,3.330654093251003,2.3129646346357427e-18,10.156868323228968,0,0.0,0.028752130931457766,decoder,32,8.580645161290322,26,50256 1605 5318 8383 837 373 2923 618 465 32772 17948 866 287 33231 837 257 20439 805 3724 706 3598 6787 37993 48769 837 290 257 1200 373 2923 416 32726,0.0,10.156868323228968,actor,6.177354807000029,6.646380748999945,OK,0,0.7419354838709677,1.563181276416715
0.1," bombs , according to the police chief of the city of San Antonio , who said the accident was a ""terrorist attack.""

The police chief said the accident",12134 837 1864 284 262 1644 4039 286 262 1748 286 2986 11366 837 508 531 262 5778 373 257 366 42002 1368 526 198 198 464 1644 4039 531 262 5778,1.649102324206948,test:9880810cb2ebc332,8.724134524113582,2.544261098099317e-17,10.156868323228965,0,0.0,0.02224793611688263,encoder_grad,32,54.87096774193548,26,50256 1605 5318 8383 837 373 2923 618 465 32772 17948 866 287 33231 837 257 20439 805 3724 706 3598 6787 37993 48769 837 290 257 1200 373 2923 416 32726,0.0,10.156868323228968,actor,6.288042191999921,6.735511307000252,OK,0,0.967741935483871,3.569836884959302
0.1," explosives in a car accident , according to the Los Angeles Times .

The Times reports that the accident happened in the middle of a busy freeway in the city",20732 287 257 1097 5778 837 1864 284 262 5401 5652 3782 764 198 198 464 3782 3136 326 262 5778 3022 287 262 3504 286 257 8179 39042 287 262 1748,1.6565214476017935,test:9880810cb2ebc332,1.3005916276118237,5.377642775528102e-17,10.156868323228968,0,0.0,0.019014389065849985,jacobian_ln,32,13.935483870967742,28,50256 1605 5318 8383 837 373 2923 618 465 32772 17948 866 287 33231 837 257 20439 805 3724 706 3598 6787 37993 48769 837 290 257 1200 373 2923 416 32726,0.0,10.156868323228968,actor,7.067984238000008,7.934788303000005,OK,0,0.8387096774193549,2.6740769661406256
0.1," debris , according to the New York Times .

The New York Times reports that the accident happened in the Bronx, where the accident happened.

The",16468 837 1864 284 262 968 1971 3782 764 198 198 464 968 1971 3782 3136 326 262 5778 3022 287 262 32486 11 810 262 5778 3022 13 198 198 464,1.4599578780285807,test:9880810cb2ebc332,3.298719399971735,8.0953762212251e-18,10.156868323228966,0,0.0,0.053546881343968095,diffmean,32,5.193548387096774,24,50256 1605 5318 8383 837 373 2923 618 465 32772 17948 866 287 33231 837 257 20439 805 3724 706 3598 6787 37993 48769 837 290 257 1200 373 2923 416 32726,0.0,10.156868323228968,actor,6.4655485829998725,6.944903171000078,OK,0,0.0,0.0
0.8," debris in a truck crash in the town of El Paso , Texas , on Saturday.

The accident happened in the town of El Paso, about 30 miles",16468 287 257 7779 7014 287 262 3240 286 2574 39245 837 3936 837 319 3909 13 198 198 464 5778 3022 287 262 3240 286 2574 39245 11 546 1542 4608,1.4890152451456988,test:9880810cb2ebc332,1.3318887919535073e-13,2.9320353302699136,81.25494658583195,0,0.0,4.639331414007437e-17,mean_only,32,0.0,25,50256 1605 5318 8383 837 373 2923 618 465 32772 17948 866 287 33231 837 257 20439 805 3724 706 3598 6787 37993 48769 837 290 257 1200 373 2923 416 32726,0.0,81.25494658583175,control_fixed_amplitude,6.202570946999913,6.642776413999854,OK,0,0.0,0.0
none," by the Soviet Union. He was also involved in the Vietnam War, and was involved in the Vietnam War. He was also involved in the Vietnam War.
",416 262 7570 4479 13 679 373 635 2950 287 262 10836 1810 11 290 373 2950 287 262 10836 1810 13 679 373 635 2950 287 262 10836 1810 13 198,1.3348644344697198,test:f24f9cf5d5653025,0.0,0.0,0.0,0,0.0,0.0,no_edit,32,0.0,27,50256 262 17575 10216 14935 287 11790 837 2869 764 1114 262 1306 1115 4647 837 19800 2627 46767 287 3026 1175 290 5924 800 39327 416 13465 290 40097 615 874,0.0,0.0,reference,5.9347086650000165,6.360002270000223,OK,0,0.03225806451612903,0.0
0.1," by the Soviet Union. He was also involved in the assassination of the Soviet leader, Mikhail Gorbachev.

, Japan . For the next three decades",416 262 7570 4479 13 679 373 635 2950 287 262 18898 286 262 7570 3554 11 42040 19097 65 42961 13 198 198 11 2869 764 1114 262 1306 1115 4647,1.0967322067652518,test:f24f9cf5d5653025,3.985077663461755,2.3129646346357427e-18,10.156868323228968,0,0.0,0.02800162117063932,decoder,32,11.612903225806452,23,50256 262 17575 10216 14935 287 11790 837 2869 764 1114 262 1306 1115 4647 837 19800 2627 46767 287 3026 1175 290 5924 800 39327 416 13465 290 40097 615 874,0.0,10.156868323228968,actor,6.161964395999803,6.60918224399984,OK,0,0.8387096774193549,2.915599412704651
0.1," by the United States. He was also involved in the assassination of President John F. Kennedy.

, Japan . For the next three decades , Chad became",416 262 1578 1829 13 679 373 635 2950 287 262 18898 286 1992 1757 376 13 10401 13 198 198 11 2869 764 1114 262 1306 1115 4647 837 19800 2627,0.9787780417920378,test:f24f9cf5d5653025,9.623682877896545,2.544261098099317e-17,10.156868323228965,0,0.0,0.030644963391748832,encoder_grad,32,66.12903225806451,24,50256 262 17575 10216 14935 287 11790 837 2869 764 1114 262 1306 1115 4647 837 19800 2627 46767 287 3026 1175 290 5924 800 39327 416 13465 290 40097 615 874,0.0,10.156868323228968,actor,6.314900596000371,6.79997362100039,OK,0,1.0,5.208866850771276
0.1," by the United States. He was also involved in the assassination of President Kennedy.

, Japan . For the next three decades , Chad became embroiled in civil",416 262 1578 1829 13 679 373 635 2950 287 262 18898 286 1992 10401 13 198 198 11 2869 764 1114 262 1306 1115 4647 837 19800 2627 46767 287 3026,0.9735665260839242,test:f24f9cf5d5653025,1.8509315800711903,6.013708050052931e-17,10.156868323228968,0,0.0,0.020852319163042622,jacobian_ln,32,16.451612903225808,25,50256 262 17575 10216 14935 287 11790 837 2869 764 1114 262 1306 1115 4647 837 19800 2627 46767 287 3026 1175 290 5924 800 39327 416 13465 290 40097 615 874,0.0,10.156868323228968,actor,7.337029829999665,8.247281124999972,OK,0,0.967741935483871,4.068994519320763
0.1," by the Soviet Union . He was also a member of the Soviet Union's elite KGB.

, Japan . For the next three decades , Chad became embroiled",416 262 7570 4479 764 679 373 635 257 2888 286 262 7570 4479 338 9085 40785 13 198 198 11 2869 764 1114 262 1306 1115 4647 837 19800 2627 46767,1.120139022018222,test:f24f9cf5d5653025,3.7664744733273032,8.0953762212251e-18,10.156868323228966,0,0.0,0.07245271899092602,diffmean,32,6.870967741935484,25,50256 262 17575 10216 14935 287 11790 837 2869 764 1114 262 1306 1115 4647 837 19800 2627 46767 287 3026 1175 290 5924 800 39327 416 13465 290 40097 615 874,0.0,10.156868323228968,actor,6.085633315999985,6.509076445000119,OK,0,0.03225806451612903,0.01804374158525378
0.8," by the Soviet Union. He was also involved in the Vietnam War, and was involved in the Vietnam War. He was also involved in the Vietnam War.
",416 262 7570 4479 13 679 373 635 2950 287 262 10836 1810 11 290 373 2950 287 262 10836 1810 13 679 373 635 2950 287 262 10836 1810 13 198,1.3348644344697198,test:f24f9cf5d5653025,1.3552930612204253e-13,2.9320353302699136,81.25494658583195,0,0.0,-6.544096175192045e-17,mean_only,32,0.0,27,50256 262 17575 10216 14935 287 11790 837 2869 764 1114 262 1306 1115 4647 837 19800 2627 46767 287 3026 1175 290 5924 800 39327 416 13465 290 40097 615 874,0.0,81.25494658583175,control_fixed_amplitude,6.0524112660000355,6.538677563999954,OK,0,0.03225806451612903,3.724619179387622e-16
none," 's anger , Bert agrees to let the match continue at $ 1 @,@ 000 a game .

The match is played at the same time as",705 82 8993 837 22108 14386 284 1309 262 2872 2555 379 720 352 2488 11 31 12877 257 983 764 198 198 464 2872 318 2826 379 262 976 640 355,0.937765644071311,test:4db380c0d221327b,0.0,0.0,0.0,0,0.0,0.0,no_edit,32,0.0,21,50256 290 38961 366 2162 339 17567 764 25913 19478 705 82 8993 837 22108 14386 284 1309 262 2872 2555 379 720 352 2488 11 31 12877 257 983 764 19478,0.0,0.0,reference,6.241567703999863,6.690703368999948,OK,0,0.3870967741935484,0.0
0.1," 's anger , Bert agrees to let the match continue at $ 1 @,@ 000 a game .

The match is played at the end of the",705 82 8993 837 22108 14386 284 1309 262 2872 2555 379 720 352 2488 11 31 12877 257 983 764 198 198 464 2872 318 2826 379 262 886 286 262,0.933586301825462,test:4db380c0d221327b,5.068303324252842,2.3129646346357427e-18,10.156868323228968,0,0.0,0.043850595411995034,decoder,32,15.387096774193548,21,50256 290 38961 366 2162 339 17567 764 25913 19478 705 82 8993 837 22108 14386 284 1309 262 2872 2555 379 720 352 2488 11 31 12877 257 983 764 19478,0.0,10.156868323228968,actor,6.089248073999897,6.5274776579999525,OK,0,0.967741935483871,5.341702768896198
0.1," 's anger , Bert agrees to let the match continue at $ 1 @,@ 000 a game .

The match ends with Eddie 's anger ,",705 82 8993 837 22108 14386 284 1309 262 2872 2555 379 720 352 2488 11 31 12877 257 983 764 198 198 464 2872 5645 351 19478 705 82 8993 837,0.8291363446451896,test:4db380c0d221327b,11.023647004942198,2.544261098099317e-17,10.156868323228965,0,0.0,0.043288721150501176,encoder_grad,32,80.58064516129032,19,50256 290 38961 366 2162 339 17567 764 25913 19478 705 82 8993 837 22108 14386 284 1309 262 2872 2555 379 720 352 2488 11 31 12877 257 983 764 19478,0.0,10.156868323228968,actor,6.142538061999858,6.631749015999958,OK,0,0.967741935483871,7.676065016645083
0.1," 's anger , Bert agrees to let the match continue at $ 1 @,@ 000 a game .

The match ends with Eddie 's death .",705 82 8993 837 22108 14386 284 1309 262 2872 2555 379 720 352 2488 11 31 12877 257 983 764 198 198 464 2872 5645 351 19478 705 82 1918 764,0.8896530634755825,test:4db380c0d221327b,2.033055751636301,8.471232974353408e-17,10.156868323228968,0,0.0,0.024018757249525707,jacobian_ln,32,17.225806451612904,19,50256 290 38961 366 2162 339 17567 764 25913 19478 705 82 8993 837 22108 14386 284 1309 262 2872 2555 379 720 352 2488 11 31 12877 257 983 764 19478,0.0,10.156868323228968,actor,7.370169355999678,8.288121362999846,OK,0,0.967741935483871,6.197909361169321
0.1," 's anger , Bert agrees to let the match continue at $ 1 @,@ 000 a game .

and crippled "" ; he refuses .

",705 82 8993 837 22108 14386 284 1309 262 2872 2555 379 720 352 2488 11 31 12877 257 983 764 198 198 392 38961 366 2162 339 17567 764 198 198,0.5703741209587103,test:4db380c0d221327b,3.333630353505126,8.0953762212251e-18,10.156868323228966,0,0.0,0.03905561084228687,diffmean,32,8.709677419354838,16,50256 290 38961 366 2162 339 17567 764 25913 19478 705 82 8993 837 22108 14386 284 1309 262 2872 2555 379 720 352 2488 11 31 12877 257 983 764 19478,0.0,10.156868323228968,actor,6.115551247999974,6.560180744000263,OK,0,0.41935483870967744,0.2325790595554944
0.8," 's anger , Bert agrees to let the match continue at $ 1 @,@ 000 a game .

The match is played at the same time as",705 82 8993 837 22108 14386 284 1309 262 2872 2555 379 720 352 2488 11 31 12877 257 983 764 198 198 464 2872 318 2826 379 262 976 640 355,0.937765644071311,test:4db380c0d221327b,1.3725679705310248e-13,2.9320353302699136,81.25494658583195,0,0.0,5.800045423597155e-17,mean_only,32,0.0,21,50256 290 38961 366 2162 339 17567 764 25913 19478 705 82 8993 837 22108 14386 284 1309 262 2872 2555 379 720 352 2488 11 31 12877 257 983 764 19478,0.0,81.25494658583175,control_fixed_amplitude,6.173410945999876,6.613985221999883,OK,0,0.3870967741935484,4.233172951957855e-15
none," that the poem is a ""very religious poem"" and that it is ""a very religious poem"" and that it is ""a very religious poem"" and that",326 262 21247 318 257 366 548 4158 21247 1 290 326 340 318 366 64 845 4158 21247 1 290 326 340 318 366 64 845 4158 21247 1 290 326,1.42926440740501,test:df58c900fd6cedf4,0.0,0.0,0.0,0,0.0,0.0,no_edit,32,0.0,26,50256 797 4516 796 796 220 628 33385 884 355 20002 10417 1636 290 4216 3549 28672 6901 7668 10825 546 262 2789 15023 286 262 21247 764 10417 1636 6661 1417,0.0,0.0,reference,6.127556769000421,6.596074066000256,OK,0,0.0,0.0
0.1," that the poem is a ""very religious poem"" and that it is ""a very religious poem"" and that it is ""a very religious poem"" and that",326 262 21247 318 257 366 548 4158 21247 1 290 326 340 318 366 64 845 4158 21247 1 290 326 340 318 366 64 845 4158 21247 1 290 326,1.42926440740501,test:df58c900fd6cedf4,3.429695771646923,2.3129646346357427e-18,10.156868323228968,0,0.0,0.033510105077041635,decoder,32,7.967741935483871,26,50256 797 4516 796 796 220 628 33385 884 355 20002 10417 1636 290 4216 3549 28672 6901 7668 10825 546 262 2789 15023 286 262 21247 764 10417 1636 6661 1417,0.0,10.156868323228968,actor,6.744101361000048,7.324934200999905,OK,0,0.8709677419354839,1.9894234053294986
0.1," that the poem is a ""very religious poem"" and that it is ""a very religious poem"" and that it is ""a very religious poem"" and that",326 262 21247 318 257 366 548 4158 21247 1 290 326 340 318 366 64 845 4158 21247 1 290 326 340 318 366 64 845 4158 21247 1 290 326,1.42926440740501,test:df58c900fd6cedf4,9.162759028138982,2.544261098099317e-17,10.156868323228965,0,0.0,0.02992512980957479,encoder_grad,32,59.61290322580645,26,50256 797 4516 796 796 220 628 33385 884 355 20002 10417 1636 290 4216 3549 28672 6901 7668 10825 546 262 2789 15023 286 262 21247 764 10417 1636 6661 1417,0.0,10.156868323228968,actor,6.325030133999917,6.773252958000285,OK,0,1.0,4.3170778223589386
0.1," that the poem is a ""very religious poem"" and that it is ""a very religious poem"" and that it is ""a very religious poem"" and that",326 262 21247 318 257 366 548 4158 21247 1 290 326 340 318 366 64 845 4158 21247 1 290 326 340 318 366 64 845 4158 21247 1 290 326,1.42926440740501,test:df58c900fd6cedf4,1.6044031060447708,6.3028286293824e-17,10.156868323228968,0,0.0,0.022439401025119612,jacobian_ln,32,14.774193548387096,26,50256 797 4516 796 796 220 628 33385 884 355 20002 10417 1636 290 4216 3549 28672 6901 7668 10825 546 262 2789 15023 286 262 21247 764 10417 1636 6661 1417,0.0,10.156868323228968,actor,7.130477880999933,7.964684414000203,OK,0,0.967741935483871,3.424992784267867
0.1," that the poem is a ""very religious"" work, and that it is ""a very good poem"" and ""a very good story"". Schwartz also noted that",326 262 21247 318 257 366 548 4158 1 670 11 290 326 340 318 366 64 845 922 21247 1 290 366 64 845 922 1621 1911 28672 635 4367 326,1.8374193849942588,test:df58c900fd6cedf4,3.2490848788060753,8.0953762212251e-18,10.156868323228966,0,0.0,0.04890131336204041,diffmean,32,9.35483870967742,25,50256 797 4516 796 796 220 628 33385 884 355 20002 10417 1636 290 4216 3549 28672 6901 7668 10825 546 262 2789 15023 286 262 21247 764 10417 1636 6661 1417,0.0,10.156868323228968,actor,6.348829139999907,6.766912914999921,OK,0,0.0,0.0
0.8," that the poem is a ""very religious poem"" and that it is ""a very religious poem"" and that it is ""a very religious poem"" and that",326 262 21247 318 257 366 548 4158 21247 1 290 326 340 318 366 64 845 4158 21247 1 290 326 340 318 366 64 845 4158 21247 1 290 326,1.42926440740501,test:df58c900fd6cedf4,1.385802368702333e-13,2.9320353302699136,81.25494658583195,0,0.0,1.526540125603385e-17,mean_only,32,0.0,26,50256 797 4516 796 796 220 628 33385 884 355 20002 10417 1636 290 4216 3549 28672 6901 7668 10825 546 262 2789 15023 286 262 21247 764 10417 1636 6661 1417,0.0,81.25494658583175,control_fixed_amplitude,5.9695016830000895,6.416037130000404,OK,0,0.0,0.0
none," office. 

The city is a major city in the United States, and is home to the United States Naval Academy , the United States Air Force Academy",2607 13 220 198 198 464 1748 318 257 1688 1748 287 262 1578 1829 11 290 318 1363 284 262 1578 1829 20818 8581 837 262 1578 1829 3701 5221 8581,1.4093300307331034,test:9c2dda8efb89180c,0.0,0.0,0.0,0,0.0,0.0,no_edit,32,0.0,26,50256 1810 2873 290 416 8840 34790 764 220 198 383 1748 837 355 262 3139 837 991 11453 262 4452 286 262 1992 837 355 880 355 262 1893 705 82,0.0,0.0,reference,6.064823479000097,6.500576333000026,OK,0,0.0,0.0
0.1," office. 

The city is also home to the Office of the President , which is responsible for the administration of the United States . 

The",2607 13 220 198 198 464 1748 318 635 1363 284 262 4452 286 262 1992 837 543 318 4497 329 262 3662 286 262 1578 1829 764 220 198 198 464,1.2153955352723236,test:9c2dda8efb89180c,4.155909353724268,2.3129646346357427e-18,10.156868323228968,0,0.0,0.03867270405345179,decoder,32,12.419354838709678,23,50256 1810 2873 290 416 8840 34790 764 220 198 383 1748 837 355 262 3139 837 991 11453 262 4452 286 262 1992 837 355 880 355 262 1893 705 82,0.0,10.156868323228968,actor,6.306665623999834,6.740231752,OK,0,0.9354838709677419,2.752403848700364
0.1," office, and the president's office is the headquarters of the military. The president's office is the headquarters of the military, and the president's office is the",2607 11 290 262 1893 338 2607 318 262 10043 286 262 2422 13 383 1893 338 2607 318 262 10043 286 262 2422 11 290 262 1893 338 2607 318 262,1.3080294812187843,test:9c2dda8efb89180c,10.211003993536888,2.544261098099317e-17,10.156868323228965,0,0.0,0.03793835267446075,encoder_grad,32,72.29032258064517,29,50256 1810 2873 290 416 8840 34790 764 220 198 383 1748 837 355 262 3139 837 991 11453 262 4452 286 262 1992 837 355 880 355 262 1893 705 82,0.0,10.156868323228968,actor,6.218602500000088,6.636914790999981,OK,0,1.0,5.086319332003183
0.1," office, and the president's office is the headquarters of the military. The president's office is the headquarters of the military, and the president's office is the",2607 11 290 262 1893 338 2607 318 262 10043 286 262 2422 13 383 1893 338 2607 318 262 10043 286 262 2422 11 290 262 1893 338 2607 318 262,1.3080294812187843,test:9c2dda8efb89180c,1.696496059812427,6.707597440443654e-17,10.156868323228968,0,0.0,0.021897910791992544,jacobian_ln,32,17.06451612903226,29,50256 1810 2873 290 416 8840 34790 764 220 198 383 1748 837 355 262 3139 837 991 11453 262 4452 286 262 1992 837 355 880 355 262 1893 705 82,0.0,10.156868323228968,actor,7.086527583000134,8.022985982000137,OK,0,0.967741935483871,3.694193633570779
0.1," office. 

The city is also home to the Office of the President , which is the official office of the president. 

The city is",2607 13 220 198 198 464 1748 318 635 1363 284 262 4452 286 262 1992 837 543 318 262 1743 2607 286 262 1893 13 220 198 198 464 1748 318,1.3031959740785646,test:9c2dda8efb89180c,3.7446527587221423,8.0953762212251e-18,10.156868323228966,0,0.0,0.08361233575985699,diffmean,32,6.935483870967742,23,50256 1810 2873 290 416 8840 34790 764 220 198 383 1748 837 355 262 3139 837 991 11453 262 4452 286 262 1992 837 355 880 355 262 1893 705 82,0.0,10.156868323228968,actor,6.070141624999906,6.470828397999867,OK,0,0.0,0.0
0.8," office. 

The city is a major city in the United States, and is home to the United States Naval Academy , the United States Air Force Academy",2607 13 220 198 198 464 1748 318 257 1688 1748 287 262 1578 1829 11 290 318 1363 284 262 1578 1829 20818 8581 837 262 1578 1829 3701 5221 8581,1.4093300307331034,test:9c2dda8efb89180c,1.373059977967475e-13,2.9320353302699136,81.25494658583195,0,0.0,2.35015629174143e-17,mean_only,32,0.0,26,50256 1810 2873 290 416 8840 34790 764 220 198 383 1748 837 355 262 3139 837 991 11453 262 4452 286 262 1992 837 355 880 355 262 1893 705 82,0.0,81.25494658583175,control_fixed_amplitude,5.990144150000106,6.449367186000018,OK,0,0.0,0.0
none, and that the upper sides are relatively flat. The crater is about 1.5 km in diameter and is about 1.5 km in diameter. The crater is,290 326 262 6727 5389 389 5365 6228 13 383 32593 318 546 352 13 20 10571 287 14753 290 318 546 352 13 20 10571 287 14753 13 383 32593 318,1.4744291061319137,test:fa6102c9dd98ba1d,0.0,0.0,0.0,0,0.0,0.0,no_edit,32,0.0,24,50256 3568 284 307 5365 16572 2162 881 588 257 1862 32593 326 468 407 587 5566 44699 422 8840 12751 764 770 743 1612 326 262 8434 5389 389 5365 14559,0.0,0.0,reference,6.224146427999585,6.724474031999762,OK,0,0.0,0.0
0.1," and that the crater is not as large as it was before the impact.

The crater is about 1.5 km in diameter and is about 1.",290 326 262 32593 318 407 355 1588 355 340 373 878 262 2928 13 198 198 464 32593 318 546 352 13 20 10571 287 14753 290 318 546 352 13,1.5953385284428874,test:fa6102c9dd98ba1d,3.713417096701099,2.3129646346357427e-18,10.156868323228968,0,0.0,0.028603509597724234,decoder,32,9.258064516129032,24,50256 3568 284 307 5365 16572 2162 881 588 257 1862 32593 326 468 407 587 5566 44699 422 8840 12751 764 770 743 1612 326 262 8434 5389 389 5365 14559,0.0,10.156868323228968,actor,6.030728351000107,6.452094083000247,OK,0,0.9354838709677419,2.752188704828406
0.1," and that the surface is not as smooth as it was before the impact.

The crater is about 1.5 km in diameter and is about 1.",290 326 262 4417 318 407 355 7209 355 340 373 878 262 2928 13 198 198 464 32593 318 546 352 13 20 10571 287 14753 290 318 546 352 13,1.564918308345709,test:fa6102c9dd98ba1d,9.424272747818547,2.544261098099317e-17,10.156868323228965,0,0.0,0.024296236350447368,encoder_grad,32,64.0,24,50256 3568 284 307 5365 16572 2162 881 588 257 1862 32593 326 468 407 587 5566 44699 422 8840 12751 764 770 743 1612 326 262 8434 5389 389 5365 14559,0.0,10.156868323228968,actor,5.987588473999949,6.459004935999928,OK,0,1.0,5.119822880347597
0.1," and that the crater is not as large as it was before the impact.

The crater is about 1.5 km in diameter and is about 1.",290 326 262 32593 318 407 355 1588 355 340 373 878 262 2928 13 198 198 464 32593 318 546 352 13 20 10571 287 14753 290 318 546 352 13,1.5953385284428874,test:fa6102c9dd98ba1d,1.5106638151631182,4.5102810375396984e-17,10.156868323228968,0,0.0,0.01753120924102225,jacobian_ln,32,16.258064516129032,24,50256 3568 284 307 5365 16572 2162 881 588 257 1862 32593 326 468 407 587 5566 44699 422 8840 12751 764 770 743 1612 326 262 8434 5389 389 5365 14559,0.0,10.156868323228968,actor,6.669651698999587,7.495043263999833,OK,0,1.0,4.0829077537261
0.1," and that the surface of the crater is relatively flat.

The crater is about 1.5 km in diameter and has a diameter of about 1.5",290 326 262 4417 286 262 32593 318 5365 6228 13 198 198 464 32593 318 546 352 13 20 10571 287 14753 290 468 257 14753 286 546 352 13 20,1.3843209984030511,test:fa6102c9dd98ba1d,3.741196474414777,8.0953762212251e-18,10.156868323228966,0,0.0,0.043798567358202874,diffmean,32,8.806451612903226,23,50256 3568 284 307 5365 16572 2162 881 588 257 1862 32593 326 468 407 587 5566 44699 422 8840 12751 764 770 743 1612 326 262 8434 5389 389 5365 14559,0.0,10.156868323228968,actor,5.933497764999629,6.33962477499972,OK,0,0.0,0.0
0.8, and that the upper sides are relatively flat. The crater is about 1.5 km in diameter and is about 1.5 km in diameter. The crater is,290 326 262 6727 5389 389 5365 6228 13 383 32593 318 546 352 13 20 10571 287 14753 290 318 546 352 13 20 10571 287 14753 13 383 32593 318,1.4744291061319137,test:fa6102c9dd98ba1d,1.3128792813782347e-13,2.9320353302699136,81.25494658583195,0,0.0,4.101824063757722e-17,mean_only,32,0.0,24,50256 3568 284 307 5365 16572 2162 881 588 257 1862 32593 326 468 407 587 5566 44699 422 8840 12751 764 770 743 1612 326 262 8434 5389 389 5365 14559,0.0,81.25494658583175,control_fixed_amplitude,5.941215179999745,6.392910369999754,OK,0,0.0,0.0
none," permission.


The world is a suburb of Manhattan. 


The world is a suburb of Manhattan. 


The world is a suburb of",7170 13 628 198 464 995 318 257 23200 286 13458 13 220 628 198 464 995 318 257 23200 286 13458 13 220 628 198 464 995 318 257 23200 286,0.8515471915110224,test:6e1fdeae2008bba6,0.0,0.0,0.0,0,0.0,0.0,no_edit,32,0.0,21,50256 530 287 543 262 2104 995 318 257 23200 286 13458 764 220 628 796 796 2547 5042 796 796 220 628 3582 286 262 2159 468 587 545 13939 1231,0.0,0.0,reference,6.189273885000148,6.610917286000131,OK,0,0.0,0.0
0.1," permission.


The world is a simulation of the real world.


The world is a simulation of the real world.


The world is a",7170 13 628 198 464 995 318 257 18640 286 262 1103 995 13 628 198 464 995 318 257 18640 286 262 1103 995 13 628 198 464 995 318 257,1.1524877297267075,test:6e1fdeae2008bba6,3.652004521074215,2.3129646346357427e-18,10.156868323228968,0,0.0,0.03343690718524814,decoder,32,9.35483870967742,23,50256 530 287 543 262 2104 995 318 257 23200 286 13458 764 220 628 796 796 2547 5042 796 796 220 628 3582 286 262 2159 468 587 545 13939 1231,0.0,10.156868323228968,actor,6.189591501999985,6.612724221999997,OK,0,0.8709677419354839,1.9031871700640959
0.1," permission.

The world is a simulation of the real world.

The world is a simulation of the real world.

The world is a",7170 13 198 198 464 995 318 257 18640 286 262 1103 995 13 198 198 464 995 318 257 18640 286 262 1103 995 13 198 198 464 995 318 257,1.1503831313323658,test:6e1fdeae2008bba6,9.34145581469122,2.544261098099317e-17,10.156868323228965,0,0.0,0.0339614305094567,encoder_grad,32,67.19354838709677,23,50256 530 287 543 262 2104 995 318 257 23200 286 13458 764 220 628 796 796 2547 5042 796 796 220 628 3582 286 262 2159 468 587 545 13939 1231,0.0,10.156868323228968,actor,6.3801384159996815,6.804677815999639,OK,0,1.0,4.248140019801788
0.1," permission.

The world is a suburb of Manhattan.

The world is a suburb of Manhattan.

The world is a suburb of Manhattan.",7170 13 198 198 464 995 318 257 23200 286 13458 13 198 198 464 995 318 257 23200 286 13458 13 198 198 464 995 318 257 23200 286 13458 13,0.7940293154736365,test:6e1fdeae2008bba6,1.7537928674861443,5.724587470723463e-17,10.15686832322897,0,0.0,0.02308844150462325,jacobian_ln,32,17.193548387096776,22,50256 530 287 543 262 2104 995 318 257 23200 286 13458 764 220 628 796 796 2547 5042 796 796 220 628 3582 286 262 2159 468 587 545 13939 1231,0.0,10.156868323228968,actor,7.248128079999788,8.179097122999792,OK,0,1.0,3.27905369016298
0.1," a doubt by the world's most famous and most famous actors. 


The world's most famous and most famous actors are all actors who have been in",257 4719 416 262 995 338 749 5863 290 749 5863 10544 13 220 628 198 464 995 338 749 5863 290 749 5863 10544 389 477 10544 508 423 587 287,1.5360864074313931,test:6e1fdeae2008bba6,3.599812238104541,8.0953762212251e-18,10.156868323228966,0,0.0,0.05724300777698091,diffmean,32,12.64516129032258,28,50256 530 287 543 262 2104 995 318 257 23200 286 13458 764 220 628 796 796 2547 5042 796 796 220 628 3582 286 262 2159 468 587 545 13939 1231,0.0,10.156868323228968,actor,5.97144471799993,6.392185452999911,OK,0,0.0,0.0
0.8," permission.


The world is a suburb of Manhattan. 


The world is a suburb of Manhattan. 


The world is a suburb of",7170 13 628 198 464 995 318 257 23200 286 13458 13 220 628 198 464 995 318 257 23200 286 13458 13 220 628 198 464 995 318 257 23200 286,0.8515471915110224,test:6e1fdeae2008bba6,1.4037709007046745e-13,2.9320353302699136,81.25494658583195,0,0.0,1.1093183507413447e-16,mean_only,32,0.0,21,50256 530 287 543 262 2104 995 318 257 23200 286 13458 764 220 628 796 796 2547 5042 796 796 220 628 3582 286 262 2159 468 587 545 13939 1231,0.0,81.25494658583175,control_fixed_amplitude,6.102672091999921,6.498361701000249,OK,0,0.0,0.0
none," performed using amines and hydrazines .

The use of amines and hydrazines in the treatment of prostate cancer has been reported to be associated",6157 1262 716 1127 290 7409 3247 1127 764 198 198 464 779 286 716 1127 290 7409 3247 1127 287 262 3513 286 26711 4890 468 587 2098 284 307 3917,1.0939684803821128,test:9a50e01cae39425c,0.0,0.0,0.0,0,0.0,0.0,no_edit,32,0.0,23,50256 7525 587 6157 1262 716 1127 290 7409 3247 1127 355 17751 2522 2915 764 9576 1178 16395 286 936 2645 515 13759 48686 284 6588 17751 2522 2915 423 587,0.0,0.0,reference,6.074019900000167,6.51454934100002,OK,0,0.0,0.0
0.1," performed using amines and hydrazines .

The use of amines and hydrazines in the treatment of cancer has been shown to be effective in",6157 1262 716 1127 290 7409 3247 1127 764 198 198 464 779 286 716 1127 290 7409 3247 1127 287 262 3513 286 4890 468 587 3402 284 307 4050 287,1.107550741419028,test:9a50e01cae39425c,3.4827468285774428,2.3129646346357427e-18,10.156868323228968,0,0.0,0.024924890188683102,decoder,32,8.580645161290322,23,50256 7525 587 6157 1262 716 1127 290 7409 3247 1127 355 17751 2522 2915 764 9576 1178 16395 286 936 2645 515 13759 48686 284 6588 17751 2522 2915 423 587,0.0,10.156868323228968,actor,6.387783547999788,6.907338419000098,OK,0,0.8387096774193549,1.1750702002454727
0.1," performed using amines and hydrazines .

The present study was performed using a modified version of the method described in the present study. The present study",6157 1262 716 1127 290 7409 3247 1127 764 198 198 464 1944 2050 373 6157 1262 257 9518 2196 286 262 2446 3417 287 262 1944 2050 13 383 1944 2050,1.4419783351707924,test:9a50e01cae39425c,9.070789457047775,2.544261098099317e-17,10.156868323228965,0,0.0,0.030824554598482122,encoder_grad,32,55.193548387096776,25,50256 7525 587 6157 1262 716 1127 290 7409 3247 1127 355 17751 2522 2915 764 9576 1178 16395 286 936 2645 515 13759 48686 284 6588 17751 2522 2915 423 587,0.0,10.156868323228968,actor,6.137873048000074,6.592834799000229,OK,0,0.967741935483871,3.4478149321129847
0.1," performed using amines and hydrazines .

The present study was performed using a modified version of the method described in the present study. The method was",6157 1262 716 1127 290 7409 3247 1127 764 198 198 464 1944 2050 373 6157 1262 257 9518 2196 286 262 2446 3417 287 262 1944 2050 13 383 2446 373,1.461879672221159,test:9a50e01cae39425c,1.55891205801495,7.054542135639015e-17,10.156868323228968,0,0.0,0.022314155568569857,jacobian_ln,32,13.838709677419354,25,50256 7525 587 6157 1262 716 1127 290 7409 3247 1127 355 17751 2522 2915 764 9576 1178 16395 286 936 2645 515 13759 48686 284 6588 17751 2522 2915 423 587,0.0,10.156868323228968,actor,6.993968867999683,7.937887325999782,OK,0,0.967741935483871,2.5235677145881454
0.1," reported. The most common nucleophilic transfer is to form a hydroxylated nitrogen atom, which is then transferred to a hydroxylated carbon",2098 13 383 749 2219 17751 2522 41896 4351 318 284 1296 257 7409 13907 2645 515 13759 8648 22037 11 543 318 788 11172 284 257 7409 13907 2645 515 6588,1.6293250789019806,test:9a50e01cae39425c,3.382454105948019,8.0953762212251e-18,10.156868323228966,0,0.0,0.04943991594618509,diffmean,32,8.225806451612904,21,50256 7525 587 6157 1262 716 1127 290 7409 3247 1127 355 17751 2522 2915 764 9576 1178 16395 286 936 2645 515 13759 48686 284 6588 17751 2522 2915 423 587,0.0,10.156868323228968,actor,6.285911974000101,6.705294546000005,OK,0,0.0,0.0
0.8," performed using amines and hydrazines .

The use of amines and hydrazines in the treatment of prostate cancer has been reported to be associated",6157 1262 716 1127 290 7409 3247 1127 764 198 198 464 779 286 716 1127 290 7409 3247 1127 287 262 3513 286 26711 4890 468 587 2098 284 307 3917,1.0939684803821128,test:9a50e01cae39425c,1.4299443959566217e-13,2.9320353302699136,81.25494658583195,0,0.0,-4.7858184377104086e-17,mean_only,32,0.0,23,50256 7525 587 6157 1262 716 1127 290 7409 3247 1127 355 17751 2522 2915 764 9576 1178 16395 286 936 2645 515 13759 48686 284 6588 17751 2522 2915 423 587,0.0,81.25494658583175,control_fixed_amplitude,6.235986757999854,6.683531398000014,OK,0,0.0,0.0
none," do so.

. Lesnar would defeat Big Show and entered the Royal Rumble as the # 29 entry , the second to do so. The Royal Rumble",466 523 13 198 198 13 11732 23955 561 7433 4403 5438 290 5982 262 8111 42888 355 262 1303 2808 5726 837 262 1218 284 466 523 13 383 8111 42888,0.3633676351731902,test:975a81a112453253,0.0,0.0,0.0,0,0.0,0.0,no_edit,32,0.0,23,50256 852 4624 656 262 8111 42888 1568 287 262 6180 764 11732 23955 561 7433 4403 5438 290 5982 262 8111 42888 355 262 1303 2808 5726 837 262 1218 284,0.0,0.0,reference,6.097205420000137,6.569617465999727,OK,0,0.12903225806451613,0.0
0.1," be placed into the Royal Rumble later in the evening .

. Lesnar would defeat Big Show and entered the Royal Rumble as the # 29 entry , the",307 4624 656 262 8111 42888 1568 287 262 6180 764 198 198 13 11732 23955 561 7433 4403 5438 290 5982 262 8111 42888 355 262 1303 2808 5726 837 262,0.3141279723027918,test:975a81a112453253,4.459924955056523,2.3129646346357427e-18,10.156868323228968,0,0.0,0.04727386888924018,decoder,32,12.96774193548387,24,50256 852 4624 656 262 8111 42888 1568 287 262 6180 764 11732 23955 561 7433 4403 5438 290 5982 262 8111 42888 355 262 1303 2808 5726 837 262 1218 284,0.0,10.156868323228968,actor,6.09223115299983,6.51235027499979,OK,0,0.967741935483871,4.907039002879313
0.1," be defeated by Big Show.

. Lesnar would defeat Big Show and entered the Royal Rumble as the # 29 entry , the second to be defeated by",307 9772 416 4403 5438 13 198 198 13 11732 23955 561 7433 4403 5438 290 5982 262 8111 42888 355 262 1303 2808 5726 837 262 1218 284 307 9772 416,0.410996610436831,test:975a81a112453253,10.578889828207583,2.544261098099317e-17,10.156868323228965,0,0.0,0.03867645048741328,encoder_grad,32,67.93548387096774,24,50256 852 4624 656 262 8111 42888 1568 287 262 6180 764 11732 23955 561 7433 4403 5438 290 5982 262 8111 42888 355 262 1303 2808 5726 837 262 1218 284,0.0,10.156868323228968,actor,6.16656485600015,6.611234516999957,OK,0,1.0,7.314569311599987
0.1," be placed into the Royal Rumble later in the evening .

. Lesnar would defeat Big Show and entered the Royal Rumble as the # 29 entry , the",307 4624 656 262 8111 42888 1568 287 262 6180 764 198 198 13 11732 23955 561 7433 4403 5438 290 5982 262 8111 42888 355 262 1303 2808 5726 837 262,0.3141279723027918,test:975a81a112453253,1.9015465150242954,6.591949208711867e-17,10.156868323228968,0,0.0,0.024242766776655666,jacobian_ln,32,16.548387096774192,24,50256 852 4624 656 262 8111 42888 1568 287 262 6180 764 11732 23955 561 7433 4403 5438 290 5982 262 8111 42888 355 262 1303 2808 5726 837 262 1218 284,0.0,10.156868323228968,actor,7.160289891000048,8.10627002299998,OK,0,1.0,5.962000278055505
0.1," do so.

. Lesnar would defeat Big Show and entered the Royal Rumble as the # 29 entry , the second to do so. The first time",466 523 13 198 198 13 11732 23955 561 7433 4403 5438 290 5982 262 8111 42888 355 262 1303 2808 5726 837 262 1218 284 466 523 13 383 717 640,0.4418280999805656,test:975a81a112453253,3.5899394496992323,8.0953762212251e-18,10.156868323228966,0,0.0,0.04206306370746116,diffmean,32,9.0,23,50256 852 4624 656 262 8111 42888 1568 287 262 6180 764 11732 23955 561 7433 4403 5438 290 5982 262 8111 42888 355 262 1303 2808 5726 837 262 1218 284,0.0,10.156868323228968,actor,6.073489220999818,6.5766239879999375,OK,0,0.16129032258064516,0.08704752871774155
0.8," do so.

. Lesnar would defeat Big Show and entered the Royal Rumble as the # 29 entry , the second to do so. The Royal Rumble",466 523 13 198 198 13 11732 23955 561 7433 4403 5438 290 5982 262 8111 42888 355 262 1303 2808 5726 837 262 1218 284 466 523 13 383 8111 42888,0.3633676351731902,test:975a81a112453253,1.3441172703176075e-13,2.9320353302699136,81.25494658583195,0,0.0,-1.4310029155119782e-17,mean_only,32,0.0,23,50256 852 4624 656 262 8111 42888 1568 287 262 6180 764 11732 23955 561 7433 4403 5438 290 5982 262 8111 42888 355 262 1303 2808 5726 837 262 1218 284,0.0,81.25494658583175,control_fixed_amplitude,6.143665716999749,6.54512726799976,OK,0,0.12903225806451613,1.3967321922703582e-15
none,", Germany, Italy, Spain, and the UK.

Earned $ 7 million in 12 countries for a total of $ 12 @. @ 1 million",11 4486 11 8031 11 8602 11 290 262 3482 13 198 198 49725 276 720 767 1510 287 1105 2678 329 257 2472 286 720 1105 2488 13 2488 352 1510,0.6481384839723805,test:5efb5138bb92ba4c,0.0,0.0,0.0,0,0.0,0.0,no_edit,32,0.0,15,50256 7366 720 767 1510 287 1105 2678 329 257 2472 286 720 1105 2488 13 31 352 1510 2354 2258 2253 764 1550 3945 604 837 1605 20774 26376 287 4881,0.0,0.0,reference,5.910491946000093,6.342278207000163,OK,0,0.0,0.0
0.1,", Germany, Italy, Spain, and the UK.

Earned $ 7 million in 12 countries for a total of $ 12 @. @ 1 million",11 4486 11 8031 11 8602 11 290 262 3482 13 198 198 49725 276 720 767 1510 287 1105 2678 329 257 2472 286 720 1105 2488 13 2488 352 1510,0.6481384839723805,test:5efb5138bb92ba4c,3.4036461014529475,2.3129646346357427e-18,10.156868323228968,0,0.0,0.026609453061399366,decoder,32,5.709677419354839,15,50256 7366 720 767 1510 287 1105 2678 329 257 2472 286 720 1105 2488 13 31 352 1510 2354 2258 2253 764 1550 3945 604 837 1605 20774 26376 287 4881,0.0,10.156868323228968,actor,6.593287485000019,7.042350404999979,OK,0,0.5161290322580645,0.8408223887696584
0.1,", Germany, Italy, Spain, and the UK.

Earned $ 7 million in 12 countries for a total of $ 12 @. @ 1 million",11 4486 11 8031 11 8602 11 290 262 3482 13 198 198 49725 276 720 767 1510 287 1105 2678 329 257 2472 286 720 1105 2488 13 2488 352 1510,0.6481384839723805,test:5efb5138bb92ba4c,7.840368808350525,2.544261098099317e-17,10.156868323228965,0,0.0,0.02276209950624295,encoder_grad,32,53.16129032258065,15,50256 7366 720 767 1510 287 1105 2678 329 257 2472 286 720 1105 2488 13 31 352 1510 2354 2258 2253 764 1550 3945 604 837 1605 20774 26376 287 4881,0.0,10.156868323228968,actor,6.065436241999578,6.473141997999846,OK,0,0.9354838709677419,2.7514483849582563
0.1,", Germany, Italy, Spain, and the UK.

. On February 4 , American Beauty debuted in France, Germany, Italy, Spain, and the",11 4486 11 8031 11 8602 11 290 262 3482 13 198 198 13 1550 3945 604 837 1605 20774 26376 287 4881 11 4486 11 8031 11 8602 11 290 262,0.5684341471055211,test:5efb5138bb92ba4c,1.5064183248119631,4.7994016168691665e-17,10.156868323228968,0,0.0,0.020599157275201504,jacobian_ln,32,15.258064516129032,18,50256 7366 720 767 1510 287 1105 2678 329 257 2472 286 720 1105 2488 13 31 352 1510 2354 2258 2253 764 1550 3945 604 837 1605 20774 26376 287 4881,0.0,10.156868323228968,actor,7.014418322999973,7.803728190000129,OK,0,0.9032258064516129,1.9493407065161974
0.1,", Germany, Italy, Spain, and the UK.

. On February 4 , American Beauty debuted in France, Germany, Italy, Spain, and the",11 4486 11 8031 11 8602 11 290 262 3482 13 198 198 13 1550 3945 604 837 1605 20774 26376 287 4881 11 4486 11 8031 11 8602 11 290 262,0.5684341471055211,test:5efb5138bb92ba4c,3.3017588304513814,8.0953762212251e-18,10.156868323228966,0,0.0,0.05934192814586321,diffmean,32,8.548387096774194,18,50256 7366 720 767 1510 287 1105 2678 329 257 2472 286 720 1105 2488 13 31 352 1510 2354 2258 2253 764 1550 3945 604 837 1605 20774 26376 287 4881,0.0,10.156868323228968,actor,6.291627997999967,6.735955282000305,OK,0,0.0,0.0
0.8,", Germany, Italy, Spain, and the UK.

Earned $ 7 million in 12 countries for a total of $ 12 @. @ 1 million",11 4486 11 8031 11 8602 11 290 262 3482 13 198 198 49725 276 720 767 1510 287 1105 2678 329 257 2472 286 720 1105 2488 13 2488 352 1510,0.6481384839723805,test:5efb5138bb92ba4c,1.276665778276246e-13,2.9320353302699136,81.25494658583195,0,0.0,2.402468347885802e-17,mean_only,32,0.0,15,50256 7366 720 767 1510 287 1105 2678 329 257 2472 286 720 1105 2488 13 31 352 1510 2354 2258 2253 764 1550 3945 604 837 1605 20774 26376 287 4881,0.0,81.25494658583175,control_fixed_amplitude,6.095652310999867,6.489594492999913,OK,0,0.0,0.0
none," which means ""water"" .

. Clara chooses the word "" , which means ""water"" . The Doctor tells Clara that he has a new name for",543 1724 366 7050 1 764 198 198 13 27443 19769 262 1573 366 837 543 1724 366 7050 1 764 383 9356 4952 27443 326 339 468 257 649 1438 329,1.1006043139508455,test:3e0157b1edcd0125,0.0,0.0,0.0,0,0.0,0.0,no_edit,32,0.0,21,50256 430 764 569 459 430 4952 27443 673 3011 691 530 1573 284 14947 262 9356 351 611 673 3382 465 1037 764 27443 19769 262 1573 366 41598 366 837,0.0,0.0,reference,6.021863721000045,6.52495911799997,OK,0,0.6129032258064516,0.0
0.1," which is a reference to the water in the Doctor's garden.

. Clara chooses the word "" , which is a reference to the water in the Doctor",543 318 257 4941 284 262 1660 287 262 9356 338 11376 13 198 198 13 27443 19769 262 1573 366 837 543 318 257 4941 284 262 1660 287 262 9356,0.7903603318099635,test:3e0157b1edcd0125,5.793107542823793,2.3129646346357427e-18,10.156868323228968,0,0.0,0.04161812506054855,decoder,32,17.93548387096774,26,50256 430 764 569 459 430 4952 27443 673 3011 691 530 1573 284 14947 262 9356 351 611 673 3382 465 1037 764 27443 19769 262 1573 366 41598 366 837,0.0,10.156868323228968,actor,6.19728631199996,6.639444264999838,OK,0,0.9032258064516129,6.090460464656792
0.1," which is a reference to the water in the Doctor's garden.

. Clara chooses the word "" , which is a reference to the water in the Doctor",543 318 257 4941 284 262 1660 287 262 9356 338 11376 13 198 198 13 27443 19769 262 1573 366 837 543 318 257 4941 284 262 1660 287 262 9356,0.7903603318099635,test:3e0157b1edcd0125,11.305906854060302,2.544261098099317e-17,10.156868323228965,0,0.0,0.042691190986084905,encoder_grad,32,74.7741935483871,26,50256 430 764 569 459 430 4952 27443 673 3011 691 530 1573 284 14947 262 9356 351 611 673 3382 465 1037 764 27443 19769 262 1573 366 41598 366 837,0.0,10.156868323228968,actor,6.179895298000247,6.641799987000013,OK,0,0.967741935483871,8.365249873718842
0.1," which means ""water"" .

. Clara chooses the word "" , which means ""water"" . The Doctor tells Clara that he has a new name for",543 1724 366 7050 1 764 198 198 13 27443 19769 262 1573 366 837 543 1724 366 7050 1 764 383 9356 4952 27443 326 339 468 257 649 1438 329,1.1006043139508455,test:3e0157b1edcd0125,1.7896160080703485,5.955883934187038e-17,10.156868323228968,0,0.0,0.020558825303708284,jacobian_ln,32,15.451612903225806,21,50256 430 764 569 459 430 4952 27443 673 3011 691 530 1573 284 14947 262 9356 351 611 673 3382 465 1037 764 27443 19769 262 1573 366 41598 366 837,0.0,10.156868323228968,actor,7.10603134899975,8.029086944000028,OK,0,0.9354838709677419,6.8000859303702805
0.1," which is a reference to the planet's water.

. Clara chooses the word "" , which is a reference to the planet's water. The Doctor is",543 318 257 4941 284 262 5440 338 1660 13 198 198 13 27443 19769 262 1573 366 837 543 318 257 4941 284 262 5440 338 1660 13 383 9356 318,0.9271849770167263,test:3e0157b1edcd0125,3.6290122241233895,8.0953762212251e-18,10.156868323228966,2,0.0625,0.029572477191000483,diffmean,32,10.903225806451612,25,50256 430 764 569 459 430 4952 27443 673 3011 691 530 1573 284 14947 262 9356 351 611 673 3382 465 1037 764 27443 19769 262 1573 366 41598 366 837,0.08,10.156868323228968,actor,5.917886710999937,6.34685925399981,OK,1,0.6451612903225806,0.3472218338647576
0.8," which means ""water"" .

. Clara chooses the word "" , which means ""water"" . The Doctor tells Clara that he has a new name for",543 1724 366 7050 1 764 198 198 13 27443 19769 262 1573 366 837 543 1724 366 7050 1 764 383 9356 4952 27443 326 339 468 257 649 1438 329,1.1006043139508455,test:3e0157b1edcd0125,1.3436027341546566e-13,2.9320353302699136,81.25494658583195,0,0.0,1.23156551143222e-16,mean_only,32,0.0,21,50256 430 764 569 459 430 4952 27443 673 3011 691 530 1573 284 14947 262 9356 351 611 673 3382 465 1037 764 27443 19769 262 1573 366 41598 366 837,0.0,81.25494658583175,control_fixed_amplitude,6.3378040249999685,6.8551378789998125,OK,0,0.6129032258064516,6.303201688194437e-15
none," organization. The operation was performed by Dr. Frileck, who was a member of the International Medical Association (IMA) and the International Society of Plastic Sur",4009 13 383 4905 373 6157 416 1583 13 19480 40667 11 508 373 257 2888 286 262 4037 8366 5396 357 3955 32 8 290 262 4037 7023 286 33731 4198,1.570923049592619,test:f21a9788b41c6b11,0.0,0.0,0.0,0,0.0,0.0,no_edit,32,0.0,25,50256 5652 2488 12 31 1912 7309 23923 837 1583 14167 19480 40667 764 8366 6133 3626 373 6793 284 5828 287 6303 837 416 13349 14053 287 17856 351 28905 8259,0.0,0.0,reference,6.019882212000084,6.456407397000021,OK,0,0.0,0.0
0.1," organization.

The first patient was a young woman named Angelina, who was born in Mexico City, and was given a plastic surgery procedure. She was",4009 13 198 198 464 717 5827 373 257 1862 2415 3706 3905 1437 11 508 373 4642 287 5828 2254 11 290 373 1813 257 7309 8185 8771 13 1375 373,2.0953431064579164,test:f21a9788b41c6b11,3.5211400420858836,2.3129646346357427e-18,10.156868323228968,0,0.0,0.027531427980076087,decoder,32,10.935483870967742,25,50256 5652 2488 12 31 1912 7309 23923 837 1583 14167 19480 40667 764 8366 6133 3626 373 6793 284 5828 287 6303 837 416 13349 14053 287 17856 351 28905 8259,0.0,10.156868323228968,actor,6.051978914999836,6.479193751999901,OK,0,0.8387096774193549,2.100720359758781
0.1," organization.

The first patient was a young woman who was suffering from a severe case of cancer. She was given a plastic surgery and was given a plastic",4009 13 198 198 464 717 5827 373 257 1862 2415 508 373 7195 422 257 6049 1339 286 4890 13 1375 373 1813 257 7309 8185 290 373 1813 257 7309,2.0597986166929205,test:f21a9788b41c6b11,9.073913484343393,2.544261098099317e-17,10.156868323228965,0,0.0,0.02653082605251266,encoder_grad,32,66.41935483870968,28,50256 5652 2488 12 31 1912 7309 23923 837 1583 14167 19480 40667 764 8366 6133 3626 373 6793 284 5828 287 6303 837 416 13349 14053 287 17856 351 28905 8259,0.0,10.156868323228968,actor,6.015795702000105,6.469195084000148,OK,0,1.0,4.389379557677974
0.1," organization.

The first patient was a young woman who had been diagnosed with cancer. She was given a plastic surgery and was given a plastic surgery. She",4009 13 198 198 464 717 5827 373 257 1862 2415 508 550 587 14641 351 4890 13 1375 373 1813 257 7309 8185 290 373 1813 257 7309 8185 13 1375,2.0168897098076255,test:f21a9788b41c6b11,1.5177016646722756,5.4643789493269423e-17,10.156868323228968,0,0.0,0.022519284996036663,jacobian_ln,32,16.387096774193548,27,50256 5652 2488 12 31 1912 7309 23923 837 1583 14167 19480 40667 764 8366 6133 3626 373 6793 284 5828 287 6303 837 416 13349 14053 287 17856 351 28905 8259,0.0,10.156868323228968,actor,7.090162939000038,8.023663479999868,OK,0,0.967741935483871,3.3979781442864776
0.1," agency.

The first patient was a young girl who was born with a congenital heart defect. She was given a pacemaker and a pacemaker implant",4086 13 198 198 464 717 5827 373 257 1862 2576 508 373 4642 351 257 41174 1287 2612 11855 13 1375 373 1813 257 23503 32174 290 257 23503 32174 29016,1.8430409918253228,test:f21a9788b41c6b11,3.4699340613573693,8.0953762212251e-18,10.156868323228966,0,0.0,0.059173514704558214,diffmean,32,7.548387096774194,25,50256 5652 2488 12 31 1912 7309 23923 837 1583 14167 19480 40667 764 8366 6133 3626 373 6793 284 5828 287 6303 837 416 13349 14053 287 17856 351 28905 8259,0.0,10.156868323228968,actor,6.177810610000051,6.63813600200001,OK,0,0.0,0.0
0.8," organization. The operation was performed by Dr. Frileck, who was a member of the International Medical Association (IMA) and the International Society of Plastic Sur",4009 13 383 4905 373 6157 416 1583 13 19480 40667 11 508 373 257 2888 286 262 4037 8366 5396 357 3955 32 8 290 262 4037 7023 286 33731 4198,1.570923049592619,test:f21a9788b41c6b11,1.4149319802483698e-13,2.9320353302699136,81.25494658583195,0,0.0,-7.052253067895314e-18,mean_only,32,0.0,25,50256 5652 2488 12 31 1912 7309 23923 837 1583 14167 19480 40667 764 8366 6133 3626 373 6793 284 5828 287 6303 837 416 13349 14053 287 17856 351 28905 8259,0.0,81.25494658583175,control_fixed_amplitude,5.954406071999983,6.379694190000009,OK,0,0.0,0.0
none, and the British were prepared to take the British out. The British were not prepared to risk their own lives and were prepared to take the British out. The British,290 262 3517 547 5597 284 1011 262 3517 503 13 383 3517 547 407 5597 284 2526 511 898 3160 290 547 5597 284 1011 262 3517 503 13 383 3517,1.8530275723083056,test:b7098dfe72b9da39,0.0,0.0,0.0,0,0.0,0.0,no_edit,32,0.0,30,50256 29721 1058 16236 784 23234 796 796 220 628 383 4631 1625 832 262 1175 5365 28594 35932 475 837 1813 663 10039 6817 837 4486 925 3352 284 8006 47403,0.0,0.0,reference,6.383052502999817,6.819940958999723,OK,0,0.0,0.0
0.1, and the British were forced to retreat. The British were forced to retreat and the Rock was captured by the Germans. The Rock was captured by the Germans. The,290 262 3517 547 4137 284 13703 13 383 3517 547 4137 284 13703 290 262 4631 373 7907 416 262 16064 13 383 4631 373 7907 416 262 16064 13 383,1.6765140021463516,test:b7098dfe72b9da39,4.082383951334814,2.3129646346357427e-18,10.156868323228968,0,0.0,0.03007881010919823,decoder,32,11.548387096774194,29,50256 29721 1058 16236 784 23234 796 796 220 628 383 4631 1625 832 262 1175 5365 28594 35932 475 837 1813 663 10039 6817 837 4486 925 3352 284 8006 47403,0.0,10.156868323228968,actor,6.132918601000256,6.579659446000278,OK,0,0.8709677419354839,2.1902899280879904
0.1, and the British were prepared to take the island. The British were not prepared to accept the surrender of Gibraltar and the British were prepared to take the island. The,290 262 3517 547 5597 284 1011 262 7022 13 383 3517 547 407 5597 284 2453 262 16908 286 47403 290 262 3517 547 5597 284 1011 262 7022 13 383,1.8290517357047906,test:b7098dfe72b9da39,9.890746361638294,2.544261098099317e-17,10.156868323228965,0,0.0,0.024486610199853057,encoder_grad,32,68.87096774193549,30,50256 29721 1058 16236 784 23234 796 796 220 628 383 4631 1625 832 262 1175 5365 28594 35932 475 837 1813 663 10039 6817 837 4486 925 3352 284 8006 47403,0.0,10.156868323228968,actor,6.06540196900005,6.518625280999913,OK,0,0.967741935483871,4.445006959779932
0.1, and the British were prepared to take the island. The British were not prepared to risk their own lives and were prepared to take the island. The British were prepared,290 262 3517 547 5597 284 1011 262 7022 13 383 3517 547 407 5597 284 2526 511 898 3160 290 547 5597 284 1011 262 7022 13 383 3517 547 5597,1.9161171930735024,test:b7098dfe72b9da39,1.917822929487314,6.331740687315346e-17,10.156868323228968,0,0.0,0.0155684276465417,jacobian_ln,32,17.06451612903226,30,50256 29721 1058 16236 784 23234 796 796 220 628 383 4631 1625 832 262 1175 5365 28594 35932 475 837 1813 663 10039 6817 837 4486 925 3352 284 8006 47403,0.0,10.156868323228968,actor,7.232719029999771,8.172757079999883,OK,0,0.967741935483871,3.111903350052143
0.1, and the British were ready to take it. The Rock was a very good ship and was a very good ship. It was a very good ship. It was,290 262 3517 547 3492 284 1011 340 13 383 4631 373 257 845 922 4074 290 373 257 845 922 4074 13 632 373 257 845 922 4074 13 632 373,2.0031436556380755,test:b7098dfe72b9da39,4.060562615523244,8.0953762212251e-18,10.156868323228966,0,0.0,0.05713370997996556,diffmean,32,7.354838709677419,29,50256 29721 1058 16236 784 23234 796 796 220 628 383 4631 1625 832 262 1175 5365 28594 35932 475 837 1813 663 10039 6817 837 4486 925 3352 284 8006 47403,0.0,10.156868323228968,actor,6.000364697999885,6.453441632000249,OK,0,0.0,0.0
0.8, and the British were prepared to take the British out. The British were not prepared to risk their own lives and were prepared to take the British out. The British,290 262 3517 547 5597 284 1011 262 3517 503 13 383 3517 547 407 5597 284 2526 511 898 3160 290 547 5597 284 1011 262 3517 503 13 383 3517,1.8530275723083056,test:b7098dfe72b9da39,1.4487692583928934e-13,2.9320353302699136,81.25494658583195,0,0.0,-1.4926542259006294e-17,mean_only,32,0.0,30,50256 29721 1058 16236 784 23234 796 796 220 628 383 4631 1625 832 262 1175 5365 28594 35932 475 837 1813 663 10039 6817 837 4486 925 3352 284 8006 47403,0.0,81.25494658583175,control_fixed_amplitude,6.055455341000197,6.47946839899987,OK,0,0.0,0.0
none,". said that he was ""very impressed"" with the song "" The Last Man "" by the band.

"" he said "" it sounds like what Nickel",13 531 326 339 373 366 548 12617 1 351 262 3496 366 383 4586 1869 366 416 262 4097 13 198 198 1 339 531 366 340 5238 588 644 38398,1.5994819213011926,test:659e9256d60de113,0.0,0.0,0.0,0,0.0,0.0,no_edit,32,0.0,22,50256 6548 6894 366 339 531 366 340 5238 588 644 38398 1891 714 307 611 19800 30088 11893 714 3551 257 922 32859 366 764 554 465 2423 837 19800 347,0.0,0.0,reference,6.112616671000069,6.608069307999813,OK,0,0.0,0.0
0.1,". says that he's ""not sure what he's going to do with the song, but he's going to write it and then he'll be like,",13 1139 326 339 338 366 1662 1654 644 339 338 1016 284 466 351 262 3496 11 475 339 338 1016 284 3551 340 290 788 339 1183 307 588 11,1.701771704848135,test:659e9256d60de113,3.6588177232101833,2.3129646346357427e-18,10.156868323228968,0,0.0,0.03618073433620738,decoder,32,9.129032258064516,28,50256 6548 6894 366 339 531 366 340 5238 588 644 38398 1891 714 307 611 19800 30088 11893 714 3551 257 922 32859 366 764 554 465 2423 837 19800 347,0.0,10.156868323228968,actor,6.045771238999805,6.474942438000198,OK,0,0.7419354838709677,1.9711083821856146
0.1,". Kroeger wrote, ""I'm not sure if I can write a good melody for a song, but I can write a good melody for a song.",13 30088 11893 2630 11 366 40 1101 407 1654 611 314 460 3551 257 922 32859 329 257 3496 11 475 314 460 3551 257 922 32859 329 257 3496 13,1.2361720402809617,test:659e9256d60de113,8.836243079474306,2.544261098099317e-17,10.156868323228965,0,0.0,0.02888587084335647,encoder_grad,32,52.12903225806452,26,50256 6548 6894 366 339 531 366 340 5238 588 644 38398 1891 714 307 611 19800 30088 11893 714 3551 257 922 32859 366 764 554 465 2423 837 19800 347,0.0,10.156868323228968,actor,5.94565198500004,6.391053465999903,OK,0,0.9354838709677419,4.046763770617442
0.1,". said that he was ""very impressed"" with the song "" The Last Time "" by the band.

"" by the band. In his review ,",13 531 326 339 373 366 548 12617 1 351 262 3496 366 383 4586 3862 366 416 262 4097 13 198 198 1 416 262 4097 13 554 465 2423 837,1.6124440697378124,test:659e9256d60de113,1.6171649179101564,5.695675412790517e-17,10.156868323228968,0,0.0,0.021457193084188232,jacobian_ln,32,15.387096774193548,21,50256 6548 6894 366 339 531 366 340 5238 588 644 38398 1891 714 307 611 19800 30088 11893 714 3551 257 922 32859 366 764 554 465 2423 837 19800 347,0.0,10.156868323228968,actor,6.924043450999761,7.7509618019998925,OK,0,0.9032258064516129,3.14550527224143
0.1,". Kroeger wrote, "" I'm not sure if I can write a good melody for a song, but I can write a good melody for a song.",13 30088 11893 2630 11 366 314 1101 407 1654 611 314 460 3551 257 922 32859 329 257 3496 11 475 314 460 3551 257 922 32859 329 257 3496 13,1.2439738423381053,test:659e9256d60de113,3.7750698589262783,8.0953762212251e-18,10.156868323228966,0,0.0,0.03637789741440328,diffmean,32,12.096774193548388,26,50256 6548 6894 366 339 531 366 340 5238 588 644 38398 1891 714 307 611 19800 30088 11893 714 3551 257 922 32859 366 764 554 465 2423 837 19800 347,0.0,10.156868323228968,actor,5.97571305800011,6.422571762000189,OK,0,0.0,0.0
0.8,". said that he was ""very impressed"" with the song "" The Last Man "" by the band.

"" he said "" it sounds like what Nickel",13 531 326 339 373 366 548 12617 1 351 262 3496 366 383 4586 1869 366 416 262 4097 13 198 198 1 339 531 366 340 5238 588 644 38398,1.5994819213011926,test:659e9256d60de113,1.4102975463211496e-13,2.9320353302699136,81.25494658583195,0,0.0,-7.040541951520508e-17,mean_only,32,0.0,22,50256 6548 6894 366 339 531 366 340 5238 588 644 38398 1891 714 307 611 19800 30088 11893 714 3551 257 922 32859 366 764 554 465 2423 837 19800 347,0.0,81.25494658583175,control_fixed_amplitude,6.126777586000117,6.562058088000413,OK,0,0.0,0.0
